filename,local_path_windows,image_type,classifier_split,source_photo_key,role_for_detector,has_boxed_twin,twin_condition,name_match,boxed_already
aug_184_acne-open-comedo-37.jpg,C:/Users/Bautista/Downloads/PrecisionSkin/Classes/Acne/aug_184_acne-open-comedo-37.jpg,close_up_facial,train,aug_184_acne-open-comedo-37.jpg,pseudo-label + correct (training),True,Acne,False,True
upscaled_1414_png.rf.49d4bb92f0628e7fb699043dd383a752.jpg,C:/Users/Bautista/Downloads/PrecisionSkin/Classes/Acne/upscaled_1414_png.rf.49d4bb92f0628e7fb699043dd383a752.jpg,close_up_facial,train,upscaled_1414_png,pseudo-label + correct (training),False,,False,False
acne-4.png,C:/Users/Bautista/Downloads/PrecisionSkin/Classes/Acne/acne-4.png,partial_face,train,acne-4.png,pseudo-label + correct (training),False,,True,True
pigmentation_0_108_0_7048.jpeg,C:/Users/Bautista/Downloads/PrecisionSkin/Classes/Acne/pigmentation_0_108_0_7048.jpeg,partial_face,train,pigmentation_0_108_0_7048.jpeg,pseudo-label + correct (training),False,,False,False
17a4d1a917e5faa9f2675ebd83e52679_jpg.rf.e59368f2823a41c14b52f43b97b5a89c.jpg,C:/Users/Bautista/Downloads/PrecisionSkin/Classes/Acne/17a4d1a917e5faa9f2675ebd83e52679_jpg.rf.e59368f2823a41c14b52f43b97b5a89c.jpg,partial_face,train,17a4d1a917e5faa9f2675ebd83e52679_jpg,pseudo-label + correct (training),False,,False,False
Acne_393.jpg,C:/Users/Bautista/Downloads/PrecisionSkin/Classes/Acne/Acne_393.jpg,close_up_facial,train,acne_393.jpg,pseudo-label + correct (training),False,,False,False
upscaled_70_png.rf.b3ef59a2edfa35ea4a6d55166ccddc52.jpg,C:/Users/Bautista/Downloads/PrecisionSkin/Classes/Acne/upscaled_70_png.rf.b3ef59a2edfa35ea4a6d55166ccddc52.jpg,close_up_facial,train,upscaled_70_png,pseudo-label + correct (training),False,,False,False
acne11.png,C:/Users/Bautista/Downloads/PrecisionSkin/Classes/Acne/acne11.png,partial_face,train,acne11.png,pseudo-label + correct (training),True,Acne,False,True
Acne_224.jpg,C:/Users/Bautista/Downloads/PrecisionSkin/Classes/Acne/Acne_224.jpg,close_up_facial,train,acne_224.jpg,pseudo-label + correct (training),False,,False,False
upscaled_1880_png.rf.26b89a12510fb8a39f9c04ae26507ef5.jpg,C:/Users/Bautista/Downloads/PrecisionSkin/Classes/Acne/upscaled_1880_png.rf.26b89a12510fb8a39f9c04ae26507ef5.jpg,close_up_facial,train,upscaled_1880_png,pseudo-label + correct (training),False,,False,False
upscaled_1434_png.rf.1710777caa09c8a2fb0285ca38fafa43.jpg,C:/Users/Bautista/Downloads/PrecisionSkin/Classes/Acne/upscaled_1434_png.rf.1710777caa09c8a2fb0285ca38fafa43.jpg,close_up_facial,train,upscaled_1434_png,pseudo-label + correct (training),False,,False,False
gallery_174730_14272_301089_jpg.rf.31544ff8762c20868aa540f1dc278047.jpg,C:/Users/Bautista/Downloads/PrecisionSkin/Classes/Acne/gallery_174730_14272_301089_jpg.rf.31544ff8762c20868aa540f1dc278047.jpg,close_up_facial,train,gallery_174730_14272_301089_jpg,pseudo-label + correct (training),False,,False,False
pigmentation_0_789.jpeg,C:/Users/Bautista/Downloads/PrecisionSkin/Classes/Acne/pigmentation_0_789.jpeg,close_up_facial,train,pigmentation_0_789.jpeg,pseudo-label + correct (training),False,,False,False
Acne_116.jpg,C:/Users/Bautista/Downloads/PrecisionSkin/Classes/Acne/Acne_116.jpg,close_up_facial,train,acne_116.jpg,pseudo-label + correct (training),False,,False,False
aug_164_pigmentation_0_178.jpeg,C:/Users/Bautista/Downloads/PrecisionSkin/Classes/Acne/aug_164_pigmentation_0_178.jpeg,partial_face,train,aug_164_pigmentation_0_178.jpeg,pseudo-label + correct (training),False,,False,False
upscaled_2549_png.rf.398f4e53a8f93f29c23de63bb68a0952.jpg,C:/Users/Bautista/Downloads/PrecisionSkin/Classes/Acne/upscaled_2549_png.rf.398f4e53a8f93f29c23de63bb68a0952.jpg,close_up_facial,train,upscaled_2549_png,pseudo-label + correct (training),False,,False,False
upscaled_1714_png.rf.1e314c4f0fba474b62057c08ab4b28b2.jpg,C:/Users/Bautista/Downloads/PrecisionSkin/Classes/Acne/upscaled_1714_png.rf.1e314c4f0fba474b62057c08ab4b28b2.jpg,close_up_facial,train,upscaled_1714_png,pseudo-label + correct (training),False,,False,False
aug_20_acne-face-35__ProtectWyJQcm90ZWN0Il0_FocusFillWzI5NCwyMjIsIngiLDFd.jpeg,C:/Users/Bautista/Downloads/PrecisionSkin/Classes/Acne/aug_20_acne-face-35__ProtectWyJQcm90ZWN0Il0_FocusFillWzI5NCwyMjIsIngiLDFd.jpeg,close_up_facial,train,aug_20_acne-face-35__protectwyjqcm90zwn0il0_focusfillwzi5ncwymjisingildfd.jpeg,pseudo-label + correct (training),True,Acne,False,True
8709319601522217028.png,C:/Users/Bautista/Downloads/PrecisionSkin/Classes/Acne/8709319601522217028.png,partial_face,train,8709319601522217028.png,pseudo-label + correct (training),False,,False,False
aug_315_img_4942.png,C:/Users/Bautista/Downloads/PrecisionSkin/Classes/Acne/aug_315_img_4942.png,partial_face,train,aug_315_img_4942.png,pseudo-label + correct (training),False,,False,False
pigmentation_0_7940_jpeg.rf.0d8c1f16f595313be6a017bdf5a866a2.jpg,C:/Users/Bautista/Downloads/PrecisionSkin/Classes/Acne/pigmentation_0_7940_jpeg.rf.0d8c1f16f595313be6a017bdf5a866a2.jpg,close_up_facial,train,pigmentation_0_7940_jpeg,pseudo-label + correct (training),False,,False,False
32212176-8650569-image-a-10_15980021426351_jpg.rf.050e01aef9ff9cc250fe1f40f8c5743b.jpg,C:/Users/Bautista/Downloads/PrecisionSkin/Classes/Acne/32212176-8650569-image-a-10_15980021426351_jpg.rf.050e01aef9ff9cc250fe1f40f8c5743b.jpg,full_face,train,32212176-8650569-image-a-10_15980021426351_jpg,pseudo-label + correct (training),False,,False,False
acne-cystic-39_jpg.rf.a8dd3c7ae51a3707c6a73180effdb965.jpg,C:/Users/Bautista/Downloads/PrecisionSkin/Classes/Acne/acne-cystic-39_jpg.rf.a8dd3c7ae51a3707c6a73180effdb965.jpg,close_up_facial,train,acne-cystic-39_jpg,pseudo-label + correct (training),False,,False,False
upscaled_97_png.rf.2cee724ee6c7cbb9f08428d4dee6c458.jpg,C:/Users/Bautista/Downloads/PrecisionSkin/Classes/Acne/upscaled_97_png.rf.2cee724ee6c7cbb9f08428d4dee6c458.jpg,close_up_facial,train,upscaled_97_png,pseudo-label + correct (training),False,,False,False
upscaled_2265_png.rf.1ec78bbb4f4d09884e2e70c6ee5d70a3.jpg,C:/Users/Bautista/Downloads/PrecisionSkin/Classes/Acne/upscaled_2265_png.rf.1ec78bbb4f4d09884e2e70c6ee5d70a3.jpg,close_up_facial,train,upscaled_2265_png,pseudo-label + correct (training),False,,False,False
54312660410496530.png,C:/Users/Bautista/Downloads/PrecisionSkin/Classes/Acne/54312660410496530.png,partial_face,train,54312660410496530.png,pseudo-label + correct (training),False,,False,False
upscaled_1772_png.rf.1743de79196b4f909c05bb816a733646.jpg,C:/Users/Bautista/Downloads/PrecisionSkin/Classes/Acne/upscaled_1772_png.rf.1743de79196b4f909c05bb816a733646.jpg,partial_face,train,upscaled_1772_png,pseudo-label + correct (training),False,,False,False
aug_362_acne-face-6__ProtectWyJQcm90ZWN0Il0_FocusFillWzI5NCwyMjIsIngiLDFd.jpeg,C:/Users/Bautista/Downloads/PrecisionSkin/Classes/Acne/aug_362_acne-face-6__ProtectWyJQcm90ZWN0Il0_FocusFillWzI5NCwyMjIsIngiLDFd.jpeg,close_up_facial,train,aug_362_acne-face-6__protectwyjqcm90zwn0il0_focusfillwzi5ncwymjisingildfd.jpeg,pseudo-label + correct (training),False,,False,False
upscaled_1663_png.rf.4849ee24cee16e91b3e79dbb98544585.jpg,C:/Users/Bautista/Downloads/PrecisionSkin/Classes/Acne/upscaled_1663_png.rf.4849ee24cee16e91b3e79dbb98544585.jpg,close_up_facial,train,upscaled_1663_png,pseudo-label + correct (training),False,,False,False
aug_0_8339.jpg,C:/Users/Bautista/Downloads/PrecisionSkin/Classes/Acne/aug_0_8339.jpg,close_up_facial,train,aug_0_8339.jpg,pseudo-label + correct (training),False,,False,False
upscaled_1048_png.rf.96ea326c2f6d285b73527841971f4457.jpg,C:/Users/Bautista/Downloads/PrecisionSkin/Classes/Acne/upscaled_1048_png.rf.96ea326c2f6d285b73527841971f4457.jpg,close_up_facial,train,upscaled_1048_png,pseudo-label + correct (training),False,,False,False
Acne_34.jpg,C:/Users/Bautista/Downloads/PrecisionSkin/Classes/Acne/Acne_34.jpg,close_up_facial,train,acne_34.jpg,pseudo-label + correct (training),False,,False,False
pvhhnuftvjp31.png,C:/Users/Bautista/Downloads/PrecisionSkin/Classes/Acne/pvhhnuftvjp31.png,partial_face,train,pvhhnuftvjp31.png,pseudo-label + correct (training),False,,False,False
upscaled_2497_png.rf.3cba84ea10bc3ee26bfa32dc98e4a794.jpg,C:/Users/Bautista/Downloads/PrecisionSkin/Classes/Acne/upscaled_2497_png.rf.3cba84ea10bc3ee26bfa32dc98e4a794.jpg,close_up_facial,train,upscaled_2497_png,pseudo-label + correct (training),False,,False,False
aug_151_acne-closed-comedo-21 - Copy.jpg,C:/Users/Bautista/Downloads/PrecisionSkin/Classes/Acne/aug_151_acne-closed-comedo-21 - Copy.jpg,close_up_facial,train,aug_151_acne-closed-comedo-21 - copy.jpg,pseudo-label + correct (training),False,,False,False
a4adb9e50d8636f5ec9ce65269dd92f7_jpg.rf.cad5cf762cdf6330cedfbf8a0fc28bbc.jpg,C:/Users/Bautista/Downloads/PrecisionSkin/Classes/Acne/a4adb9e50d8636f5ec9ce65269dd92f7_jpg.rf.cad5cf762cdf6330cedfbf8a0fc28bbc.jpg,close_up_facial,train,a4adb9e50d8636f5ec9ce65269dd92f7_jpg,pseudo-label + correct (training),False,,False,False
acnemi01b580b8_1414229-860x573_jpg.rf.63bee1cb7f59f89c7ce6e05b24e5fe1a.jpg,C:/Users/Bautista/Downloads/PrecisionSkin/Classes/Acne/acnemi01b580b8_1414229-860x573_jpg.rf.63bee1cb7f59f89c7ce6e05b24e5fe1a.jpg,close_up_facial,train,acnemi01b580b8_1414229-860x573_jpg,pseudo-label + correct (training),False,,False,False
aug_0_8481.jpg,C:/Users/Bautista/Downloads/PrecisionSkin/Classes/Acne/aug_0_8481.jpg,close_up_facial,train,aug_0_8481.jpg,pseudo-label + correct (training),False,,False,False
Acne_100.jpg,C:/Users/Bautista/Downloads/PrecisionSkin/Classes/Acne/Acne_100.jpg,close_up_facial,train,acne_100.jpg,pseudo-label + correct (training),False,,False,False
Acne_246.jpg,C:/Users/Bautista/Downloads/PrecisionSkin/Classes/Acne/Acne_246.jpg,close_up_facial,train,acne_246.jpg,pseudo-label + correct (training),False,,False,False
4869DD4600000578-0-image-a-8_1516564527722_jpg.rf.eb4cc3c37daf0602a528a1a264d96a3c.jpg,C:/Users/Bautista/Downloads/PrecisionSkin/Classes/Acne/4869DD4600000578-0-image-a-8_1516564527722_jpg.rf.eb4cc3c37daf0602a528a1a264d96a3c.jpg,partial_face,train,4869dd4600000578-0-image-a-8_1516564527722_jpg,pseudo-label + correct (training),False,,False,False
pigmentation_0_1893.jpeg,C:/Users/Bautista/Downloads/PrecisionSkin/Classes/Acne/pigmentation_0_1893.jpeg,partial_face,train,pigmentation_0_1893.jpeg,pseudo-label + correct (training),False,,False,False
aug_8_acne-pustular-42.jpg,C:/Users/Bautista/Downloads/PrecisionSkin/Classes/Acne/aug_8_acne-pustular-42.jpg,full_face,train,aug_8_acne-pustular-42.jpg,pseudo-label + correct (training),True,Acne,False,True
acne96.png,C:/Users/Bautista/Downloads/PrecisionSkin/Classes/Acne/acne96.png,partial_face,train,acne96.png,pseudo-label + correct (training),False,,False,False
acne-face-49__ProtectWyJQcm90ZWN0Il0_FocusFillWzI5NCwyMjIsIngiLDFd_jpg.rf.a69f9d028c1fe61b328b4fe2630ea993.jpg,C:/Users/Bautista/Downloads/PrecisionSkin/Classes/Acne/acne-face-49__ProtectWyJQcm90ZWN0Il0_FocusFillWzI5NCwyMjIsIngiLDFd_jpg.rf.a69f9d028c1fe61b328b4fe2630ea993.jpg,close_up_facial,train,acne-face-49__protectwyjqcm90zwn0il0_focusfillwzi5ncwymjisingildfd_jpg,pseudo-label + correct (training),False,,False,False
pigmentation_0_1724.jpeg,C:/Users/Bautista/Downloads/PrecisionSkin/Classes/Acne/pigmentation_0_1724.jpeg,partial_face,train,pigmentation_0_1724.jpeg,pseudo-label + correct (training),False,,False,False
upscaled_119_png.rf.9ee76737e7b05a383d0c6c967639ff71.jpg,C:/Users/Bautista/Downloads/PrecisionSkin/Classes/Acne/upscaled_119_png.rf.9ee76737e7b05a383d0c6c967639ff71.jpg,close_up_facial,train,upscaled_119_png,pseudo-label + correct (training),False,,False,False
pigmentation_0_1876_jpeg.rf.68b53dbd5d999874378daee53a749c5e.jpg,C:/Users/Bautista/Downloads/PrecisionSkin/Classes/Acne/pigmentation_0_1876_jpeg.rf.68b53dbd5d999874378daee53a749c5e.jpg,close_up_facial,train,pigmentation_0_1876_jpeg,pseudo-label + correct (training),False,,False,False
-1264081098973340492.png,C:/Users/Bautista/Downloads/PrecisionSkin/Classes/Acne/-1264081098973340492.png,partial_face,train,-1264081098973340492.png,pseudo-label + correct (training),False,,False,False
perioral-dermatitis-45_jpg.rf.df1d2a54e2ad763fbdac59127b26a0ba.jpg,C:/Users/Bautista/Downloads/PrecisionSkin/Classes/Acne/perioral-dermatitis-45_jpg.rf.df1d2a54e2ad763fbdac59127b26a0ba.jpg,close_up_facial,train,perioral-dermatitis-45_jpg,pseudo-label + correct (training),False,,False,False
pigmentation_0_5432_jpeg.rf.1e0ea93f84e912c1d719d8418d1eafe1.jpg,C:/Users/Bautista/Downloads/PrecisionSkin/Classes/Acne/pigmentation_0_5432_jpeg.rf.1e0ea93f84e912c1d719d8418d1eafe1.jpg,partial_face,train,pigmentation_0_5432_jpeg,pseudo-label + correct (training),False,,False,False
17a4d1a917e5faa9f2675ebd83e526791-Copy_jpg.rf.098deec8e8e810dc01fc993070730305.jpg,C:/Users/Bautista/Downloads/PrecisionSkin/Classes/Acne/17a4d1a917e5faa9f2675ebd83e526791-Copy_jpg.rf.098deec8e8e810dc01fc993070730305.jpg,partial_face,train,17a4d1a917e5faa9f2675ebd83e526791-copy_jpg,pseudo-label + correct (training),False,,False,False
acne191.png,C:/Users/Bautista/Downloads/PrecisionSkin/Classes/Acne/acne191.png,full_face,train,acne191.png,pseudo-label + correct (training),False,,False,False
upscaled_338_png.rf.5d5fba3aa0619d8e67edc41115e55d34.jpg,C:/Users/Bautista/Downloads/PrecisionSkin/Classes/Acne/upscaled_338_png.rf.5d5fba3aa0619d8e67edc41115e55d34.jpg,close_up_facial,train,upscaled_338_png,pseudo-label + correct (training),False,,False,False
upscaled_1970_png.rf.2ae9293e0ca2ba179141aef8dfe3deb0.jpg,C:/Users/Bautista/Downloads/PrecisionSkin/Classes/Acne/upscaled_1970_png.rf.2ae9293e0ca2ba179141aef8dfe3deb0.jpg,close_up_facial,train,upscaled_1970_png,pseudo-label + correct (training),False,,False,False
upscaled_2528_png.rf.f226b44d790442f68465134df2e67191.jpg,C:/Users/Bautista/Downloads/PrecisionSkin/Classes/Acne/upscaled_2528_png.rf.f226b44d790442f68465134df2e67191.jpg,close_up_facial,train,upscaled_2528_png,pseudo-label + correct (training),False,,False,False
acne_treatment1-Copy_png.rf.309c14510884c6a804f6e46347c16486.jpg,C:/Users/Bautista/Downloads/PrecisionSkin/Classes/Acne/acne_treatment1-Copy_png.rf.309c14510884c6a804f6e46347c16486.jpg,partial_face,train,acne_treatment1-copy_png,pseudo-label + correct (training),False,,False,False
Acne_290.jpg,C:/Users/Bautista/Downloads/PrecisionSkin/Classes/Acne/Acne_290.jpg,partial_face,train,acne_290.jpg,pseudo-label + correct (training),True,Acne,False,True
evolv_gallery-zoskin-patient4-before-2_png.rf.01ef03194fbf31fdd6d842842f997f5a.jpg,C:/Users/Bautista/Downloads/PrecisionSkin/Classes/Acne/evolv_gallery-zoskin-patient4-before-2_png.rf.01ef03194fbf31fdd6d842842f997f5a.jpg,partial_face,train,evolv_gallery-zoskin-patient4-before-2_png,pseudo-label + correct (training),False,,False,False
aug_23_acne-face-2-8__ProtectWyJQcm90ZWN0Il0_FocusFillWzI5NCwyMjIsIngiLDFd.jpeg,C:/Users/Bautista/Downloads/PrecisionSkin/Classes/Acne/aug_23_acne-face-2-8__ProtectWyJQcm90ZWN0Il0_FocusFillWzI5NCwyMjIsIngiLDFd.jpeg,close_up_facial,train,aug_23_acne-face-2-8__protectwyjqcm90zwn0il0_focusfillwzi5ncwymjisingildfd.jpeg,pseudo-label + correct (training),False,,False,False
before-after-acne-treatment.jpg,C:/Users/Bautista/Downloads/PrecisionSkin/Classes/Acne/before-after-acne-treatment.jpg,close_up_facial,train,before-after-acne-treatment.jpg,pseudo-label + correct (training),False,,False,False
acne103.png,C:/Users/Bautista/Downloads/PrecisionSkin/Classes/Acne/acne103.png,partial_face,train,acne103.png,pseudo-label + correct (training),False,,False,False
50_jpg.rf.3158a90183b4d4332252c52f0f8edd4a.jpg,C:/Users/Bautista/Downloads/PrecisionSkin/Classes/Acne/50_jpg.rf.3158a90183b4d4332252c52f0f8edd4a.jpg,full_face,train,50_jpg,pseudo-label + correct (training),True,Acne,False,True
aug_0_6224.jpg,C:/Users/Bautista/Downloads/PrecisionSkin/Classes/Acne/aug_0_6224.jpg,close_up_facial,train,aug_0_6224.jpg,pseudo-label + correct (training),False,,False,False
aug_137_acne-face-11__ProtectWyJQcm90ZWN0Il0_FocusFillWzI5NCwyMjIsIngiLDFd.jpeg,C:/Users/Bautista/Downloads/PrecisionSkin/Classes/Acne/aug_137_acne-face-11__ProtectWyJQcm90ZWN0Il0_FocusFillWzI5NCwyMjIsIngiLDFd.jpeg,close_up_facial,train,aug_137_acne-face-11__protectwyjqcm90zwn0il0_focusfillwzi5ncwymjisingildfd.jpeg,pseudo-label + correct (training),True,Acne,False,True
pigmentation_0_3289_jpeg.rf.caca68a14ee3d511d97e57fc0018bde3.jpg,C:/Users/Bautista/Downloads/PrecisionSkin/Classes/Acne/pigmentation_0_3289_jpeg.rf.caca68a14ee3d511d97e57fc0018bde3.jpg,partial_face,train,pigmentation_0_3289_jpeg,pseudo-label + correct (training),False,,False,False
upscaled_699_png.rf.a7be92f5a2f8fb668244b4007a35335d.jpg,C:/Users/Bautista/Downloads/PrecisionSkin/Classes/Acne/upscaled_699_png.rf.a7be92f5a2f8fb668244b4007a35335d.jpg,close_up_facial,train,upscaled_699_png,pseudo-label + correct (training),False,,False,False
upscaled_1714_png.rf.9eb95a9b2579b90c94274d34fd083db4.jpg,C:/Users/Bautista/Downloads/PrecisionSkin/Classes/Acne/upscaled_1714_png.rf.9eb95a9b2579b90c94274d34fd083db4.jpg,close_up_facial,train,upscaled_1714_png,pseudo-label + correct (training),False,,False,False
4203933931229451208.png,C:/Users/Bautista/Downloads/PrecisionSkin/Classes/Acne/4203933931229451208.png,full_face,train,4203933931229451208.png,pseudo-label + correct (training),False,,False,False
Acne_332.jpg,C:/Users/Bautista/Downloads/PrecisionSkin/Classes/Acne/Acne_332.jpg,close_up_facial,train,acne_332.jpg,pseudo-label + correct (training),False,,False,False
R-42-_jpg.rf.ed26045daddfedcd4d824092571aa75d.jpg,C:/Users/Bautista/Downloads/PrecisionSkin/Classes/Acne/R-42-_jpg.rf.ed26045daddfedcd4d824092571aa75d.jpg,partial_face,train,r-42-_jpg,pseudo-label + correct (training),False,,False,False
aug_346_acne-face-2-1__ProtectWyJQcm90ZWN0Il0_FocusFillWzI5NCwyMjIsIngiLDFd.jpeg,C:/Users/Bautista/Downloads/PrecisionSkin/Classes/Acne/aug_346_acne-face-2-1__ProtectWyJQcm90ZWN0Il0_FocusFillWzI5NCwyMjIsIngiLDFd.jpeg,close_up_facial,train,aug_346_acne-face-2-1__protectwyjqcm90zwn0il0_focusfillwzi5ncwymjisingildfd.jpeg,pseudo-label + correct (training),False,,False,False
acne138.png,C:/Users/Bautista/Downloads/PrecisionSkin/Classes/Acne/acne138.png,close_up_facial,train,acne138.png,pseudo-label + correct (training),False,,False,False
Acne_383.jpg,C:/Users/Bautista/Downloads/PrecisionSkin/Classes/Acne/Acne_383.jpg,partial_face,train,acne_383.jpg,pseudo-label + correct (training),False,,False,False
upscaled_2233_png.rf.1aa0266b102d3116bb9457a5b84f1f3a.jpg,C:/Users/Bautista/Downloads/PrecisionSkin/Classes/Acne/upscaled_2233_png.rf.1aa0266b102d3116bb9457a5b84f1f3a.jpg,close_up_facial,train,upscaled_2233_png,pseudo-label + correct (training),False,,False,False
upscaled_2595_png.rf.8ce4106fb812f8c102e0b87b8edf9571.jpg,C:/Users/Bautista/Downloads/PrecisionSkin/Classes/Acne/upscaled_2595_png.rf.8ce4106fb812f8c102e0b87b8edf9571.jpg,close_up_facial,train,upscaled_2595_png,pseudo-label + correct (training),False,,False,False
upscaled_808_png.rf.6ec59ecd0282bca0d47cc5a4e28b9b2f.jpg,C:/Users/Bautista/Downloads/PrecisionSkin/Classes/Acne/upscaled_808_png.rf.6ec59ecd0282bca0d47cc5a4e28b9b2f.jpg,close_up_facial,train,upscaled_808_png,pseudo-label + correct (training),False,,False,False
acne-face-80__ProtectWyJQcm90ZWN0Il0_FocusFillWzI5NCwyMjIsIngiLDIzXQ.jpeg,C:/Users/Bautista/Downloads/PrecisionSkin/Classes/Acne/acne-face-80__ProtectWyJQcm90ZWN0Il0_FocusFillWzI5NCwyMjIsIngiLDIzXQ.jpeg,partial_face,train,acne-face-80__protectwyjqcm90zwn0il0_focusfillwzi5ncwymjisingildizxq.jpeg,pseudo-label + correct (training),False,,False,False
aug_147_hqdefault.jpg,C:/Users/Bautista/Downloads/PrecisionSkin/Classes/Acne/aug_147_hqdefault.jpg,partial_face,train,aug_147_hqdefault.jpg,pseudo-label + correct (training),False,,False,False
aug_149_acne-face-15__ProtectWyJQcm90ZWN0Il0_FocusFillWzI5NCwyMjIsIngiLDFd.jpeg,C:/Users/Bautista/Downloads/PrecisionSkin/Classes/Acne/aug_149_acne-face-15__ProtectWyJQcm90ZWN0Il0_FocusFillWzI5NCwyMjIsIngiLDFd.jpeg,close_up_facial,train,aug_149_acne-face-15__protectwyjqcm90zwn0il0_focusfillwzi5ncwymjisingildfd.jpeg,pseudo-label + correct (training),False,,False,False
pigmentation_0_2599_jpeg.rf.e0b1058cb765e998ce6eea9ec41129e1.jpg,C:/Users/Bautista/Downloads/PrecisionSkin/Classes/Acne/pigmentation_0_2599_jpeg.rf.e0b1058cb765e998ce6eea9ec41129e1.jpg,partial_face,train,pigmentation_0_2599_jpeg,pseudo-label + correct (training),False,,False,False
pigmentation_0_7953_jpeg.rf.da7ea6a1aa9e067d2a0e7b8896a0e25e.jpg,C:/Users/Bautista/Downloads/PrecisionSkin/Classes/Acne/pigmentation_0_7953_jpeg.rf.da7ea6a1aa9e067d2a0e7b8896a0e25e.jpg,partial_face,train,pigmentation_0_7953_jpeg,pseudo-label + correct (training),False,,False,False
acne (1)11.jpg,C:/Users/Bautista/Downloads/PrecisionSkin/Classes/Acne/acne (1)11.jpg,partial_face,train,acne (1)11.jpg,pseudo-label + correct (training),False,,False,False
upscaled_1903_png.rf.ba8b0953f4fccdd497edeff9b80c7bb3.jpg,C:/Users/Bautista/Downloads/PrecisionSkin/Classes/Acne/upscaled_1903_png.rf.ba8b0953f4fccdd497edeff9b80c7bb3.jpg,close_up_facial,train,upscaled_1903_png,pseudo-label + correct (training),False,,False,False
pigmentation_0_8571_jpeg.rf.a95438d7c9fa1f56ace0f42085f318ab.jpg,C:/Users/Bautista/Downloads/PrecisionSkin/Classes/Acne/pigmentation_0_8571_jpeg.rf.a95438d7c9fa1f56ace0f42085f318ab.jpg,partial_face,train,pigmentation_0_8571_jpeg,pseudo-label + correct (training),False,,False,False
upscaled_1716_png.rf.f47577a7ca6c36c3f603b43acfb7aef5.jpg,C:/Users/Bautista/Downloads/PrecisionSkin/Classes/Acne/upscaled_1716_png.rf.f47577a7ca6c36c3f603b43acfb7aef5.jpg,close_up_facial,train,upscaled_1716_png,pseudo-label + correct (training),False,,False,False
upscaled_1789_png.rf.ee868eb9b0b760dd77bd0271fa686ef6.jpg,C:/Users/Bautista/Downloads/PrecisionSkin/Classes/Acne/upscaled_1789_png.rf.ee868eb9b0b760dd77bd0271fa686ef6.jpg,close_up_facial,train,upscaled_1789_png,pseudo-label + correct (training),False,,False,False
upscaled_2209_png.rf.38481e1e9e70332438093aa46c1a7a94.jpg,C:/Users/Bautista/Downloads/PrecisionSkin/Classes/Acne/upscaled_2209_png.rf.38481e1e9e70332438093aa46c1a7a94.jpg,close_up_facial,train,upscaled_2209_png,pseudo-label + correct (training),False,,False,False
pigmentation_0_1476.jpeg,C:/Users/Bautista/Downloads/PrecisionSkin/Classes/Acne/pigmentation_0_1476.jpeg,full_face,train,pigmentation_0_1476.jpeg,pseudo-label + correct (training),False,,False,False
aug_51_OIP (31).jpg,C:/Users/Bautista/Downloads/PrecisionSkin/Classes/Acne/aug_51_OIP (31).jpg,partial_face,train,aug_51_oip (31).jpg,pseudo-label + correct (training),False,,False,False
pigmentation_0_6824_jpeg.rf.b0cce4038d6ed73e26d981c825f65c63.jpg,C:/Users/Bautista/Downloads/PrecisionSkin/Classes/Acne/pigmentation_0_6824_jpeg.rf.b0cce4038d6ed73e26d981c825f65c63.jpg,close_up_facial,train,pigmentation_0_6824_jpeg,pseudo-label + correct (training),False,,False,False
Acne_194.jpg,C:/Users/Bautista/Downloads/PrecisionSkin/Classes/Acne/Acne_194.jpg,close_up_facial,train,acne_194.jpg,pseudo-label + correct (training),False,,False,False
upscaled_1102_png.rf.c6d26c3c3b52e95af6c002d53c34fe3e.jpg,C:/Users/Bautista/Downloads/PrecisionSkin/Classes/Acne/upscaled_1102_png.rf.c6d26c3c3b52e95af6c002d53c34fe3e.jpg,close_up_facial,train,upscaled_1102_png,pseudo-label + correct (training),False,,False,False
pigmentation_0_2338.jpeg,C:/Users/Bautista/Downloads/PrecisionSkin/Classes/Acne/pigmentation_0_2338.jpeg,close_up_facial,train,pigmentation_0_2338.jpeg,pseudo-label + correct (training),False,,False,False
acne-face-1-8__ProtectWyJQcm90ZWN0Il0_FocusFillWzI5NCwyMjIsIngiLDFd.jpeg,C:/Users/Bautista/Downloads/PrecisionSkin/Classes/Acne/acne-face-1-8__ProtectWyJQcm90ZWN0Il0_FocusFillWzI5NCwyMjIsIngiLDFd.jpeg,close_up_facial,train,acne-face-1-8__protectwyjqcm90zwn0il0_focusfillwzi5ncwymjisingildfd.jpeg,pseudo-label + correct (training),True,Acne,False,True
aug_0_8504.jpg,C:/Users/Bautista/Downloads/PrecisionSkin/Classes/Acne/aug_0_8504.jpg,partial_face,train,aug_0_8504.jpg,pseudo-label + correct (training),False,,False,False
Acne_174.jpg,C:/Users/Bautista/Downloads/PrecisionSkin/Classes/Acne/Acne_174.jpg,close_up_facial,train,acne_174.jpg,pseudo-label + correct (training),False,,False,False
upscaled_2874_png.rf.024578499042f651b54252a21b60c62a.jpg,C:/Users/Bautista/Downloads/PrecisionSkin/Classes/Acne/upscaled_2874_png.rf.024578499042f651b54252a21b60c62a.jpg,close_up_facial,train,upscaled_2874_png,pseudo-label + correct (training),False,,False,False
img_4942_png.rf.f2c69cffe5b8b378c5c55da7c173f2dd.jpg,C:/Users/Bautista/Downloads/PrecisionSkin/Classes/Acne/img_4942_png.rf.f2c69cffe5b8b378c5c55da7c173f2dd.jpg,partial_face,train,img_4942_png,pseudo-label + correct (training),False,,False,False
pigmentation_0_4642_jpeg.rf.4ddcae5f5b9024224be96435e878eaf7.jpg,C:/Users/Bautista/Downloads/PrecisionSkin/Classes/Acne/pigmentation_0_4642_jpeg.rf.4ddcae5f5b9024224be96435e878eaf7.jpg,partial_face,train,pigmentation_0_4642_jpeg,pseudo-label + correct (training),False,,False,False
acne-face-74__ProtectWyJQcm90ZWN0Il0_FocusFillWzI5NCwyMjIsIngiLDFd.jpeg,C:/Users/Bautista/Downloads/PrecisionSkin/Classes/Acne/acne-face-74__ProtectWyJQcm90ZWN0Il0_FocusFillWzI5NCwyMjIsIngiLDFd.jpeg,close_up_facial,train,acne-face-74__protectwyjqcm90zwn0il0_focusfillwzi5ncwymjisingildfd.jpeg,pseudo-label + correct (training),True,Acne,False,True
acne-face-5-9__ProtectWyJQcm90ZWN0Il0_FocusFillWzI5NCwyMjIsIngiLDFd.jpeg,C:/Users/Bautista/Downloads/PrecisionSkin/Classes/Acne/acne-face-5-9__ProtectWyJQcm90ZWN0Il0_FocusFillWzI5NCwyMjIsIngiLDFd.jpeg,close_up_facial,train,acne-face-5-9__protectwyjqcm90zwn0il0_focusfillwzi5ncwymjisingildfd.jpeg,pseudo-label + correct (training),False,,False,False
upscaled_1902_png.rf.cfdf3a72e9b01c39bb1d144890fcc71f.jpg,C:/Users/Bautista/Downloads/PrecisionSkin/Classes/Acne/upscaled_1902_png.rf.cfdf3a72e9b01c39bb1d144890fcc71f.jpg,close_up_facial,train,upscaled_1902_png,pseudo-label + correct (training),False,,False,False
19627971357186240.png,C:/Users/Bautista/Downloads/PrecisionSkin/Classes/Acne/19627971357186240.png,partial_face,train,19627971357186240.png,pseudo-label + correct (training),False,,False,False
upscaled_2813_png.rf.725739679859fc02e092a20b010b82ac.jpg,C:/Users/Bautista/Downloads/PrecisionSkin/Classes/Acne/upscaled_2813_png.rf.725739679859fc02e092a20b010b82ac.jpg,close_up_facial,train,upscaled_2813_png,pseudo-label + correct (training),False,,False,False
levle2_72_jpg.rf.a87a532075732b421b379e990bee9086.jpg,C:/Users/Bautista/Downloads/PrecisionSkin/Classes/Acne/levle2_72_jpg.rf.a87a532075732b421b379e990bee9086.jpg,full_face,train,levle2_72_jpg,pseudo-label + correct (training),False,,True,True
aug_283_pigmentation_0_7184.jpeg,C:/Users/Bautista/Downloads/PrecisionSkin/Classes/Acne/aug_283_pigmentation_0_7184.jpeg,close_up_facial,train,aug_283_pigmentation_0_7184.jpeg,pseudo-label + correct (training),False,,False,False
Acne_371.jpg,C:/Users/Bautista/Downloads/PrecisionSkin/Classes/Acne/Acne_371.jpg,close_up_facial,train,acne_371.jpg,pseudo-label + correct (training),False,,False,False
acne_0001_10731602084e470e78b7dfe-21-Copy_jpg.rf.3605ace99d51bec3f985595adb27e07c.jpg,C:/Users/Bautista/Downloads/PrecisionSkin/Classes/Acne/acne_0001_10731602084e470e78b7dfe-21-Copy_jpg.rf.3605ace99d51bec3f985595adb27e07c.jpg,partial_face,train,acne_0001_10731602084e470e78b7dfe-21-copy_jpg,pseudo-label + correct (training),False,,False,False
aug_293_182.JPG,C:/Users/Bautista/Downloads/PrecisionSkin/Classes/Acne/aug_293_182.JPG,partial_face,train,aug_293_182.jpg,pseudo-label + correct (training),False,,False,False
pigmentation_0_2338_jpeg.rf.5d166257c6d5765719c1b57e9f37c763.jpg,C:/Users/Bautista/Downloads/PrecisionSkin/Classes/Acne/pigmentation_0_2338_jpeg.rf.5d166257c6d5765719c1b57e9f37c763.jpg,close_up_facial,train,pigmentation_0_2338_jpeg,pseudo-label + correct (training),False,,False,False
pigmentation_0_1786.jpeg,C:/Users/Bautista/Downloads/PrecisionSkin/Classes/Acne/pigmentation_0_1786.jpeg,partial_face,train,pigmentation_0_1786.jpeg,pseudo-label + correct (training),False,,False,False
acne-treatment-02_jpg.rf.873e0e4dc35e250c29c859675f53a242.jpg,C:/Users/Bautista/Downloads/PrecisionSkin/Classes/Acne/acne-treatment-02_jpg.rf.873e0e4dc35e250c29c859675f53a242.jpg,close_up_facial,train,acne-treatment-02_jpg,pseudo-label + correct (training),False,,False,False
upscaled_1191_png.rf.e2b578c629e500dba7a8ee81e94f7569.jpg,C:/Users/Bautista/Downloads/PrecisionSkin/Classes/Acne/upscaled_1191_png.rf.e2b578c629e500dba7a8ee81e94f7569.jpg,close_up_facial,train,upscaled_1191_png,pseudo-label + correct (training),False,,False,False
aug_58_acne-face-78__ProtectWyJQcm90ZWN0Il0_FocusFillWzI5NCwyMjIsIngiLDFd.jpeg,C:/Users/Bautista/Downloads/PrecisionSkin/Classes/Acne/aug_58_acne-face-78__ProtectWyJQcm90ZWN0Il0_FocusFillWzI5NCwyMjIsIngiLDFd.jpeg,close_up_facial,train,aug_58_acne-face-78__protectwyjqcm90zwn0il0_focusfillwzi5ncwymjisingildfd.jpeg,pseudo-label + correct (training),False,,False,False
upscaled_665_png.rf.b33a837ff2c185894325ac0ee11e21e1.jpg,C:/Users/Bautista/Downloads/PrecisionSkin/Classes/Acne/upscaled_665_png.rf.b33a837ff2c185894325ac0ee11e21e1.jpg,close_up_facial,train,upscaled_665_png,pseudo-label + correct (training),False,,False,False
acne-open-comedo-26.jpeg,C:/Users/Bautista/Downloads/PrecisionSkin/Classes/Acne/acne-open-comedo-26.jpeg,partial_face,train,acne-open-comedo-26.jpeg,pseudo-label + correct (training),False,,False,False
pigmentation_0_782_jpeg.rf.f44edd600f76a54d61510be03beffd99.jpg,C:/Users/Bautista/Downloads/PrecisionSkin/Classes/Acne/pigmentation_0_782_jpeg.rf.f44edd600f76a54d61510be03beffd99.jpg,partial_face,train,pigmentation_0_782_jpeg,pseudo-label + correct (training),False,,False,False
upscaled_734_png.rf.a3c8dde9de202b8ad03217c17e7ad1a5.jpg,C:/Users/Bautista/Downloads/PrecisionSkin/Classes/Acne/upscaled_734_png.rf.a3c8dde9de202b8ad03217c17e7ad1a5.jpg,close_up_facial,train,upscaled_734_png,pseudo-label + correct (training),False,,False,False
upscaled_1140_png.rf.d0072467d06acfcb6d57eb9436bdd654.jpg,C:/Users/Bautista/Downloads/PrecisionSkin/Classes/Acne/upscaled_1140_png.rf.d0072467d06acfcb6d57eb9436bdd654.jpg,close_up_facial,train,upscaled_1140_png,pseudo-label + correct (training),False,,False,False
aug_109_2 (1).png,C:/Users/Bautista/Downloads/PrecisionSkin/Classes/Acne/aug_109_2 (1).png,partial_face,train,aug_109_2 (1).png,pseudo-label + correct (training),False,,False,False
pigmentation_0_2478_jpeg.rf.67bacc5512fcf5cb4f5d9e5694edd3a3.jpg,C:/Users/Bautista/Downloads/PrecisionSkin/Classes/Acne/pigmentation_0_2478_jpeg.rf.67bacc5512fcf5cb4f5d9e5694edd3a3.jpg,close_up_facial,train,pigmentation_0_2478_jpeg,pseudo-label + correct (training),False,,False,False
aug_0_8472.jpg,C:/Users/Bautista/Downloads/PrecisionSkin/Classes/Acne/aug_0_8472.jpg,partial_face,train,aug_0_8472.jpg,pseudo-label + correct (training),False,,False,False
upscaled_1058_png.rf.43f992b0c91b542ab58b854f322c7e9b.jpg,C:/Users/Bautista/Downloads/PrecisionSkin/Classes/Acne/upscaled_1058_png.rf.43f992b0c91b542ab58b854f322c7e9b.jpg,close_up_facial,train,upscaled_1058_png,pseudo-label + correct (training),False,,False,False
aug_0_3253.jpg,C:/Users/Bautista/Downloads/PrecisionSkin/Classes/Acne/aug_0_3253.jpg,partial_face,train,aug_0_3253.jpg,pseudo-label + correct (training),False,,False,False
rosacea-41_jpg.rf.9fd5fb43f119672c0b953bd35ab8d3d0.jpg,C:/Users/Bautista/Downloads/PrecisionSkin/Classes/Acne/rosacea-41_jpg.rf.9fd5fb43f119672c0b953bd35ab8d3d0.jpg,full_face,train,rosacea-41_jpg,pseudo-label + correct (training),False,,False,False
upscaled_733_png.rf.0ab274f8bdba253b50f718f123b7e94d.jpg,C:/Users/Bautista/Downloads/PrecisionSkin/Classes/Acne/upscaled_733_png.rf.0ab274f8bdba253b50f718f123b7e94d.jpg,close_up_facial,train,upscaled_733_png,pseudo-label + correct (training),False,,False,False
20_before_jpg.rf.0478718f9de96b38c126b0cea2595350.jpg,C:/Users/Bautista/Downloads/PrecisionSkin/Classes/Acne/20_before_jpg.rf.0478718f9de96b38c126b0cea2595350.jpg,partial_face,train,20_before_jpg,pseudo-label + correct (training),False,,False,False
acne-open-comedo-40_jpg.rf.dc5813c5137ad676f7567c766e394bcb.jpg,C:/Users/Bautista/Downloads/PrecisionSkin/Classes/Acne/acne-open-comedo-40_jpg.rf.dc5813c5137ad676f7567c766e394bcb.jpg,close_up_facial,train,acne-open-comedo-40_jpg,pseudo-label + correct (training),False,,False,False
Acne_233.jpg,C:/Users/Bautista/Downloads/PrecisionSkin/Classes/Acne/Acne_233.jpg,close_up_facial,train,acne_233.jpg,pseudo-label + correct (training),False,,False,False
aug_14_6.jpg,C:/Users/Bautista/Downloads/PrecisionSkin/Classes/Acne/aug_14_6.jpg,partial_face,train,aug_14_6.jpg,pseudo-label + correct (training),False,,False,False
aug_267_pigmentation_0_1893.jpeg,C:/Users/Bautista/Downloads/PrecisionSkin/Classes/Acne/aug_267_pigmentation_0_1893.jpeg,partial_face,train,aug_267_pigmentation_0_1893.jpeg,pseudo-label + correct (training),False,,False,False
pigmentation_0_3579_jpeg.rf.e5daaf37bab4b351bb8cba1eda7bc16a.jpg,C:/Users/Bautista/Downloads/PrecisionSkin/Classes/Acne/pigmentation_0_3579_jpeg.rf.e5daaf37bab4b351bb8cba1eda7bc16a.jpg,close_up_facial,train,pigmentation_0_3579_jpeg,pseudo-label + correct (training),False,,False,False
-8931680673452117731.png,C:/Users/Bautista/Downloads/PrecisionSkin/Classes/Acne/-8931680673452117731.png,close_up_facial,train,-8931680673452117731.png,pseudo-label + correct (training),False,,False,False
jko16nvn14061.png,C:/Users/Bautista/Downloads/PrecisionSkin/Classes/Acne/jko16nvn14061.png,partial_face,train,jko16nvn14061.png,pseudo-label + correct (training),False,,False,False
upscaled_779_png.rf.f17b2a8a7f0a3eb32b5f709edccd2104.jpg,C:/Users/Bautista/Downloads/PrecisionSkin/Classes/Acne/upscaled_779_png.rf.f17b2a8a7f0a3eb32b5f709edccd2104.jpg,close_up_facial,train,upscaled_779_png,pseudo-label + correct (training),False,,False,False
pic_059_jpeg_jpg.rf.a7f7494bd70a7ed8f284eb585b5ee69a.jpg,C:/Users/Bautista/Downloads/PrecisionSkin/Classes/Acne/pic_059_jpeg_jpg.rf.a7f7494bd70a7ed8f284eb585b5ee69a.jpg,close_up_facial,train,pic_059_jpeg_jpg,pseudo-label + correct (training),False,,False,False
acne-face-23-1__ProtectWyJQcm90ZWN0Il0_FocusFillWzI5NCwyMjIsInkiLDg1XQ.jpeg,C:/Users/Bautista/Downloads/PrecisionSkin/Classes/Acne/acne-face-23-1__ProtectWyJQcm90ZWN0Il0_FocusFillWzI5NCwyMjIsInkiLDg1XQ.jpeg,close_up_facial,train,acne-face-23-1__protectwyjqcm90zwn0il0_focusfillwzi5ncwymjisinkildg1xq.jpeg,pseudo-label + correct (training),False,,False,False
upscaled_1266_png.rf.9a4a27335daaa5e65eede12159935932.jpg,C:/Users/Bautista/Downloads/PrecisionSkin/Classes/Acne/upscaled_1266_png.rf.9a4a27335daaa5e65eede12159935932.jpg,close_up_facial,train,upscaled_1266_png,pseudo-label + correct (training),False,,False,False
-6158102418465391225.png,C:/Users/Bautista/Downloads/PrecisionSkin/Classes/Acne/-6158102418465391225.png,partial_face,train,-6158102418465391225.png,pseudo-label + correct (training),False,,False,False
upscaled_1580_png.rf.a9c2095688727b30cf85f6b377c1fa86.jpg,C:/Users/Bautista/Downloads/PrecisionSkin/Classes/Acne/upscaled_1580_png.rf.a9c2095688727b30cf85f6b377c1fa86.jpg,close_up_facial,train,upscaled_1580_png,pseudo-label + correct (training),False,,False,False
8311285227978855700.png,C:/Users/Bautista/Downloads/PrecisionSkin/Classes/Acne/8311285227978855700.png,close_up_facial,train,8311285227978855700.png,pseudo-label + correct (training),False,,False,False
upscaled_32_png.rf.f9933944da7bdb602e5756eabaf37143.jpg,C:/Users/Bautista/Downloads/PrecisionSkin/Classes/Acne/upscaled_32_png.rf.f9933944da7bdb602e5756eabaf37143.jpg,close_up_facial,train,upscaled_32_png,pseudo-label + correct (training),False,,False,False
60.PNG,C:/Users/Bautista/Downloads/PrecisionSkin/Classes/Acne/60.PNG,partial_face,train,60.png,pseudo-label + correct (training),False,,True,True
acne47.png,C:/Users/Bautista/Downloads/PrecisionSkin/Classes/Acne/acne47.png,close_up_facial,train,acne47.png,pseudo-label + correct (training),False,,False,False
32212176-8650569-image-a-10_1598002142635_jpg.rf.2a5d1064772de3981a1699ac6abd7fbb.jpg,C:/Users/Bautista/Downloads/PrecisionSkin/Classes/Acne/32212176-8650569-image-a-10_1598002142635_jpg.rf.2a5d1064772de3981a1699ac6abd7fbb.jpg,full_face,train,32212176-8650569-image-a-10_1598002142635_jpg,pseudo-label + correct (training),False,,False,False
acne-cystic-39.jpg,C:/Users/Bautista/Downloads/PrecisionSkin/Classes/Acne/acne-cystic-39.jpg,close_up_facial,train,acne-cystic-39.jpg,pseudo-label + correct (training),False,,False,False
aug_267_acne-face-6-4__ProtectWyJQcm90ZWN0Il0_FocusFillWzI5NCwyMjIsIngiLDFd.jpeg,C:/Users/Bautista/Downloads/PrecisionSkin/Classes/Acne/aug_267_acne-face-6-4__ProtectWyJQcm90ZWN0Il0_FocusFillWzI5NCwyMjIsIngiLDFd.jpeg,close_up_facial,train,aug_267_acne-face-6-4__protectwyjqcm90zwn0il0_focusfillwzi5ncwymjisingildfd.jpeg,pseudo-label + correct (training),False,,False,False
acne182.png,C:/Users/Bautista/Downloads/PrecisionSkin/Classes/Acne/acne182.png,close_up_facial,train,acne182.png,pseudo-label + correct (training),False,,False,False
pigmentation_0_937.jpeg,C:/Users/Bautista/Downloads/PrecisionSkin/Classes/Acne/pigmentation_0_937.jpeg,full_face,train,pigmentation_0_937.jpeg,pseudo-label + correct (training),False,,False,False
-1894892006032937419.png,C:/Users/Bautista/Downloads/PrecisionSkin/Classes/Acne/-1894892006032937419.png,close_up_facial,train,-1894892006032937419.png,pseudo-label + correct (training),False,,False,False
pigmentation_0_3291_jpeg.rf.53776bca10bbf51d90592497b8ca74c9.jpg,C:/Users/Bautista/Downloads/PrecisionSkin/Classes/Acne/pigmentation_0_3291_jpeg.rf.53776bca10bbf51d90592497b8ca74c9.jpg,close_up_facial,train,pigmentation_0_3291_jpeg,pseudo-label + correct (training),False,,False,False
OIP-18-_jpg.rf.a12e2d04cefbe1dd9d8509cdb0257261.jpg,C:/Users/Bautista/Downloads/PrecisionSkin/Classes/Acne/OIP-18-_jpg.rf.a12e2d04cefbe1dd9d8509cdb0257261.jpg,close_up_facial,train,oip-18-_jpg,pseudo-label + correct (training),False,,False,False
upscaled_664_png.rf.787b4173e945e958e1b628dd12460e85.jpg,C:/Users/Bautista/Downloads/PrecisionSkin/Classes/Acne/upscaled_664_png.rf.787b4173e945e958e1b628dd12460e85.jpg,close_up_facial,train,upscaled_664_png,pseudo-label + correct (training),False,,False,False
pigmentation_0_8760_jpeg.rf.762fd2db6399ea117db5672b042fff9b.jpg,C:/Users/Bautista/Downloads/PrecisionSkin/Classes/Acne/pigmentation_0_8760_jpeg.rf.762fd2db6399ea117db5672b042fff9b.jpg,close_up_facial,train,pigmentation_0_8760_jpeg,pseudo-label + correct (training),False,,False,False
pigmentation_0_7182_jpeg.rf.42246f24d92108a56ba379fe226c0054.jpg,C:/Users/Bautista/Downloads/PrecisionSkin/Classes/Acne/pigmentation_0_7182_jpeg.rf.42246f24d92108a56ba379fe226c0054.jpg,partial_face,train,pigmentation_0_7182_jpeg,pseudo-label + correct (training),False,,False,False
aug_0_3490.jpg,C:/Users/Bautista/Downloads/PrecisionSkin/Classes/Acne/aug_0_3490.jpg,close_up_facial,train,aug_0_3490.jpg,pseudo-label + correct (training),False,,False,False
aug_158_pigmentation_0_903.jpeg,C:/Users/Bautista/Downloads/PrecisionSkin/Classes/Acne/aug_158_pigmentation_0_903.jpeg,partial_face,train,aug_158_pigmentation_0_903.jpeg,pseudo-label + correct (training),False,,False,False
aug_99_acne-open-comedo-42.jpg,C:/Users/Bautista/Downloads/PrecisionSkin/Classes/Acne/aug_99_acne-open-comedo-42.jpg,close_up_facial,train,aug_99_acne-open-comedo-42.jpg,pseudo-label + correct (training),False,,False,False
aug_276_pigmentation_0_57.jpeg,C:/Users/Bautista/Downloads/PrecisionSkin/Classes/Acne/aug_276_pigmentation_0_57.jpeg,close_up_facial,train,aug_276_pigmentation_0_57.jpeg,pseudo-label + correct (training),False,,False,False
Acne_22.jpg,C:/Users/Bautista/Downloads/PrecisionSkin/Classes/Acne/Acne_22.jpg,close_up_facial,train,acne_22.jpg,pseudo-label + correct (training),False,,False,False
pigmentation_0_1118_jpeg.rf.8771ad76421941092f802b98d21ded2c.jpg,C:/Users/Bautista/Downloads/PrecisionSkin/Classes/Acne/pigmentation_0_1118_jpeg.rf.8771ad76421941092f802b98d21ded2c.jpg,close_up_facial,train,pigmentation_0_1118_jpeg,pseudo-label + correct (training),False,,False,False
acne-infantile-1.jpeg,C:/Users/Bautista/Downloads/PrecisionSkin/Classes/Acne/acne-infantile-1.jpeg,partial_face,train,acne-infantile-1.jpeg,pseudo-label + correct (training),True,Acne,False,True
upscaled_1478_png.rf.d485289414ddefa02bf0227c12208989.jpg,C:/Users/Bautista/Downloads/PrecisionSkin/Classes/Acne/upscaled_1478_png.rf.d485289414ddefa02bf0227c12208989.jpg,close_up_facial,train,upscaled_1478_png,pseudo-label + correct (training),False,,False,False
aug_11_acne-cystic-33.jpg,C:/Users/Bautista/Downloads/PrecisionSkin/Classes/Acne/aug_11_acne-cystic-33.jpg,partial_face,train,aug_11_acne-cystic-33.jpg,pseudo-label + correct (training),False,,False,False
acne-face-57__ProtectWyJQcm90ZWN0Il0_FocusFillWzI5NCwyMjIsIngiLDFd.jpeg,C:/Users/Bautista/Downloads/PrecisionSkin/Classes/Acne/acne-face-57__ProtectWyJQcm90ZWN0Il0_FocusFillWzI5NCwyMjIsIngiLDFd.jpeg,close_up_facial,train,acne-face-57__protectwyjqcm90zwn0il0_focusfillwzi5ncwymjisingildfd.jpeg,pseudo-label + correct (training),False,,False,False
upscaled_323_png.rf.04b778cdef57d6f1877daf94832e01cc.jpg,C:/Users/Bautista/Downloads/PrecisionSkin/Classes/Acne/upscaled_323_png.rf.04b778cdef57d6f1877daf94832e01cc.jpg,close_up_facial,train,upscaled_323_png,pseudo-label + correct (training),False,,False,False
k92m6peqn1n31-1-_jpg.rf.8c549fe9294cd60be14ee09f7f98ccf6.jpg,C:/Users/Bautista/Downloads/PrecisionSkin/Classes/Acne/k92m6peqn1n31-1-_jpg.rf.8c549fe9294cd60be14ee09f7f98ccf6.jpg,partial_face,train,k92m6peqn1n31-1-_jpg,pseudo-label + correct (training),False,,False,False
dsc02299.png,C:/Users/Bautista/Downloads/PrecisionSkin/Classes/Acne/dsc02299.png,full_face,train,dsc02299.png,pseudo-label + correct (training),False,,False,False
acne-pustular-24_jpg.rf.10abf123e9b28f6efd0aeebc9a02b797.jpg,C:/Users/Bautista/Downloads/PrecisionSkin/Classes/Acne/acne-pustular-24_jpg.rf.10abf123e9b28f6efd0aeebc9a02b797.jpg,partial_face,train,acne-pustular-24_jpg,pseudo-label + correct (training),True,Acne,False,True
aug_0_9022.jpg,C:/Users/Bautista/Downloads/PrecisionSkin/Classes/Acne/aug_0_9022.jpg,partial_face,train,aug_0_9022.jpg,pseudo-label + correct (training),False,,False,False
upscaled_695_png.rf.256633dffea2e300aa85d3f7368b9aef.jpg,C:/Users/Bautista/Downloads/PrecisionSkin/Classes/Acne/upscaled_695_png.rf.256633dffea2e300aa85d3f7368b9aef.jpg,close_up_facial,train,upscaled_695_png,pseudo-label + correct (training),False,,False,False
acne101.png,C:/Users/Bautista/Downloads/PrecisionSkin/Classes/Acne/acne101.png,close_up_facial,train,acne101.png,pseudo-label + correct (training),True,Acne,False,True
aug_0_5377.jpg,C:/Users/Bautista/Downloads/PrecisionSkin/Classes/Acne/aug_0_5377.jpg,partial_face,train,aug_0_5377.jpg,pseudo-label + correct (training),False,,False,False
acne-face-8__ProtectWyJQcm90ZWN0Il0_FocusFillWzI5NCwyMjIsIngiLDFd.jpeg,C:/Users/Bautista/Downloads/PrecisionSkin/Classes/Acne/acne-face-8__ProtectWyJQcm90ZWN0Il0_FocusFillWzI5NCwyMjIsIngiLDFd.jpeg,close_up_facial,train,acne-face-8__protectwyjqcm90zwn0il0_focusfillwzi5ncwymjisingildfd.jpeg,pseudo-label + correct (training),False,,False,False
upscaled_453_png.rf.f9f8146e098e25cd4e329c8b7eeca189.jpg,C:/Users/Bautista/Downloads/PrecisionSkin/Classes/Acne/upscaled_453_png.rf.f9f8146e098e25cd4e329c8b7eeca189.jpg,close_up_facial,train,upscaled_453_png,pseudo-label + correct (training),False,,False,False
-5269544062640143066.png,C:/Users/Bautista/Downloads/PrecisionSkin/Classes/Acne/-5269544062640143066.png,partial_face,train,-5269544062640143066.png,pseudo-label + correct (training),False,,False,False
upscaled_1152_png.rf.1d444a1746d53b1b5746abba2ab73e44.jpg,C:/Users/Bautista/Downloads/PrecisionSkin/Classes/Acne/upscaled_1152_png.rf.1d444a1746d53b1b5746abba2ab73e44.jpg,close_up_facial,train,upscaled_1152_png,pseudo-label + correct (training),False,,False,False
upscaled_1844_png.rf.8633a7d67d78414dff5e1654658bf8c3.jpg,C:/Users/Bautista/Downloads/PrecisionSkin/Classes/Acne/upscaled_1844_png.rf.8633a7d67d78414dff5e1654658bf8c3.jpg,close_up_facial,train,upscaled_1844_png,pseudo-label + correct (training),False,,False,False
acne-face-1-48__ProtectWyJQcm90ZWN0Il0_FocusFillWzI5NCwyMjIsIngiLDFd_jpg.rf.a673762c7c8c9a71d94b1eefca4fe8e2.jpg,C:/Users/Bautista/Downloads/PrecisionSkin/Classes/Acne/acne-face-1-48__ProtectWyJQcm90ZWN0Il0_FocusFillWzI5NCwyMjIsIngiLDFd_jpg.rf.a673762c7c8c9a71d94b1eefca4fe8e2.jpg,full_face,train,acne-face-1-48__protectwyjqcm90zwn0il0_focusfillwzi5ncwymjisingildfd_jpg,pseudo-label + correct (training),False,,False,False
aug_0_6433.jpg,C:/Users/Bautista/Downloads/PrecisionSkin/Classes/Acne/aug_0_6433.jpg,close_up_facial,train,aug_0_6433.jpg,pseudo-label + correct (training),False,,False,False
acne186.png,C:/Users/Bautista/Downloads/PrecisionSkin/Classes/Acne/acne186.png,close_up_facial,train,acne186.png,pseudo-label + correct (training),False,,False,False
acne31.png,C:/Users/Bautista/Downloads/PrecisionSkin/Classes/Acne/acne31.png,close_up_facial,train,acne31.png,pseudo-label + correct (training),False,,False,False
aug_53_acne-cystic-42.jpg,C:/Users/Bautista/Downloads/PrecisionSkin/Classes/Acne/aug_53_acne-cystic-42.jpg,partial_face,train,aug_53_acne-cystic-42.jpg,pseudo-label + correct (training),False,,False,False
acne-face-4-3__ProtectWyJQcm90ZWN0Il0_FocusFillWzI5NCwyMjIsIngiLDFd_jpg.rf.f1096b851d635c122ac16133cd7b380b.jpg,C:/Users/Bautista/Downloads/PrecisionSkin/Classes/Acne/acne-face-4-3__ProtectWyJQcm90ZWN0Il0_FocusFillWzI5NCwyMjIsIngiLDFd_jpg.rf.f1096b851d635c122ac16133cd7b380b.jpg,close_up_facial,train,acne-face-4-3__protectwyjqcm90zwn0il0_focusfillwzi5ncwymjisingildfd_jpg,pseudo-label + correct (training),False,,False,False
aug_0_1627.jpg,C:/Users/Bautista/Downloads/PrecisionSkin/Classes/Acne/aug_0_1627.jpg,close_up_facial,train,aug_0_1627.jpg,pseudo-label + correct (training),False,,False,False
pigmentation_0_5418.jpeg,C:/Users/Bautista/Downloads/PrecisionSkin/Classes/Acne/pigmentation_0_5418.jpeg,partial_face,train,pigmentation_0_5418.jpeg,pseudo-label + correct (training),False,,False,False
levle1_638_jpg.rf.a7783c8270111a3dc499a4561af2eb48.jpg,C:/Users/Bautista/Downloads/PrecisionSkin/Classes/Acne/levle1_638_jpg.rf.a7783c8270111a3dc499a4561af2eb48.jpg,partial_face,train,levle1_638_jpg,pseudo-label + correct (training),False,,True,True
aug_0_4163.jpg,C:/Users/Bautista/Downloads/PrecisionSkin/Classes/Acne/aug_0_4163.jpg,close_up_facial,train,aug_0_4163.jpg,pseudo-label + correct (training),False,,False,False
acne-excoriated-27.jpeg,C:/Users/Bautista/Downloads/PrecisionSkin/Classes/Acne/acne-excoriated-27.jpeg,partial_face,train,acne-excoriated-27.jpeg,pseudo-label + correct (training),False,,False,False
aug_170_acne-open-comedo-34.jpg,C:/Users/Bautista/Downloads/PrecisionSkin/Classes/Acne/aug_170_acne-open-comedo-34.jpg,close_up_facial,train,aug_170_acne-open-comedo-34.jpg,pseudo-label + correct (training),False,,False,False
acne-open-comedo-3.jpeg,C:/Users/Bautista/Downloads/PrecisionSkin/Classes/Acne/acne-open-comedo-3.jpeg,close_up_facial,train,acne-open-comedo-3.jpeg,pseudo-label + correct (training),True,Acne,False,True
pigmentation_0_3483_jpeg.rf.d7913eef8db74a18b147f34e560b64f0.jpg,C:/Users/Bautista/Downloads/PrecisionSkin/Classes/Acne/pigmentation_0_3483_jpeg.rf.d7913eef8db74a18b147f34e560b64f0.jpg,partial_face,train,pigmentation_0_3483_jpeg,pseudo-label + correct (training),False,,False,False
aug_104_pigmentation_0_3040.jpeg,C:/Users/Bautista/Downloads/PrecisionSkin/Classes/Acne/aug_104_pigmentation_0_3040.jpeg,partial_face,train,aug_104_pigmentation_0_3040.jpeg,pseudo-label + correct (training),False,,False,False
aug_0_2397.jpg,C:/Users/Bautista/Downloads/PrecisionSkin/Classes/Acne/aug_0_2397.jpg,close_up_facial,train,aug_0_2397.jpg,pseudo-label + correct (training),False,,False,False
pigmentation_0_753_jpeg.rf.1ba7d3f79765358e5c08dabb2ab35384.jpg,C:/Users/Bautista/Downloads/PrecisionSkin/Classes/Acne/pigmentation_0_753_jpeg.rf.1ba7d3f79765358e5c08dabb2ab35384.jpg,partial_face,train,pigmentation_0_753_jpeg,pseudo-label + correct (training),False,,False,False
upscaled_459_png.rf.f38ae0731ed2f4c24f07efdf0aa96b1a.jpg,C:/Users/Bautista/Downloads/PrecisionSkin/Classes/Acne/upscaled_459_png.rf.f38ae0731ed2f4c24f07efdf0aa96b1a.jpg,close_up_facial,train,upscaled_459_png,pseudo-label + correct (training),False,,False,False
pigmentation_0_6740_jpeg.rf.d9999afee380906b7107df3f7e227b5f.jpg,C:/Users/Bautista/Downloads/PrecisionSkin/Classes/Acne/pigmentation_0_6740_jpeg.rf.d9999afee380906b7107df3f7e227b5f.jpg,partial_face,train,pigmentation_0_6740_jpeg,pseudo-label + correct (training),False,,False,False
aug_128_R (13).jpg,C:/Users/Bautista/Downloads/PrecisionSkin/Classes/Acne/aug_128_R (13).jpg,partial_face,train,aug_128_r (13).jpg,pseudo-label + correct (training),False,,False,False
Acne_88.jpg,C:/Users/Bautista/Downloads/PrecisionSkin/Classes/Acne/Acne_88.jpg,close_up_facial,train,acne_88.jpg,pseudo-label + correct (training),False,,False,False
acne-face-14__ProtectWyJQcm90ZWN0Il0_FocusFillWzI5NCwyMjIsInkiLDg1XQ.jpeg,C:/Users/Bautista/Downloads/PrecisionSkin/Classes/Acne/acne-face-14__ProtectWyJQcm90ZWN0Il0_FocusFillWzI5NCwyMjIsInkiLDg1XQ.jpeg,partial_face,train,acne-face-14__protectwyjqcm90zwn0il0_focusfillwzi5ncwymjisinkildg1xq.jpeg,pseudo-label + correct (training),False,,False,False
acne45.png,C:/Users/Bautista/Downloads/PrecisionSkin/Classes/Acne/acne45.png,close_up_facial,train,acne45.png,pseudo-label + correct (training),False,,False,False
upscaled_1143_png.rf.5e8e2d8fc81639053a3e9f87af3ac42c.jpg,C:/Users/Bautista/Downloads/PrecisionSkin/Classes/Acne/upscaled_1143_png.rf.5e8e2d8fc81639053a3e9f87af3ac42c.jpg,close_up_facial,train,upscaled_1143_png,pseudo-label + correct (training),False,,False,False
upscaled_2014_png.rf.fb21b9271ce5e79a74bb0d1f0af77fcb.jpg,C:/Users/Bautista/Downloads/PrecisionSkin/Classes/Acne/upscaled_2014_png.rf.fb21b9271ce5e79a74bb0d1f0af77fcb.jpg,close_up_facial,train,upscaled_2014_png,pseudo-label + correct (training),False,,False,False
upscaled_101_png.rf.b19d70d5e8079731889027831873551e.jpg,C:/Users/Bautista/Downloads/PrecisionSkin/Classes/Acne/upscaled_101_png.rf.b19d70d5e8079731889027831873551e.jpg,close_up_facial,train,upscaled_101_png,pseudo-label + correct (training),False,,False,False
levle1_382_jpg.rf.3acc02e476afa63a602d9b0deb966155.jpg,C:/Users/Bautista/Downloads/PrecisionSkin/Classes/Acne/levle1_382_jpg.rf.3acc02e476afa63a602d9b0deb966155.jpg,partial_face,train,levle1_382_jpg,pseudo-label + correct (training),False,,True,True
upscaled_2700_png.rf.19e48b52aa4de87707886c53e2cd453e.jpg,C:/Users/Bautista/Downloads/PrecisionSkin/Classes/Acne/upscaled_2700_png.rf.19e48b52aa4de87707886c53e2cd453e.jpg,full_face,train,upscaled_2700_png,pseudo-label + correct (training),False,,False,False
acne-cystic-57_jpg.rf.0844779f80499e346c912803da355752.jpg,C:/Users/Bautista/Downloads/PrecisionSkin/Classes/Acne/acne-cystic-57_jpg.rf.0844779f80499e346c912803da355752.jpg,close_up_facial,train,acne-cystic-57_jpg,pseudo-label + correct (training),False,,False,False
pigmentation_0_5039.jpeg,C:/Users/Bautista/Downloads/PrecisionSkin/Classes/Acne/pigmentation_0_5039.jpeg,partial_face,train,pigmentation_0_5039.jpeg,pseudo-label + correct (training),False,,False,False
upscaled_1704_png.rf.9f337f4ffb95d67543db55b8ae73e7a7.jpg,C:/Users/Bautista/Downloads/PrecisionSkin/Classes/Acne/upscaled_1704_png.rf.9f337f4ffb95d67543db55b8ae73e7a7.jpg,close_up_facial,train,upscaled_1704_png,pseudo-label + correct (training),False,,False,False
Acne_122.jpg,C:/Users/Bautista/Downloads/PrecisionSkin/Classes/Acne/Acne_122.jpg,close_up_facial,train,acne_122.jpg,pseudo-label + correct (training),False,,False,False
acne57.png,C:/Users/Bautista/Downloads/PrecisionSkin/Classes/Acne/acne57.png,partial_face,train,acne57.png,pseudo-label + correct (training),False,,False,False
pvhhnuftvjp31_png.rf.356d941bbd5a13ede820ef887a7fae43.jpg,C:/Users/Bautista/Downloads/PrecisionSkin/Classes/Acne/pvhhnuftvjp31_png.rf.356d941bbd5a13ede820ef887a7fae43.jpg,partial_face,train,pvhhnuftvjp31_png,pseudo-label + correct (training),False,,False,False
pigmentation_0_291.jpeg,C:/Users/Bautista/Downloads/PrecisionSkin/Classes/Acne/pigmentation_0_291.jpeg,partial_face,train,pigmentation_0_291.jpeg,pseudo-label + correct (training),False,,False,False
pigmentation_0_2506_jpeg.rf.365d6bd6239153b143c4a588748f3fbe.jpg,C:/Users/Bautista/Downloads/PrecisionSkin/Classes/Acne/pigmentation_0_2506_jpeg.rf.365d6bd6239153b143c4a588748f3fbe.jpg,partial_face,train,pigmentation_0_2506_jpeg,pseudo-label + correct (training),False,,False,False
upscaled_248_png.rf.5dd00d79351393d7dfc408676ed24404.jpg,C:/Users/Bautista/Downloads/PrecisionSkin/Classes/Acne/upscaled_248_png.rf.5dd00d79351393d7dfc408676ed24404.jpg,full_face,train,upscaled_248_png,pseudo-label + correct (training),False,,False,False
f7d8df8c60aa6b73bc15a59ad57c79a5.jpg,C:/Users/Bautista/Downloads/PrecisionSkin/Classes/Acne/f7d8df8c60aa6b73bc15a59ad57c79a5.jpg,close_up_facial,train,f7d8df8c60aa6b73bc15a59ad57c79a5.jpg,pseudo-label + correct (training),False,,False,False
upscaled_1886_png.rf.df894662573e64b526b55e0dc563b87a.jpg,C:/Users/Bautista/Downloads/PrecisionSkin/Classes/Acne/upscaled_1886_png.rf.df894662573e64b526b55e0dc563b87a.jpg,full_face,train,upscaled_1886_png,pseudo-label + correct (training),False,,False,False
acne-infantile-1_jpg.rf.964cd27869e56ed96d988186899cbb88.jpg,C:/Users/Bautista/Downloads/PrecisionSkin/Classes/Acne/acne-infantile-1_jpg.rf.964cd27869e56ed96d988186899cbb88.jpg,partial_face,train,acne-infantile-1_jpg,pseudo-label + correct (training),True,Acne,False,True
17_jpg.rf.f7ab3aa23151f14adae6677542a34945.jpg,C:/Users/Bautista/Downloads/PrecisionSkin/Classes/Acne/17_jpg.rf.f7ab3aa23151f14adae6677542a34945.jpg,partial_face,train,17_jpg,pseudo-label + correct (training),False,,False,False
perioral-dermatitis-141_jpg.rf.06ca9d286bb62a2cf660f547af100640.jpg,C:/Users/Bautista/Downloads/PrecisionSkin/Classes/Acne/perioral-dermatitis-141_jpg.rf.06ca9d286bb62a2cf660f547af100640.jpg,partial_face,train,perioral-dermatitis-141_jpg,pseudo-label + correct (training),False,,False,False
25_jpg.rf.252f9832ded21f1c07e421da72cb2e0a.jpg,C:/Users/Bautista/Downloads/PrecisionSkin/Classes/Acne/25_jpg.rf.252f9832ded21f1c07e421da72cb2e0a.jpg,partial_face,train,25_jpg,pseudo-label + correct (training),False,,False,False
acne-face-73__ProtectWyJQcm90ZWN0Il0_FocusFillWzI5NCwyMjIsIngiLDFd.jpeg,C:/Users/Bautista/Downloads/PrecisionSkin/Classes/Acne/acne-face-73__ProtectWyJQcm90ZWN0Il0_FocusFillWzI5NCwyMjIsIngiLDFd.jpeg,close_up_facial,train,acne-face-73__protectwyjqcm90zwn0il0_focusfillwzi5ncwymjisingildfd.jpeg,pseudo-label + correct (training),False,,False,False
aug_233_acne-cystic-126.jpg,C:/Users/Bautista/Downloads/PrecisionSkin/Classes/Acne/aug_233_acne-cystic-126.jpg,partial_face,train,aug_233_acne-cystic-126.jpg,pseudo-label + correct (training),False,,False,False
aug_57_img_4942.png,C:/Users/Bautista/Downloads/PrecisionSkin/Classes/Acne/aug_57_img_4942.png,partial_face,train,aug_57_img_4942.png,pseudo-label + correct (training),False,,False,False
6643638913728650262.png,C:/Users/Bautista/Downloads/PrecisionSkin/Classes/Acne/6643638913728650262.png,partial_face,train,6643638913728650262.png,pseudo-label + correct (training),False,,False,False
pigmentation_0_6846_jpeg.rf.1e5c601fa77b0b6db45d316ced16c2c4.jpg,C:/Users/Bautista/Downloads/PrecisionSkin/Classes/Acne/pigmentation_0_6846_jpeg.rf.1e5c601fa77b0b6db45d316ced16c2c4.jpg,partial_face,train,pigmentation_0_6846_jpeg,pseudo-label + correct (training),False,,False,False
aug_0_279.jpg,C:/Users/Bautista/Downloads/PrecisionSkin/Classes/Acne/aug_0_279.jpg,close_up_facial,train,aug_0_279.jpg,pseudo-label + correct (training),False,,False,False
rosacea-steroid-1_jpg.rf.7954ec1da3fa4b5b09da278d3b7e98b2.jpg,C:/Users/Bautista/Downloads/PrecisionSkin/Classes/Acne/rosacea-steroid-1_jpg.rf.7954ec1da3fa4b5b09da278d3b7e98b2.jpg,partial_face,train,rosacea-steroid-1_jpg,pseudo-label + correct (training),False,,False,False
upscaled_1966_png.rf.f67f01e152fb0c022b07c352d9f9bf62.jpg,C:/Users/Bautista/Downloads/PrecisionSkin/Classes/Acne/upscaled_1966_png.rf.f67f01e152fb0c022b07c352d9f9bf62.jpg,close_up_facial,train,upscaled_1966_png,pseudo-label + correct (training),False,,False,False
Acne_297.jpg,C:/Users/Bautista/Downloads/PrecisionSkin/Classes/Acne/Acne_297.jpg,partial_face,train,acne_297.jpg,pseudo-label + correct (training),True,Acne,False,True
acne198.png,C:/Users/Bautista/Downloads/PrecisionSkin/Classes/Acne/acne198.png,partial_face,train,acne198.png,pseudo-label + correct (training),True,Acne,False,True
pigmentation_0_7937_jpeg.rf.9859adfc5e7c661f248f821bae661dc2.jpg,C:/Users/Bautista/Downloads/PrecisionSkin/Classes/Acne/pigmentation_0_7937_jpeg.rf.9859adfc5e7c661f248f821bae661dc2.jpg,partial_face,train,pigmentation_0_7937_jpeg,pseudo-label + correct (training),False,,False,False
acne-face-3-1__ProtectWyJQcm90ZWN0Il0_FocusFillWzI5NCwyMjIsIngiLDFd.jpeg,C:/Users/Bautista/Downloads/PrecisionSkin/Classes/Acne/acne-face-3-1__ProtectWyJQcm90ZWN0Il0_FocusFillWzI5NCwyMjIsIngiLDFd.jpeg,close_up_facial,train,acne-face-3-1__protectwyjqcm90zwn0il0_focusfillwzi5ncwymjisingildfd.jpeg,pseudo-label + correct (training),False,,False,False
R (36).jpg,C:/Users/Bautista/Downloads/PrecisionSkin/Classes/Acne/R (36).jpg,full_face,train,r (36).jpg,pseudo-label + correct (training),False,,False,False
levle3_106_jpg.rf.3b44aa75b7b1905186ed320c79cb5506.jpg,C:/Users/Bautista/Downloads/PrecisionSkin/Classes/Acne/levle3_106_jpg.rf.3b44aa75b7b1905186ed320c79cb5506.jpg,partial_face,train,levle3_106_jpg,pseudo-label + correct (training),False,,True,True
R-33-_jpg.rf.cc16e99d61831304172bff50a1d9e581.jpg,C:/Users/Bautista/Downloads/PrecisionSkin/Classes/Acne/R-33-_jpg.rf.cc16e99d61831304172bff50a1d9e581.jpg,partial_face,train,r-33-_jpg,pseudo-label + correct (training),False,,False,False
acne192.png,C:/Users/Bautista/Downloads/PrecisionSkin/Classes/Acne/acne192.png,partial_face,train,acne192.png,pseudo-label + correct (training),False,,False,False
Active-Acne-Treatment3_jpg.rf.b2bfbae82cfd464348077b2b38f78616.jpg,C:/Users/Bautista/Downloads/PrecisionSkin/Classes/Acne/Active-Acne-Treatment3_jpg.rf.b2bfbae82cfd464348077b2b38f78616.jpg,close_up_facial,train,active-acne-treatment3_jpg,pseudo-label + correct (training),False,,False,False
acne-pustular-4.jpeg,C:/Users/Bautista/Downloads/PrecisionSkin/Classes/Acne/acne-pustular-4.jpeg,partial_face,train,acne-pustular-4.jpeg,pseudo-label + correct (training),False,,False,False
aug_0_7969.jpg,C:/Users/Bautista/Downloads/PrecisionSkin/Classes/Acne/aug_0_7969.jpg,close_up_facial,train,aug_0_7969.jpg,pseudo-label + correct (training),False,,False,False
acne-pustulesandpapules-1593x2048_jpg.rf.fe655e97361e59659409d1dfd80c8ed9.jpg,C:/Users/Bautista/Downloads/PrecisionSkin/Classes/Acne/acne-pustulesandpapules-1593x2048_jpg.rf.fe655e97361e59659409d1dfd80c8ed9.jpg,close_up_facial,train,acne-pustulesandpapules-1593x2048_jpg,pseudo-label + correct (training),True,Acne,False,True
upscaled_1491_png.rf.255820e11e16fe44f1e44edc1b5c0e6c.jpg,C:/Users/Bautista/Downloads/PrecisionSkin/Classes/Acne/upscaled_1491_png.rf.255820e11e16fe44f1e44edc1b5c0e6c.jpg,close_up_facial,train,upscaled_1491_png,pseudo-label + correct (training),False,,False,False
aug_0_7026.jpg,C:/Users/Bautista/Downloads/PrecisionSkin/Classes/Acne/aug_0_7026.jpg,partial_face,train,aug_0_7026.jpg,pseudo-label + correct (training),False,,False,False
upscaled_78_png.rf.df3076328bc5182c710f5fb5d8baaa94.jpg,C:/Users/Bautista/Downloads/PrecisionSkin/Classes/Acne/upscaled_78_png.rf.df3076328bc5182c710f5fb5d8baaa94.jpg,partial_face,train,upscaled_78_png,pseudo-label + correct (training),False,,False,False
aug_0_7812.jpg,C:/Users/Bautista/Downloads/PrecisionSkin/Classes/Acne/aug_0_7812.jpg,close_up_facial,train,aug_0_7812.jpg,pseudo-label + correct (training),False,,False,False
upscaled_1871_png.rf.215ea0f3b09285e9189f663e14836e43.jpg,C:/Users/Bautista/Downloads/PrecisionSkin/Classes/Acne/upscaled_1871_png.rf.215ea0f3b09285e9189f663e14836e43.jpg,close_up_facial,train,upscaled_1871_png,pseudo-label + correct (training),False,,False,False
pigmentation_0_4861.jpeg,C:/Users/Bautista/Downloads/PrecisionSkin/Classes/Acne/pigmentation_0_4861.jpeg,partial_face,train,pigmentation_0_4861.jpeg,pseudo-label + correct (training),False,,False,False
pigmentation_0_1554_jpeg.rf.1aa9393e5f9b25ee1e69c779d04ab72c.jpg,C:/Users/Bautista/Downloads/PrecisionSkin/Classes/Acne/pigmentation_0_1554_jpeg.rf.1aa9393e5f9b25ee1e69c779d04ab72c.jpg,partial_face,train,pigmentation_0_1554_jpeg,pseudo-label + correct (training),False,,False,False
pigmentation_0_3737_jpeg.rf.2670e44a3104c3e8cd0d84d99d32cb96.jpg,C:/Users/Bautista/Downloads/PrecisionSkin/Classes/Acne/pigmentation_0_3737_jpeg.rf.2670e44a3104c3e8cd0d84d99d32cb96.jpg,close_up_facial,train,pigmentation_0_3737_jpeg,pseudo-label + correct (training),False,,False,False
acne38.png,C:/Users/Bautista/Downloads/PrecisionSkin/Classes/Acne/acne38.png,partial_face,train,acne38.png,pseudo-label + correct (training),False,,False,False
upscaled_1181_png.rf.fd54498fc33bdfbc22f979318629fb48.jpg,C:/Users/Bautista/Downloads/PrecisionSkin/Classes/Acne/upscaled_1181_png.rf.fd54498fc33bdfbc22f979318629fb48.jpg,close_up_facial,train,upscaled_1181_png,pseudo-label + correct (training),False,,False,False
Acne_168.jpg,C:/Users/Bautista/Downloads/PrecisionSkin/Classes/Acne/Acne_168.jpg,close_up_facial,train,acne_168.jpg,pseudo-label + correct (training),False,,False,False
aug_254_acne-face-48__ProtectWyJQcm90ZWN0Il0_FocusFillWzI5NCwyMjIsIngiLDFd.jpeg,C:/Users/Bautista/Downloads/PrecisionSkin/Classes/Acne/aug_254_acne-face-48__ProtectWyJQcm90ZWN0Il0_FocusFillWzI5NCwyMjIsIngiLDFd.jpeg,close_up_facial,train,aug_254_acne-face-48__protectwyjqcm90zwn0il0_focusfillwzi5ncwymjisingildfd.jpeg,pseudo-label + correct (training),False,,False,False
levle3_82_jpg.rf.a7c5f4b46b168c6ce52862e7fb2e8fbb.jpg,C:/Users/Bautista/Downloads/PrecisionSkin/Classes/Acne/levle3_82_jpg.rf.a7c5f4b46b168c6ce52862e7fb2e8fbb.jpg,full_face,train,levle3_82_jpg,pseudo-label + correct (training),False,,True,True
acne-open-comedo-34_jpg.rf.31b9f07e778622f124446f510632bbe2.jpg,C:/Users/Bautista/Downloads/PrecisionSkin/Classes/Acne/acne-open-comedo-34_jpg.rf.31b9f07e778622f124446f510632bbe2.jpg,partial_face,train,acne-open-comedo-34_jpg,pseudo-label + correct (training),False,,False,False
levle1_470_jpg.rf.a664a5e9ebc261c20dcc0b249576b153.jpg,C:/Users/Bautista/Downloads/PrecisionSkin/Classes/Acne/levle1_470_jpg.rf.a664a5e9ebc261c20dcc0b249576b153.jpg,partial_face,train,levle1_470_jpg,pseudo-label + correct (training),False,,True,True
aug_0_5171.jpg,C:/Users/Bautista/Downloads/PrecisionSkin/Classes/Acne/aug_0_5171.jpg,partial_face,train,aug_0_5171.jpg,pseudo-label + correct (training),False,,False,False
upscaled_517_png.rf.1fbf0f24a3043dafc4d02956f7f09fe1.jpg,C:/Users/Bautista/Downloads/PrecisionSkin/Classes/Acne/upscaled_517_png.rf.1fbf0f24a3043dafc4d02956f7f09fe1.jpg,close_up_facial,train,upscaled_517_png,pseudo-label + correct (training),False,,False,False
Acne_30.jpg,C:/Users/Bautista/Downloads/PrecisionSkin/Classes/Acne/Acne_30.jpg,partial_face,train,acne_30.jpg,pseudo-label + correct (training),False,,False,False
aug_0_4332.jpg,C:/Users/Bautista/Downloads/PrecisionSkin/Classes/Acne/aug_0_4332.jpg,partial_face,train,aug_0_4332.jpg,pseudo-label + correct (training),False,,False,False
upscaled_968_png.rf.032d1f20708d6fd9a8238dfe6852b835.jpg,C:/Users/Bautista/Downloads/PrecisionSkin/Classes/Acne/upscaled_968_png.rf.032d1f20708d6fd9a8238dfe6852b835.jpg,close_up_facial,train,upscaled_968_png,pseudo-label + correct (training),False,,False,False
aug_0_1294.jpg,C:/Users/Bautista/Downloads/PrecisionSkin/Classes/Acne/aug_0_1294.jpg,partial_face,train,aug_0_1294.jpg,pseudo-label + correct (training),False,,False,False
upscaled_1182_png.rf.1b0a22791e02d1801591d7e67619ed4f.jpg,C:/Users/Bautista/Downloads/PrecisionSkin/Classes/Acne/upscaled_1182_png.rf.1b0a22791e02d1801591d7e67619ed4f.jpg,close_up_facial,train,upscaled_1182_png,pseudo-label + correct (training),False,,False,False
upscaled_2264_png.rf.4708f1c4c90316a3e78e06bdc71bd943.jpg,C:/Users/Bautista/Downloads/PrecisionSkin/Classes/Acne/upscaled_2264_png.rf.4708f1c4c90316a3e78e06bdc71bd943.jpg,close_up_facial,train,upscaled_2264_png,pseudo-label + correct (training),False,,False,False
maxresdefault (1).jpg,C:/Users/Bautista/Downloads/PrecisionSkin/Classes/Acne/maxresdefault (1).jpg,partial_face,train,maxresdefault (1).jpg,pseudo-label + correct (training),False,,False,False
upscaled_1044_png.rf.1bca94f8f7023ed46b47c7324f3d0cc0.jpg,C:/Users/Bautista/Downloads/PrecisionSkin/Classes/Acne/upscaled_1044_png.rf.1bca94f8f7023ed46b47c7324f3d0cc0.jpg,close_up_facial,train,upscaled_1044_png,pseudo-label + correct (training),False,,False,False
upscaled_1998_png.rf.220feff25253a8424c2a4bcd4e083e56.jpg,C:/Users/Bautista/Downloads/PrecisionSkin/Classes/Acne/upscaled_1998_png.rf.220feff25253a8424c2a4bcd4e083e56.jpg,close_up_facial,train,upscaled_1998_png,pseudo-label + correct (training),False,,False,False
looking-at-acne-skin-800x534_jpg.rf.d77fe40aaea04566f3b3de2b86b5f208.jpg,C:/Users/Bautista/Downloads/PrecisionSkin/Classes/Acne/looking-at-acne-skin-800x534_jpg.rf.d77fe40aaea04566f3b3de2b86b5f208.jpg,partial_face,train,looking-at-acne-skin-800x534_jpg,pseudo-label + correct (training),False,,False,False
acne77.png,C:/Users/Bautista/Downloads/PrecisionSkin/Classes/Acne/acne77.png,close_up_facial,train,acne77.png,pseudo-label + correct (training),True,Acne,False,True
aug_79_34.jpg,C:/Users/Bautista/Downloads/PrecisionSkin/Classes/Acne/aug_79_34.jpg,partial_face,train,aug_79_34.jpg,pseudo-label + correct (training),False,,False,False
upscaled_412_png.rf.d36eac0e20dcfce27c8efe847a90fe3a.jpg,C:/Users/Bautista/Downloads/PrecisionSkin/Classes/Acne/upscaled_412_png.rf.d36eac0e20dcfce27c8efe847a90fe3a.jpg,close_up_facial,train,upscaled_412_png,pseudo-label + correct (training),False,,False,False
acne-cystic-116.jpeg,C:/Users/Bautista/Downloads/PrecisionSkin/Classes/Acne/acne-cystic-116.jpeg,close_up_facial,train,acne-cystic-116.jpeg,pseudo-label + correct (training),False,,False,False
aug_130_acne-pustular-26.jpg,C:/Users/Bautista/Downloads/PrecisionSkin/Classes/Acne/aug_130_acne-pustular-26.jpg,close_up_facial,train,aug_130_acne-pustular-26.jpg,pseudo-label + correct (training),False,,False,False
acne-face-8-3__ProtectWyJQcm90ZWN0Il0_FocusFillWzI5NCwyMjIsIngiLDFd.jpeg,C:/Users/Bautista/Downloads/PrecisionSkin/Classes/Acne/acne-face-8-3__ProtectWyJQcm90ZWN0Il0_FocusFillWzI5NCwyMjIsIngiLDFd.jpeg,partial_face,train,acne-face-8-3__protectwyjqcm90zwn0il0_focusfillwzi5ncwymjisingildfd.jpeg,pseudo-label + correct (training),False,,False,False
pigmentation_0_789_jpeg.rf.3db52787643ed60285f76856a8d490be.jpg,C:/Users/Bautista/Downloads/PrecisionSkin/Classes/Acne/pigmentation_0_789_jpeg.rf.3db52787643ed60285f76856a8d490be.jpg,close_up_facial,train,pigmentation_0_789_jpeg,pseudo-label + correct (training),False,,False,False
upscaled_122_png.rf.b2113f62b723220b6309c53c2eb30440.jpg,C:/Users/Bautista/Downloads/PrecisionSkin/Classes/Acne/upscaled_122_png.rf.b2113f62b723220b6309c53c2eb30440.jpg,close_up_facial,train,upscaled_122_png,pseudo-label + correct (training),False,,False,False
levle2_98_jpg.rf.3bc04ac87cc0509ae439b96575c1925c.jpg,C:/Users/Bautista/Downloads/PrecisionSkin/Classes/Acne/levle2_98_jpg.rf.3bc04ac87cc0509ae439b96575c1925c.jpg,partial_face,train,levle2_98_jpg,pseudo-label + correct (training),False,,True,True
acne-face-16__ProtectWyJQcm90ZWN0Il0_FocusFillWzI5NCwyMjIsIngiLDFd.jpeg,C:/Users/Bautista/Downloads/PrecisionSkin/Classes/Acne/acne-face-16__ProtectWyJQcm90ZWN0Il0_FocusFillWzI5NCwyMjIsIngiLDFd.jpeg,close_up_facial,train,acne-face-16__protectwyjqcm90zwn0il0_focusfillwzi5ncwymjisingildfd.jpeg,pseudo-label + correct (training),False,,False,False
upscaled_757_png.rf.c923cd19dad605642d0dcd01598d78c2.jpg,C:/Users/Bautista/Downloads/PrecisionSkin/Classes/Acne/upscaled_757_png.rf.c923cd19dad605642d0dcd01598d78c2.jpg,close_up_facial,train,upscaled_757_png,pseudo-label + correct (training),False,,False,False
acne11.jpg,C:/Users/Bautista/Downloads/PrecisionSkin/Classes/Acne/acne11.jpg,partial_face,train,acne11.jpg,pseudo-label + correct (training),False,,False,False
-2655426331282625713.png,C:/Users/Bautista/Downloads/PrecisionSkin/Classes/Acne/-2655426331282625713.png,close_up_facial,train,-2655426331282625713.png,pseudo-label + correct (training),False,,False,False
upscaled_819_png.rf.cd5f1d48372079c622d1304c7812b29e.jpg,C:/Users/Bautista/Downloads/PrecisionSkin/Classes/Acne/upscaled_819_png.rf.cd5f1d48372079c622d1304c7812b29e.jpg,close_up_facial,train,upscaled_819_png,pseudo-label + correct (training),False,,False,False
upscaled_2149_png.rf.ceda779b39ffe2aba13bef96ac190d68.jpg,C:/Users/Bautista/Downloads/PrecisionSkin/Classes/Acne/upscaled_2149_png.rf.ceda779b39ffe2aba13bef96ac190d68.jpg,close_up_facial,train,upscaled_2149_png,pseudo-label + correct (training),False,,False,False
How-I-Cleared-My-Acne2_png.rf.16defb652ba92843b570020c8217d2dc.jpg,C:/Users/Bautista/Downloads/PrecisionSkin/Classes/Acne/How-I-Cleared-My-Acne2_png.rf.16defb652ba92843b570020c8217d2dc.jpg,partial_face,train,how-i-cleared-my-acne2_png,pseudo-label + correct (training),False,,False,False
pigmentation_0_4921_jpeg.rf.fda4e98b2f6325edd376e1c756507087.jpg,C:/Users/Bautista/Downloads/PrecisionSkin/Classes/Acne/pigmentation_0_4921_jpeg.rf.fda4e98b2f6325edd376e1c756507087.jpg,close_up_facial,train,pigmentation_0_4921_jpeg,pseudo-label + correct (training),False,,False,False
aug_3_acne-face-3-3__ProtectWyJQcm90ZWN0Il0_FocusFillWzI5NCwyMjIsIngiLDFd.jpeg,C:/Users/Bautista/Downloads/PrecisionSkin/Classes/Acne/aug_3_acne-face-3-3__ProtectWyJQcm90ZWN0Il0_FocusFillWzI5NCwyMjIsIngiLDFd.jpeg,close_up_facial,train,aug_3_acne-face-3-3__protectwyjqcm90zwn0il0_focusfillwzi5ncwymjisingildfd.jpeg,pseudo-label + correct (training),False,,False,False
acne-face-2-23__ProtectWyJQcm90ZWN0Il0_FocusFillWzI5NCwyMjIsIngiLDFd.jpeg,C:/Users/Bautista/Downloads/PrecisionSkin/Classes/Acne/acne-face-2-23__ProtectWyJQcm90ZWN0Il0_FocusFillWzI5NCwyMjIsIngiLDFd.jpeg,close_up_facial,train,acne-face-2-23__protectwyjqcm90zwn0il0_focusfillwzi5ncwymjisingildfd.jpeg,pseudo-label + correct (training),False,,False,False
acne-face-1-48__ProtectWyJQcm90ZWN0Il0_FocusFillWzI5NCwyMjIsIngiLDFd.jpeg,C:/Users/Bautista/Downloads/PrecisionSkin/Classes/Acne/acne-face-1-48__ProtectWyJQcm90ZWN0Il0_FocusFillWzI5NCwyMjIsIngiLDFd.jpeg,close_up_facial,train,acne-face-1-48__protectwyjqcm90zwn0il0_focusfillwzi5ncwymjisingildfd.jpeg,pseudo-label + correct (training),False,,False,False
Acne_191.jpg,C:/Users/Bautista/Downloads/PrecisionSkin/Classes/Acne/Acne_191.jpg,close_up_facial,train,acne_191.jpg,pseudo-label + correct (training),False,,False,False
acne-face-2-2__ProtectWyJQcm90ZWN0Il0_FocusFillWzI5NCwyMjIsIngiLDE4XQ.jpeg,C:/Users/Bautista/Downloads/PrecisionSkin/Classes/Acne/acne-face-2-2__ProtectWyJQcm90ZWN0Il0_FocusFillWzI5NCwyMjIsIngiLDE4XQ.jpeg,close_up_facial,train,acne-face-2-2__protectwyjqcm90zwn0il0_focusfillwzi5ncwymjisingilde4xq.jpeg,pseudo-label + correct (training),False,,False,False
aug_215_acne-open-comedo-24.jpg,C:/Users/Bautista/Downloads/PrecisionSkin/Classes/Acne/aug_215_acne-open-comedo-24.jpg,close_up_facial,train,aug_215_acne-open-comedo-24.jpg,pseudo-label + correct (training),False,,False,False
pigmentation_0_4771_jpeg.rf.6e2946fb9044638c8758475eb1d7910d.jpg,C:/Users/Bautista/Downloads/PrecisionSkin/Classes/Acne/pigmentation_0_4771_jpeg.rf.6e2946fb9044638c8758475eb1d7910d.jpg,partial_face,train,pigmentation_0_4771_jpeg,pseudo-label + correct (training),False,,False,False
Acne_197.jpg,C:/Users/Bautista/Downloads/PrecisionSkin/Classes/Acne/Acne_197.jpg,close_up_facial,train,acne_197.jpg,pseudo-label + correct (training),False,,False,False
upscaled_1129_png.rf.9cf171da94fb90accb8ca17265a54375.jpg,C:/Users/Bautista/Downloads/PrecisionSkin/Classes/Acne/upscaled_1129_png.rf.9cf171da94fb90accb8ca17265a54375.jpg,close_up_facial,train,upscaled_1129_png,pseudo-label + correct (training),False,,False,False
upscaled_316_png.rf.4c245998e9368d6675723ba06c82c665.jpg,C:/Users/Bautista/Downloads/PrecisionSkin/Classes/Acne/upscaled_316_png.rf.4c245998e9368d6675723ba06c82c665.jpg,close_up_facial,train,upscaled_316_png,pseudo-label + correct (training),False,,False,False
pigmentation_0_7008_jpeg.rf.559193009bf1e7f60c30a97e651df5af.jpg,C:/Users/Bautista/Downloads/PrecisionSkin/Classes/Acne/pigmentation_0_7008_jpeg.rf.559193009bf1e7f60c30a97e651df5af.jpg,close_up_facial,train,pigmentation_0_7008_jpeg,pseudo-label + correct (training),False,,False,False
aug_0_431.jpg,C:/Users/Bautista/Downloads/PrecisionSkin/Classes/Acne/aug_0_431.jpg,close_up_facial,train,aug_0_431.jpg,pseudo-label + correct (training),False,,False,False
pigmentation_0_57_jpeg.rf.f4e47e4ed38f7709258c85207a274797.jpg,C:/Users/Bautista/Downloads/PrecisionSkin/Classes/Acne/pigmentation_0_57_jpeg.rf.f4e47e4ed38f7709258c85207a274797.jpg,close_up_facial,train,pigmentation_0_57_jpeg,pseudo-label + correct (training),False,,False,False
upscaled_1087_png.rf.3cca668197e30e6f67358b591011dc7a.jpg,C:/Users/Bautista/Downloads/PrecisionSkin/Classes/Acne/upscaled_1087_png.rf.3cca668197e30e6f67358b591011dc7a.jpg,close_up_facial,train,upscaled_1087_png,pseudo-label + correct (training),False,,False,False
pigmentation_0_2298.jpeg,C:/Users/Bautista/Downloads/PrecisionSkin/Classes/Acne/pigmentation_0_2298.jpeg,partial_face,train,pigmentation_0_2298.jpeg,pseudo-label + correct (training),False,,False,False
aug_24_acne-205-v2__ProtectWyJQcm90ZWN0Il0_FocusFillWzI5NCwyMjIsIngiLDFd.jpeg,C:/Users/Bautista/Downloads/PrecisionSkin/Classes/Acne/aug_24_acne-205-v2__ProtectWyJQcm90ZWN0Il0_FocusFillWzI5NCwyMjIsIngiLDFd.jpeg,close_up_facial,train,aug_24_acne-205-v2__protectwyjqcm90zwn0il0_focusfillwzi5ncwymjisingildfd.jpeg,pseudo-label + correct (training),False,,False,False
aug_0_5806.jpg,C:/Users/Bautista/Downloads/PrecisionSkin/Classes/Acne/aug_0_5806.jpg,close_up_facial,train,aug_0_5806.jpg,pseudo-label + correct (training),False,,False,False
acne-face-1-24__ProtectWyJQcm90ZWN0Il0_FocusFillWzI5NCwyMjIsIngiLDFd.jpeg,C:/Users/Bautista/Downloads/PrecisionSkin/Classes/Acne/acne-face-1-24__ProtectWyJQcm90ZWN0Il0_FocusFillWzI5NCwyMjIsIngiLDFd.jpeg,partial_face,train,acne-face-1-24__protectwyjqcm90zwn0il0_focusfillwzi5ncwymjisingildfd.jpeg,pseudo-label + correct (training),False,,False,False
levle1_412_jpg.rf.8256b7c768c47913d80b07abc7d46251.jpg,C:/Users/Bautista/Downloads/PrecisionSkin/Classes/Acne/levle1_412_jpg.rf.8256b7c768c47913d80b07abc7d46251.jpg,full_face,train,levle1_412_jpg,pseudo-label + correct (training),False,,True,True
acne-pustular-30_jpg.rf.e18681e505ba112856e1bbcac13f97bf.jpg,C:/Users/Bautista/Downloads/PrecisionSkin/Classes/Acne/acne-pustular-30_jpg.rf.e18681e505ba112856e1bbcac13f97bf.jpg,close_up_facial,train,acne-pustular-30_jpg,pseudo-label + correct (training),True,Acne,False,True
upscaled_1740_png.rf.2b454c89199c093abafeeb924a864e20.jpg,C:/Users/Bautista/Downloads/PrecisionSkin/Classes/Acne/upscaled_1740_png.rf.2b454c89199c093abafeeb924a864e20.jpg,close_up_facial,train,upscaled_1740_png,pseudo-label + correct (training),False,,False,False
pigmentation_0_907_jpeg.rf.5c5ee69b881db7baf979fbbdfa2ab4d1.jpg,C:/Users/Bautista/Downloads/PrecisionSkin/Classes/Acne/pigmentation_0_907_jpeg.rf.5c5ee69b881db7baf979fbbdfa2ab4d1.jpg,partial_face,train,pigmentation_0_907_jpeg,pseudo-label + correct (training),False,,False,False
acne-face-2-19__ProtectWyJQcm90ZWN0Il0_FocusFillWzI5NCwyMjIsIngiLDFd_jpg.rf.153978f219ea8a3368236d67ca1018c6.jpg,C:/Users/Bautista/Downloads/PrecisionSkin/Classes/Acne/acne-face-2-19__ProtectWyJQcm90ZWN0Il0_FocusFillWzI5NCwyMjIsIngiLDFd_jpg.rf.153978f219ea8a3368236d67ca1018c6.jpg,close_up_facial,train,acne-face-2-19__protectwyjqcm90zwn0il0_focusfillwzi5ncwymjisingildfd_jpg,pseudo-label + correct (training),False,,False,False
aug_0_3411.jpg,C:/Users/Bautista/Downloads/PrecisionSkin/Classes/Acne/aug_0_3411.jpg,close_up_facial,train,aug_0_3411.jpg,pseudo-label + correct (training),False,,False,False
-461109342342893159.png,C:/Users/Bautista/Downloads/PrecisionSkin/Classes/Acne/-461109342342893159.png,partial_face,train,-461109342342893159.png,pseudo-label + correct (training),False,,False,False
upscaled_2466_png.rf.8c8ae60ba00fc4e5e7bfdd0ba36071e7.jpg,C:/Users/Bautista/Downloads/PrecisionSkin/Classes/Acne/upscaled_2466_png.rf.8c8ae60ba00fc4e5e7bfdd0ba36071e7.jpg,close_up_facial,train,upscaled_2466_png,pseudo-label + correct (training),False,,False,False
upscaled_2631_png.rf.38a00fbe7fd51e77dd4899ac778df7b9.jpg,C:/Users/Bautista/Downloads/PrecisionSkin/Classes/Acne/upscaled_2631_png.rf.38a00fbe7fd51e77dd4899ac778df7b9.jpg,close_up_facial,train,upscaled_2631_png,pseudo-label + correct (training),False,,False,False
acne111.png,C:/Users/Bautista/Downloads/PrecisionSkin/Classes/Acne/acne111.png,close_up_facial,train,acne111.png,pseudo-label + correct (training),True,Acne,False,True
upscaled_2196_png.rf.65d4f1e7d0f67f499c013cdce72cb266.jpg,C:/Users/Bautista/Downloads/PrecisionSkin/Classes/Acne/upscaled_2196_png.rf.65d4f1e7d0f67f499c013cdce72cb266.jpg,close_up_facial,train,upscaled_2196_png,pseudo-label + correct (training),False,,False,False
R (33).jpg,C:/Users/Bautista/Downloads/PrecisionSkin/Classes/Acne/R (33).jpg,partial_face,train,r (33).jpg,pseudo-label + correct (training),False,,False,False
acne-vulgaris-0003__ProtectWyJQcm90ZWN0Il0_FocusFillWzI5NCwyMjIsIngiLDFd.jpeg,C:/Users/Bautista/Downloads/PrecisionSkin/Classes/Acne/acne-vulgaris-0003__ProtectWyJQcm90ZWN0Il0_FocusFillWzI5NCwyMjIsIngiLDFd.jpeg,partial_face,train,acne-vulgaris-0003__protectwyjqcm90zwn0il0_focusfillwzi5ncwymjisingildfd.jpeg,pseudo-label + correct (training),True,Acne,False,True
aug_71_R (14).jpg,C:/Users/Bautista/Downloads/PrecisionSkin/Classes/Acne/aug_71_R (14).jpg,partial_face,train,aug_71_r (14).jpg,pseudo-label + correct (training),False,,False,False
aug_0_3773.jpg,C:/Users/Bautista/Downloads/PrecisionSkin/Classes/Acne/aug_0_3773.jpg,close_up_facial,train,aug_0_3773.jpg,pseudo-label + correct (training),False,,False,False
21_png.rf.e46be5f8e92e01ebba3f1e1ab77d09d9.jpg,C:/Users/Bautista/Downloads/PrecisionSkin/Classes/Acne/21_png.rf.e46be5f8e92e01ebba3f1e1ab77d09d9.jpg,close_up_facial,train,21_png,pseudo-label + correct (training),False,,False,False
levle1_431_jpg.rf.5d67fa8bdab253548720f4decb9f0ae3.jpg,C:/Users/Bautista/Downloads/PrecisionSkin/Classes/Acne/levle1_431_jpg.rf.5d67fa8bdab253548720f4decb9f0ae3.jpg,partial_face,train,levle1_431_jpg,pseudo-label + correct (training),False,,True,True
Acne_276.jpg,C:/Users/Bautista/Downloads/PrecisionSkin/Classes/Acne/Acne_276.jpg,close_up_facial,train,acne_276.jpg,pseudo-label + correct (training),False,,False,False
pigmentation_0_8856_jpeg.rf.0a336ef873db762bc54468fc2d33ec07.jpg,C:/Users/Bautista/Downloads/PrecisionSkin/Classes/Acne/pigmentation_0_8856_jpeg.rf.0a336ef873db762bc54468fc2d33ec07.jpg,partial_face,train,pigmentation_0_8856_jpeg,pseudo-label + correct (training),False,,False,False
Acne_291.jpg,C:/Users/Bautista/Downloads/PrecisionSkin/Classes/Acne/Acne_291.jpg,close_up_facial,train,acne_291.jpg,pseudo-label + correct (training),False,,False,False
aug_0_8051.jpg,C:/Users/Bautista/Downloads/PrecisionSkin/Classes/Acne/aug_0_8051.jpg,close_up_facial,train,aug_0_8051.jpg,pseudo-label + correct (training),False,,False,False
levle2_118_jpg.rf.827571d509f95e64411415c4021b54a1.jpg,C:/Users/Bautista/Downloads/PrecisionSkin/Classes/Acne/levle2_118_jpg.rf.827571d509f95e64411415c4021b54a1.jpg,full_face,train,levle2_118_jpg,pseudo-label + correct (training),False,,True,True
upscaled_102_png.rf.cb6c10561548dccf1f1fe3e1793d1e29.jpg,C:/Users/Bautista/Downloads/PrecisionSkin/Classes/Acne/upscaled_102_png.rf.cb6c10561548dccf1f1fe3e1793d1e29.jpg,close_up_facial,train,upscaled_102_png,pseudo-label + correct (training),False,,False,False
tumblr_npa77rk2UW1r8l3gko1_400 (1).png,C:/Users/Bautista/Downloads/PrecisionSkin/Classes/Acne/tumblr_npa77rk2UW1r8l3gko1_400 (1).png,partial_face,train,tumblr_npa77rk2uw1r8l3gko1_400 (1).png,pseudo-label + correct (training),False,,False,False
Acne_123.jpg,C:/Users/Bautista/Downloads/PrecisionSkin/Classes/Acne/Acne_123.jpg,close_up_facial,train,acne_123.jpg,pseudo-label + correct (training),False,,False,False
upscaled_1366_png.rf.d59c6899b508a82d8e7c7eb0fb08919f.jpg,C:/Users/Bautista/Downloads/PrecisionSkin/Classes/Acne/upscaled_1366_png.rf.d59c6899b508a82d8e7c7eb0fb08919f.jpg,close_up_facial,train,upscaled_1366_png,pseudo-label + correct (training),False,,False,False
aug_140_pigmentation_0_1476.jpeg,C:/Users/Bautista/Downloads/PrecisionSkin/Classes/Acne/aug_140_pigmentation_0_1476.jpeg,full_face,train,aug_140_pigmentation_0_1476.jpeg,pseudo-label + correct (training),False,,False,False
acne-face-3-8__ProtectWyJQcm90ZWN0Il0_FocusFillWzI5NCwyMjIsIngiLDFd.jpeg,C:/Users/Bautista/Downloads/PrecisionSkin/Classes/Acne/acne-face-3-8__ProtectWyJQcm90ZWN0Il0_FocusFillWzI5NCwyMjIsIngiLDFd.jpeg,close_up_facial,train,acne-face-3-8__protectwyjqcm90zwn0il0_focusfillwzi5ncwymjisingildfd.jpeg,pseudo-label + correct (training),True,Acne,False,True
upscaled_590_png.rf.ca2cb05700419bb6a826e3f19f3ada91.jpg,C:/Users/Bautista/Downloads/PrecisionSkin/Classes/Acne/upscaled_590_png.rf.ca2cb05700419bb6a826e3f19f3ada91.jpg,close_up_facial,train,upscaled_590_png,pseudo-label + correct (training),False,,False,False
aug_0_3415.jpg,C:/Users/Bautista/Downloads/PrecisionSkin/Classes/Acne/aug_0_3415.jpg,close_up_facial,train,aug_0_3415.jpg,pseudo-label + correct (training),False,,False,False
rosacea-50_jpg.rf.abb64cde44d67f897fd75c9b7b333305.jpg,C:/Users/Bautista/Downloads/PrecisionSkin/Classes/Acne/rosacea-50_jpg.rf.abb64cde44d67f897fd75c9b7b333305.jpg,partial_face,train,rosacea-50_jpg,pseudo-label + correct (training),False,,False,False
acne50.png,C:/Users/Bautista/Downloads/PrecisionSkin/Classes/Acne/acne50.png,partial_face,train,acne50.png,pseudo-label + correct (training),False,,False,False
aug_143_pigmentation_0_3668.jpeg,C:/Users/Bautista/Downloads/PrecisionSkin/Classes/Acne/aug_143_pigmentation_0_3668.jpeg,close_up_facial,train,aug_143_pigmentation_0_3668.jpeg,pseudo-label + correct (training),False,,False,False
acne15.png,C:/Users/Bautista/Downloads/PrecisionSkin/Classes/Acne/acne15.png,close_up_facial,train,acne15.png,pseudo-label + correct (training),False,,False,False
acne173.png,C:/Users/Bautista/Downloads/PrecisionSkin/Classes/Acne/acne173.png,close_up_facial,train,acne173.png,pseudo-label + correct (training),False,,False,False
aug_247_acne-closed-comedo-15.jpg,C:/Users/Bautista/Downloads/PrecisionSkin/Classes/Acne/aug_247_acne-closed-comedo-15.jpg,close_up_facial,train,aug_247_acne-closed-comedo-15.jpg,pseudo-label + correct (training),False,,False,False
acne-cystic-27_jpg.rf.fcdcc23c5121ec238bd68538cebcb791.jpg,C:/Users/Bautista/Downloads/PrecisionSkin/Classes/Acne/acne-cystic-27_jpg.rf.fcdcc23c5121ec238bd68538cebcb791.jpg,partial_face,train,acne-cystic-27_jpg,pseudo-label + correct (training),False,,False,False
upscaled_237_png.rf.b14fc8e24f6eaa766e521984d0a63e9f.jpg,C:/Users/Bautista/Downloads/PrecisionSkin/Classes/Acne/upscaled_237_png.rf.b14fc8e24f6eaa766e521984d0a63e9f.jpg,close_up_facial,train,upscaled_237_png,pseudo-label + correct (training),False,,False,False
acne-infantile-10_jpg.rf.afa394001ef55d144480e656431939a9.jpg,C:/Users/Bautista/Downloads/PrecisionSkin/Classes/Acne/acne-infantile-10_jpg.rf.afa394001ef55d144480e656431939a9.jpg,partial_face,train,acne-infantile-10_jpg,pseudo-label + correct (training),False,,False,False
aug_0_8417.jpg,C:/Users/Bautista/Downloads/PrecisionSkin/Classes/Acne/aug_0_8417.jpg,close_up_facial,train,aug_0_8417.jpg,pseudo-label + correct (training),False,,False,False
levle2_121_jpg.rf.f1abfefe77423ebc1944092ce3957624.jpg,C:/Users/Bautista/Downloads/PrecisionSkin/Classes/Acne/levle2_121_jpg.rf.f1abfefe77423ebc1944092ce3957624.jpg,full_face,train,levle2_121_jpg,pseudo-label + correct (training),False,,True,True
aug_0_9447.jpg,C:/Users/Bautista/Downloads/PrecisionSkin/Classes/Acne/aug_0_9447.jpg,close_up_facial,train,aug_0_9447.jpg,pseudo-label + correct (training),False,,False,False
aug_176_acne-cystic-86.jpg,C:/Users/Bautista/Downloads/PrecisionSkin/Classes/Acne/aug_176_acne-cystic-86.jpg,partial_face,train,aug_176_acne-cystic-86.jpg,pseudo-label + correct (training),False,,False,False
rosacea-27_jpg.rf.197f0bedcde4ba6f3820c25784fa24d2.jpg,C:/Users/Bautista/Downloads/PrecisionSkin/Classes/Acne/rosacea-27_jpg.rf.197f0bedcde4ba6f3820c25784fa24d2.jpg,partial_face,train,rosacea-27_jpg,pseudo-label + correct (training),False,,False,False
upscaled_830_png.rf.1c793361aa18a88b377035bd9366cf3b.jpg,C:/Users/Bautista/Downloads/PrecisionSkin/Classes/Acne/upscaled_830_png.rf.1c793361aa18a88b377035bd9366cf3b.jpg,partial_face,train,upscaled_830_png,pseudo-label + correct (training),False,,False,False
upscaled_2224_png.rf.1e48f4fcf1f4a580653d6d943a402dea.jpg,C:/Users/Bautista/Downloads/PrecisionSkin/Classes/Acne/upscaled_2224_png.rf.1e48f4fcf1f4a580653d6d943a402dea.jpg,close_up_facial,train,upscaled_2224_png,pseudo-label + correct (training),False,,False,False
acne.jpg,C:/Users/Bautista/Downloads/PrecisionSkin/Classes/Acne/acne.jpg,close_up_facial,train,acne.jpg,pseudo-label + correct (training),False,,False,False
Acne_60.jpg,C:/Users/Bautista/Downloads/PrecisionSkin/Classes/Acne/Acne_60.jpg,close_up_facial,train,acne_60.jpg,pseudo-label + correct (training),False,,False,False
-7318495000086335718.png,C:/Users/Bautista/Downloads/PrecisionSkin/Classes/Acne/-7318495000086335718.png,partial_face,train,-7318495000086335718.png,pseudo-label + correct (training),False,,False,False
Acne_206.jpg,C:/Users/Bautista/Downloads/PrecisionSkin/Classes/Acne/Acne_206.jpg,partial_face,train,acne_206.jpg,pseudo-label + correct (training),False,,False,False
acne-face-3-17__ProtectWyJQcm90ZWN0Il0_FocusFillWzI5NCwyMjIsIngiLDFd.jpeg,C:/Users/Bautista/Downloads/PrecisionSkin/Classes/Acne/acne-face-3-17__ProtectWyJQcm90ZWN0Il0_FocusFillWzI5NCwyMjIsIngiLDFd.jpeg,close_up_facial,train,acne-face-3-17__protectwyjqcm90zwn0il0_focusfillwzi5ncwymjisingildfd.jpeg,pseudo-label + correct (training),False,,False,False
upscaled_1565_png.rf.12d1778bee918af0265387edf1835544.jpg,C:/Users/Bautista/Downloads/PrecisionSkin/Classes/Acne/upscaled_1565_png.rf.12d1778bee918af0265387edf1835544.jpg,close_up_facial,train,upscaled_1565_png,pseudo-label + correct (training),False,,False,False
upscaled_162_png.rf.c040acebf94bc24ef3e8c72dba86b8af.jpg,C:/Users/Bautista/Downloads/PrecisionSkin/Classes/Acne/upscaled_162_png.rf.c040acebf94bc24ef3e8c72dba86b8af.jpg,close_up_facial,train,upscaled_162_png,pseudo-label + correct (training),False,,False,False
upscaled_1979_png.rf.617e0fcea55ed9df2949e687ae931616.jpg,C:/Users/Bautista/Downloads/PrecisionSkin/Classes/Acne/upscaled_1979_png.rf.617e0fcea55ed9df2949e687ae931616.jpg,close_up_facial,train,upscaled_1979_png,pseudo-label + correct (training),False,,False,False
aug_94_acne-cystic-9.jpg,C:/Users/Bautista/Downloads/PrecisionSkin/Classes/Acne/aug_94_acne-cystic-9.jpg,partial_face,train,aug_94_acne-cystic-9.jpg,pseudo-label + correct (training),False,,False,False
Acne_302.jpg,C:/Users/Bautista/Downloads/PrecisionSkin/Classes/Acne/Acne_302.jpg,close_up_facial,train,acne_302.jpg,pseudo-label + correct (training),False,,False,False
IMG_5754.jpg,C:/Users/Bautista/Downloads/PrecisionSkin/Classes/Acne/IMG_5754.jpg,close_up_facial,train,img_5754.jpg,pseudo-label + correct (training),False,,False,False
upscaled_579_png.rf.0f36362fb8a0456468c1ce76f2a0e5e0.jpg,C:/Users/Bautista/Downloads/PrecisionSkin/Classes/Acne/upscaled_579_png.rf.0f36362fb8a0456468c1ce76f2a0e5e0.jpg,close_up_facial,train,upscaled_579_png,pseudo-label + correct (training),False,,False,False
levle1_592_jpg.rf.ccb8e30225b42c3e35be80a5ea4d6da5.jpg,C:/Users/Bautista/Downloads/PrecisionSkin/Classes/Acne/levle1_592_jpg.rf.ccb8e30225b42c3e35be80a5ea4d6da5.jpg,full_face,train,levle1_592_jpg,pseudo-label + correct (training),False,,True,True
acne-face-2-6__ProtectWyJQcm90ZWN0Il0_FocusFillWzI5NCwyMjIsIngiLDE4XQ_jpg.rf.837b78644f0062dead9f9e3f3da1b691.jpg,C:/Users/Bautista/Downloads/PrecisionSkin/Classes/Acne/acne-face-2-6__ProtectWyJQcm90ZWN0Il0_FocusFillWzI5NCwyMjIsIngiLDE4XQ_jpg.rf.837b78644f0062dead9f9e3f3da1b691.jpg,close_up_facial,train,acne-face-2-6__protectwyjqcm90zwn0il0_focusfillwzi5ncwymjisingilde4xq_jpg,pseudo-label + correct (training),False,,False,False
182_JPG.rf.c0fc3adca6deac981b6332570f17a63e.jpg,C:/Users/Bautista/Downloads/PrecisionSkin/Classes/Acne/182_JPG.rf.c0fc3adca6deac981b6332570f17a63e.jpg,partial_face,train,182_jpg,pseudo-label + correct (training),False,,False,False
upscaled_309_png.rf.e91ac78c77c967cf8f43873c9ed8ed5b.jpg,C:/Users/Bautista/Downloads/PrecisionSkin/Classes/Acne/upscaled_309_png.rf.e91ac78c77c967cf8f43873c9ed8ed5b.jpg,partial_face,train,upscaled_309_png,pseudo-label + correct (training),False,,False,False
pigmentation_0_9473_jpeg.rf.c6bbb66b9d92793c2410d251169cc57d.jpg,C:/Users/Bautista/Downloads/PrecisionSkin/Classes/Acne/pigmentation_0_9473_jpeg.rf.c6bbb66b9d92793c2410d251169cc57d.jpg,partial_face,train,pigmentation_0_9473_jpeg,pseudo-label + correct (training),False,,False,False
aug_338_acne-face-1-35__ProtectWyJQcm90ZWN0Il0_FocusFillWzI5NCwyMjIsIngiLDFd.jpeg,C:/Users/Bautista/Downloads/PrecisionSkin/Classes/Acne/aug_338_acne-face-1-35__ProtectWyJQcm90ZWN0Il0_FocusFillWzI5NCwyMjIsIngiLDFd.jpeg,close_up_facial,train,aug_338_acne-face-1-35__protectwyjqcm90zwn0il0_focusfillwzi5ncwymjisingildfd.jpeg,pseudo-label + correct (training),False,,False,False
R-45-_jpg.rf.52c19e50cbf7d0280b45281d9650de04.jpg,C:/Users/Bautista/Downloads/PrecisionSkin/Classes/Acne/R-45-_jpg.rf.52c19e50cbf7d0280b45281d9650de04.jpg,close_up_facial,train,r-45-_jpg,pseudo-label + correct (training),False,,False,False
4A5DA7F500000578-5522003-Amy_who_battled_her_erupting_skin_for_15_years_says_doctors_dism-a-26_1521541958104_jpg.rf.f2632c5c698e7b35f9665b0d816b5dbe.jpg,C:/Users/Bautista/Downloads/PrecisionSkin/Classes/Acne/4A5DA7F500000578-5522003-Amy_who_battled_her_erupting_skin_for_15_years_says_doctors_dism-a-26_1521541958104_jpg.rf.f2632c5c698e7b35f9665b0d816b5dbe.jpg,partial_face,train,4a5da7f500000578-5522003-amy_who_battled_her_erupting_skin_for_15_years_says_doctors_dism-a-26_1521541958104_jpg,pseudo-label + correct (training),False,,False,False
Acne_10.jpg,C:/Users/Bautista/Downloads/PrecisionSkin/Classes/Acne/Acne_10.jpg,close_up_facial,train,acne_10.jpg,pseudo-label + correct (training),False,,False,False
pigmentation_0_2199_jpeg.rf.962c350581bd6612ff37608881806236.jpg,C:/Users/Bautista/Downloads/PrecisionSkin/Classes/Acne/pigmentation_0_2199_jpeg.rf.962c350581bd6612ff37608881806236.jpg,partial_face,train,pigmentation_0_2199_jpeg,pseudo-label + correct (training),False,,False,False
IMG_0088_JPG_jpg.rf.3c4b0706cc1f5b7edf6a249ad12b5efc.jpg,C:/Users/Bautista/Downloads/PrecisionSkin/Classes/Acne/IMG_0088_JPG_jpg.rf.3c4b0706cc1f5b7edf6a249ad12b5efc.jpg,close_up_facial,train,img_0088_jpg_jpg,pseudo-label + correct (training),False,,False,False
levle1_76_jpg.rf.5e0ea6ef4d62958e976e417a82bba116.jpg,C:/Users/Bautista/Downloads/PrecisionSkin/Classes/Acne/levle1_76_jpg.rf.5e0ea6ef4d62958e976e417a82bba116.jpg,close_up_facial,train,levle1_76_jpg,pseudo-label + correct (training),False,,True,True
aug_294_R (14).jpg,C:/Users/Bautista/Downloads/PrecisionSkin/Classes/Acne/aug_294_R (14).jpg,partial_face,train,aug_294_r (14).jpg,pseudo-label + correct (training),False,,False,False
pigmentation_0_8496_jpeg.rf.7a6c44fbf8acf3c84abee7e6bcd091aa.jpg,C:/Users/Bautista/Downloads/PrecisionSkin/Classes/Acne/pigmentation_0_8496_jpeg.rf.7a6c44fbf8acf3c84abee7e6bcd091aa.jpg,full_face,train,pigmentation_0_8496_jpeg,pseudo-label + correct (training),False,,False,False
acne-face-71__ProtectWyJQcm90ZWN0Il0_FocusFillWzI5NCwyMjIsIngiLDFd_jpg.rf.a775c00f720700eba5ce95b7756a6a8e.jpg,C:/Users/Bautista/Downloads/PrecisionSkin/Classes/Acne/acne-face-71__ProtectWyJQcm90ZWN0Il0_FocusFillWzI5NCwyMjIsIngiLDFd_jpg.rf.a775c00f720700eba5ce95b7756a6a8e.jpg,close_up_facial,train,acne-face-71__protectwyjqcm90zwn0il0_focusfillwzi5ncwymjisingildfd_jpg,pseudo-label + correct (training),False,,False,False
aug_119_before-and-after-1603488659.jpg,C:/Users/Bautista/Downloads/PrecisionSkin/Classes/Acne/aug_119_before-and-after-1603488659.jpg,partial_face,train,aug_119_before-and-after-1603488659.jpg,pseudo-label + correct (training),False,,False,False
aug_0_1943.jpg,C:/Users/Bautista/Downloads/PrecisionSkin/Classes/Acne/aug_0_1943.jpg,partial_face,train,aug_0_1943.jpg,pseudo-label + correct (training),False,,False,False
aug_322_acne-face-5-1__ProtectWyJQcm90ZWN0Il0_FocusFillWzI5NCwyMjIsIngiLDFd.jpeg,C:/Users/Bautista/Downloads/PrecisionSkin/Classes/Acne/aug_322_acne-face-5-1__ProtectWyJQcm90ZWN0Il0_FocusFillWzI5NCwyMjIsIngiLDFd.jpeg,close_up_facial,train,aug_322_acne-face-5-1__protectwyjqcm90zwn0il0_focusfillwzi5ncwymjisingildfd.jpeg,pseudo-label + correct (training),False,,False,False
R (5).jpg,C:/Users/Bautista/Downloads/PrecisionSkin/Classes/Acne/R (5).jpg,partial_face,train,r (5).jpg,pseudo-label + correct (training),False,,False,False
aug_31_194__ProtectWyJQcm90ZWN0Il0_FocusFillWzI5NCwyMjIsIngiLDFd.jpeg,C:/Users/Bautista/Downloads/PrecisionSkin/Classes/Acne/aug_31_194__ProtectWyJQcm90ZWN0Il0_FocusFillWzI5NCwyMjIsIngiLDFd.jpeg,partial_face,train,aug_31_194__protectwyjqcm90zwn0il0_focusfillwzi5ncwymjisingildfd.jpeg,pseudo-label + correct (training),False,,False,False
upscaled_1043_png.rf.af29ba62179fdb0f8776839c21e370a6.jpg,C:/Users/Bautista/Downloads/PrecisionSkin/Classes/Acne/upscaled_1043_png.rf.af29ba62179fdb0f8776839c21e370a6.jpg,partial_face,train,upscaled_1043_png,pseudo-label + correct (training),False,,False,False
IMG_2145-1_jpg.rf.319472381f7859df3767236f7fd3f162.jpg,C:/Users/Bautista/Downloads/PrecisionSkin/Classes/Acne/IMG_2145-1_jpg.rf.319472381f7859df3767236f7fd3f162.jpg,partial_face,train,img_2145-1_jpg,pseudo-label + correct (training),False,,False,False
acne-face-4-3__ProtectWyJQcm90ZWN0Il0_FocusFillWzI5NCwyMjIsIngiLDFd.jpeg,C:/Users/Bautista/Downloads/PrecisionSkin/Classes/Acne/acne-face-4-3__ProtectWyJQcm90ZWN0Il0_FocusFillWzI5NCwyMjIsIngiLDFd.jpeg,close_up_facial,train,acne-face-4-3__protectwyjqcm90zwn0il0_focusfillwzi5ncwymjisingildfd.jpeg,pseudo-label + correct (training),True,Acne,False,True
uq3mypax59u51_png.rf.ff143e5e27974140e20c497384735d48.jpg,C:/Users/Bautista/Downloads/PrecisionSkin/Classes/Acne/uq3mypax59u51_png.rf.ff143e5e27974140e20c497384735d48.jpg,partial_face,train,uq3mypax59u51_png,pseudo-label + correct (training),False,,False,False
pigmentation_0_2947_jpeg.rf.63d52ba981122e9a349aa694485b12bf.jpg,C:/Users/Bautista/Downloads/PrecisionSkin/Classes/Acne/pigmentation_0_2947_jpeg.rf.63d52ba981122e9a349aa694485b12bf.jpg,partial_face,train,pigmentation_0_2947_jpeg,pseudo-label + correct (training),False,,False,False
aug_270_acne-excoriated-13.jpg,C:/Users/Bautista/Downloads/PrecisionSkin/Classes/Acne/aug_270_acne-excoriated-13.jpg,partial_face,train,aug_270_acne-excoriated-13.jpg,pseudo-label + correct (training),False,,False,False
205841_jpg.rf.a52dded171ba7ff208443fe10feaf66c.jpg,C:/Users/Bautista/Downloads/PrecisionSkin/Classes/Acne/205841_jpg.rf.a52dded171ba7ff208443fe10feaf66c.jpg,partial_face,train,205841_jpg,pseudo-label + correct (training),False,,False,False
upscaled_1337_png.rf.44fb01d319334cfb0538f2b79b2a9ac3.jpg,C:/Users/Bautista/Downloads/PrecisionSkin/Classes/Acne/upscaled_1337_png.rf.44fb01d319334cfb0538f2b79b2a9ac3.jpg,close_up_facial,train,upscaled_1337_png,pseudo-label + correct (training),False,,False,False
08PerioralDerm1_jpg.rf.86cb07f9745a8d3a98ef6a1ae535d793.jpg,C:/Users/Bautista/Downloads/PrecisionSkin/Classes/Acne/08PerioralDerm1_jpg.rf.86cb07f9745a8d3a98ef6a1ae535d793.jpg,partial_face,train,08perioralderm1_jpg,pseudo-label + correct (training),False,,False,False
aug_0_4271.jpg,C:/Users/Bautista/Downloads/PrecisionSkin/Classes/Acne/aug_0_4271.jpg,close_up_facial,train,aug_0_4271.jpg,pseudo-label + correct (training),False,,False,False
aug_0_1813.jpg,C:/Users/Bautista/Downloads/PrecisionSkin/Classes/Acne/aug_0_1813.jpg,close_up_facial,train,aug_0_1813.jpg,pseudo-label + correct (training),False,,False,False
Acne_35.jpg,C:/Users/Bautista/Downloads/PrecisionSkin/Classes/Acne/Acne_35.jpg,close_up_facial,train,acne_35.jpg,pseudo-label + correct (training),False,,False,False
Acne_150.jpg,C:/Users/Bautista/Downloads/PrecisionSkin/Classes/Acne/Acne_150.jpg,close_up_facial,train,acne_150.jpg,pseudo-label + correct (training),False,,False,False
acne154.png,C:/Users/Bautista/Downloads/PrecisionSkin/Classes/Acne/acne154.png,close_up_facial,train,acne154.png,pseudo-label + correct (training),True,Acne,False,True
aug_0_5016.jpg,C:/Users/Bautista/Downloads/PrecisionSkin/Classes/Acne/aug_0_5016.jpg,partial_face,train,aug_0_5016.jpg,pseudo-label + correct (training),False,,False,False
aug_0_2938.jpg,C:/Users/Bautista/Downloads/PrecisionSkin/Classes/Acne/aug_0_2938.jpg,close_up_facial,train,aug_0_2938.jpg,pseudo-label + correct (training),False,,False,False
acne27.png,C:/Users/Bautista/Downloads/PrecisionSkin/Classes/Acne/acne27.png,partial_face,train,acne27.png,pseudo-label + correct (training),False,,False,False
pigmentation_0_8044_jpeg.rf.3b4e8b6c9cb8d6d13f782f3fe001c437.jpg,C:/Users/Bautista/Downloads/PrecisionSkin/Classes/Acne/pigmentation_0_8044_jpeg.rf.3b4e8b6c9cb8d6d13f782f3fe001c437.jpg,partial_face,train,pigmentation_0_8044_jpeg,pseudo-label + correct (training),False,,False,False
Acne_352.jpg,C:/Users/Bautista/Downloads/PrecisionSkin/Classes/Acne/Acne_352.jpg,close_up_facial,train,acne_352.jpg,pseudo-label + correct (training),False,,False,False
aug_138_19280a95363d065b1dfbc654e2853029.jpg,C:/Users/Bautista/Downloads/PrecisionSkin/Classes/Acne/aug_138_19280a95363d065b1dfbc654e2853029.jpg,full_face,train,aug_138_19280a95363d065b1dfbc654e2853029.jpg,pseudo-label + correct (training),False,,False,False
upscaled_824_png.rf.98d882a914e2a1d9c9878c323d77c765.jpg,C:/Users/Bautista/Downloads/PrecisionSkin/Classes/Acne/upscaled_824_png.rf.98d882a914e2a1d9c9878c323d77c765.jpg,close_up_facial,train,upscaled_824_png,pseudo-label + correct (training),False,,False,False
aug_196_acne-cystic-86.jpg,C:/Users/Bautista/Downloads/PrecisionSkin/Classes/Acne/aug_196_acne-cystic-86.jpg,close_up_facial,train,aug_196_acne-cystic-86.jpg,pseudo-label + correct (training),False,,False,False
acne109.png,C:/Users/Bautista/Downloads/PrecisionSkin/Classes/Acne/acne109.png,close_up_facial,train,acne109.png,pseudo-label + correct (training),False,,False,False
acne-face-4-3__ProtectWyJQcm90ZWN0Il0_FocusFillWzI5NCwyMjIsIngiLDFd_jpg.rf.1639d9434b54ff1646c2581ad3d992c3.jpg,C:/Users/Bautista/Downloads/PrecisionSkin/Classes/Acne/acne-face-4-3__ProtectWyJQcm90ZWN0Il0_FocusFillWzI5NCwyMjIsIngiLDFd_jpg.rf.1639d9434b54ff1646c2581ad3d992c3.jpg,close_up_facial,train,acne-face-4-3__protectwyjqcm90zwn0il0_focusfillwzi5ncwymjisingildfd_jpg,pseudo-label + correct (training),False,,False,False
upscaled_1002_png.rf.94914851c8c2b9fa208075fd71b72251.jpg,C:/Users/Bautista/Downloads/PrecisionSkin/Classes/Acne/upscaled_1002_png.rf.94914851c8c2b9fa208075fd71b72251.jpg,close_up_facial,train,upscaled_1002_png,pseudo-label + correct (training),False,,False,False
upscaled_1820_png.rf.0317a86258eebac41331a49b2ecb09be.jpg,C:/Users/Bautista/Downloads/PrecisionSkin/Classes/Acne/upscaled_1820_png.rf.0317a86258eebac41331a49b2ecb09be.jpg,close_up_facial,train,upscaled_1820_png,pseudo-label + correct (training),False,,False,False
Acne_318.jpg,C:/Users/Bautista/Downloads/PrecisionSkin/Classes/Acne/Acne_318.jpg,close_up_facial,train,acne_318.jpg,pseudo-label + correct (training),False,,False,False
R-28-_jpg.rf.bf6f2f3b67f509c4597076492eab69bb.jpg,C:/Users/Bautista/Downloads/PrecisionSkin/Classes/Acne/R-28-_jpg.rf.bf6f2f3b67f509c4597076492eab69bb.jpg,partial_face,train,r-28-_jpg,pseudo-label + correct (training),False,,False,False
acne-face-52__ProtectWyJQcm90ZWN0Il0_FocusFillWzI5NCwyMjIsIngiLDFd_jpg.rf.f192909964260b703696abf3f976f2a6.jpg,C:/Users/Bautista/Downloads/PrecisionSkin/Classes/Acne/acne-face-52__ProtectWyJQcm90ZWN0Il0_FocusFillWzI5NCwyMjIsIngiLDFd_jpg.rf.f192909964260b703696abf3f976f2a6.jpg,close_up_facial,train,acne-face-52__protectwyjqcm90zwn0il0_focusfillwzi5ncwymjisingildfd_jpg,pseudo-label + correct (training),False,,False,False
acne174.png,C:/Users/Bautista/Downloads/PrecisionSkin/Classes/Acne/acne174.png,partial_face,train,acne174.png,pseudo-label + correct (training),True,Acne,False,True
acne-face-4-4__ProtectWyJQcm90ZWN0Il0_FocusFillWzI5NCwyMjIsIngiLDFd.jpeg,C:/Users/Bautista/Downloads/PrecisionSkin/Classes/Acne/acne-face-4-4__ProtectWyJQcm90ZWN0Il0_FocusFillWzI5NCwyMjIsIngiLDFd.jpeg,close_up_facial,train,acne-face-4-4__protectwyjqcm90zwn0il0_focusfillwzi5ncwymjisingildfd.jpeg,pseudo-label + correct (training),False,,False,False
upscaled_2955_png.rf.5dbc5f40daf53461e374c3e512dacafd.jpg,C:/Users/Bautista/Downloads/PrecisionSkin/Classes/Acne/upscaled_2955_png.rf.5dbc5f40daf53461e374c3e512dacafd.jpg,close_up_facial,train,upscaled_2955_png,pseudo-label + correct (training),False,,False,False
aug_0_3011.jpg,C:/Users/Bautista/Downloads/PrecisionSkin/Classes/Acne/aug_0_3011.jpg,partial_face,train,aug_0_3011.jpg,pseudo-label + correct (training),False,,False,False
pigmentation_0_7851_jpeg.rf.e8bfa8cf704f456a0df21ed2f2f1be48.jpg,C:/Users/Bautista/Downloads/PrecisionSkin/Classes/Acne/pigmentation_0_7851_jpeg.rf.e8bfa8cf704f456a0df21ed2f2f1be48.jpg,full_face,train,pigmentation_0_7851_jpeg,pseudo-label + correct (training),False,,False,False
Acne_250.jpg,C:/Users/Bautista/Downloads/PrecisionSkin/Classes/Acne/Acne_250.jpg,close_up_facial,train,acne_250.jpg,pseudo-label + correct (training),False,,False,False
aug_0_5684.jpg,C:/Users/Bautista/Downloads/PrecisionSkin/Classes/Acne/aug_0_5684.jpg,partial_face,train,aug_0_5684.jpg,pseudo-label + correct (training),False,,False,False
Acne_63.jpg,C:/Users/Bautista/Downloads/PrecisionSkin/Classes/Acne/Acne_63.jpg,close_up_facial,train,acne_63.jpg,pseudo-label + correct (training),False,,False,False
pigmentation_0_5287_jpeg.rf.f8242409e81bc8e2f272da2f17ee20db.jpg,C:/Users/Bautista/Downloads/PrecisionSkin/Classes/Acne/pigmentation_0_5287_jpeg.rf.f8242409e81bc8e2f272da2f17ee20db.jpg,close_up_facial,train,pigmentation_0_5287_jpeg,pseudo-label + correct (training),False,,False,False
upscaled_1917_png.rf.c103e5442589f4e189eadd8c8f9e3223.jpg,C:/Users/Bautista/Downloads/PrecisionSkin/Classes/Acne/upscaled_1917_png.rf.c103e5442589f4e189eadd8c8f9e3223.jpg,close_up_facial,train,upscaled_1917_png,pseudo-label + correct (training),False,,False,False
aug_0_7528.jpg,C:/Users/Bautista/Downloads/PrecisionSkin/Classes/Acne/aug_0_7528.jpg,close_up_facial,train,aug_0_7528.jpg,pseudo-label + correct (training),False,,False,False
aug_0_1122.jpg,C:/Users/Bautista/Downloads/PrecisionSkin/Classes/Acne/aug_0_1122.jpg,close_up_facial,train,aug_0_1122.jpg,pseudo-label + correct (training),False,,False,False
R-16-_jpg.rf.f016ec9362526009adcb6012fe645cf6.jpg,C:/Users/Bautista/Downloads/PrecisionSkin/Classes/Acne/R-16-_jpg.rf.f016ec9362526009adcb6012fe645cf6.jpg,partial_face,train,r-16-_jpg,pseudo-label + correct (training),False,,False,False
-4865680965471722531.png,C:/Users/Bautista/Downloads/PrecisionSkin/Classes/Acne/-4865680965471722531.png,partial_face,train,-4865680965471722531.png,pseudo-label + correct (training),False,,False,False
acne-face-3-11__ProtectWyJQcm90ZWN0Il0_FocusFillWzI5NCwyMjIsIngiLDFd_jpg.rf.1581d93cbd913057593d0f266674b477.jpg,C:/Users/Bautista/Downloads/PrecisionSkin/Classes/Acne/acne-face-3-11__ProtectWyJQcm90ZWN0Il0_FocusFillWzI5NCwyMjIsIngiLDFd_jpg.rf.1581d93cbd913057593d0f266674b477.jpg,close_up_facial,train,acne-face-3-11__protectwyjqcm90zwn0il0_focusfillwzi5ncwymjisingildfd_jpg,pseudo-label + correct (training),False,,False,False
article-2060572-0EC482B900000578-464_1024x615_large.jpg,C:/Users/Bautista/Downloads/PrecisionSkin/Classes/Acne/article-2060572-0EC482B900000578-464_1024x615_large.jpg,close_up_facial,train,article-2060572-0ec482b900000578-464_1024x615_large.jpg,pseudo-label + correct (training),False,,False,False
aug_0_9402.jpg,C:/Users/Bautista/Downloads/PrecisionSkin/Classes/Acne/aug_0_9402.jpg,close_up_facial,train,aug_0_9402.jpg,pseudo-label + correct (training),False,,False,False
acne100.png,C:/Users/Bautista/Downloads/PrecisionSkin/Classes/Acne/acne100.png,close_up_facial,train,acne100.png,pseudo-label + correct (training),False,,False,False
Acne_205.jpg,C:/Users/Bautista/Downloads/PrecisionSkin/Classes/Acne/Acne_205.jpg,close_up_facial,train,acne_205.jpg,pseudo-label + correct (training),False,,False,False
18_jpg.rf.837d5ad70cc44b09afc585209ee67c7e.jpg,C:/Users/Bautista/Downloads/PrecisionSkin/Classes/Acne/18_jpg.rf.837d5ad70cc44b09afc585209ee67c7e.jpg,close_up_facial,train,18_jpg,pseudo-label + correct (training),False,,True,True
levle1_56_jpg.rf.a8359952044dbc5049e22339ae190cd7.jpg,C:/Users/Bautista/Downloads/PrecisionSkin/Classes/Acne/levle1_56_jpg.rf.a8359952044dbc5049e22339ae190cd7.jpg,full_face,train,levle1_56_jpg,pseudo-label + correct (training),False,,True,True
aug_274_167__ProtectWyJQcm90ZWN0Il0_FocusFillWzI5NCwyMjIsInkiLDg1XQ.jpeg,C:/Users/Bautista/Downloads/PrecisionSkin/Classes/Acne/aug_274_167__ProtectWyJQcm90ZWN0Il0_FocusFillWzI5NCwyMjIsInkiLDg1XQ.jpeg,partial_face,train,aug_274_167__protectwyjqcm90zwn0il0_focusfillwzi5ncwymjisinkildg1xq.jpeg,pseudo-label + correct (training),False,,False,False
upscaled_1042_png.rf.e9010a3b40182c0fc4a6d109fbb91408.jpg,C:/Users/Bautista/Downloads/PrecisionSkin/Classes/Acne/upscaled_1042_png.rf.e9010a3b40182c0fc4a6d109fbb91408.jpg,close_up_facial,train,upscaled_1042_png,pseudo-label + correct (training),False,,False,False
levle2_187_jpg.rf.f19661df70639eb84de8be62657d2531.jpg,C:/Users/Bautista/Downloads/PrecisionSkin/Classes/Acne/levle2_187_jpg.rf.f19661df70639eb84de8be62657d2531.jpg,partial_face,train,levle2_187_jpg,pseudo-label + correct (training),False,,True,True
levle1_428_jpg.rf.17492886547d1090eba410809a31abd3.jpg,C:/Users/Bautista/Downloads/PrecisionSkin/Classes/Acne/levle1_428_jpg.rf.17492886547d1090eba410809a31abd3.jpg,partial_face,train,levle1_428_jpg,pseudo-label + correct (training),False,,True,True
acne-open-comedo-22_jpg.rf.ee34447a3438c306ae1ed5a77b16c3a0.jpg,C:/Users/Bautista/Downloads/PrecisionSkin/Classes/Acne/acne-open-comedo-22_jpg.rf.ee34447a3438c306ae1ed5a77b16c3a0.jpg,close_up_facial,train,acne-open-comedo-22_jpg,pseudo-label + correct (training),True,Acne,False,True
image-jpg-6c7b19523bdd5a48c8fca69fcd0edf2d_jpg.rf.d77ad1a56b7c3b967e330f473e2bdc68.jpg,C:/Users/Bautista/Downloads/PrecisionSkin/Classes/Acne/image-jpg-6c7b19523bdd5a48c8fca69fcd0edf2d_jpg.rf.d77ad1a56b7c3b967e330f473e2bdc68.jpg,close_up_facial,train,image-jpg-6c7b19523bdd5a48c8fca69fcd0edf2d_jpg,pseudo-label + correct (training),False,,False,False
acne-face-1-5__ProtectWyJQcm90ZWN0Il0_FocusFillWzI5NCwyMjIsIngiLDFd_jpg.rf.159a5947cde55a2cd8085182037b4821.jpg,C:/Users/Bautista/Downloads/PrecisionSkin/Classes/Acne/acne-face-1-5__ProtectWyJQcm90ZWN0Il0_FocusFillWzI5NCwyMjIsIngiLDFd_jpg.rf.159a5947cde55a2cd8085182037b4821.jpg,close_up_facial,train,acne-face-1-5__protectwyjqcm90zwn0il0_focusfillwzi5ncwymjisingildfd_jpg,pseudo-label + correct (training),False,,False,False
aug_0_5182.jpg,C:/Users/Bautista/Downloads/PrecisionSkin/Classes/Acne/aug_0_5182.jpg,partial_face,train,aug_0_5182.jpg,pseudo-label + correct (training),False,,False,False
OIP-2-_jpg.rf.d3d89713f9569afff9fadaafb7855e3d.jpg,C:/Users/Bautista/Downloads/PrecisionSkin/Classes/Acne/OIP-2-_jpg.rf.d3d89713f9569afff9fadaafb7855e3d.jpg,partial_face,train,oip-2-_jpg,pseudo-label + correct (training),False,,False,False
pigmentation_0_6887_jpeg.rf.e1ffc829b3243445a4e2de33d750c119.jpg,C:/Users/Bautista/Downloads/PrecisionSkin/Classes/Acne/pigmentation_0_6887_jpeg.rf.e1ffc829b3243445a4e2de33d750c119.jpg,partial_face,train,pigmentation_0_6887_jpeg,pseudo-label + correct (training),False,,False,False
Acne_379.jpg,C:/Users/Bautista/Downloads/PrecisionSkin/Classes/Acne/Acne_379.jpg,close_up_facial,train,acne_379.jpg,pseudo-label + correct (training),False,,False,False
upscaled_432_png.rf.71cae5afc800acd75c18c780e1fa6b06.jpg,C:/Users/Bautista/Downloads/PrecisionSkin/Classes/Acne/upscaled_432_png.rf.71cae5afc800acd75c18c780e1fa6b06.jpg,close_up_facial,train,upscaled_432_png,pseudo-label + correct (training),False,,False,False
pigmentation_0_78.jpeg,C:/Users/Bautista/Downloads/PrecisionSkin/Classes/Acne/pigmentation_0_78.jpeg,partial_face,train,pigmentation_0_78.jpeg,pseudo-label + correct (training),False,,False,False
aug_0_2735.jpg,C:/Users/Bautista/Downloads/PrecisionSkin/Classes/Acne/aug_0_2735.jpg,close_up_facial,train,aug_0_2735.jpg,pseudo-label + correct (training),False,,False,False
acne-open-comedo-41_jpg.rf.b5e642e901aea79910e2abef7f2f0ea4.jpg,C:/Users/Bautista/Downloads/PrecisionSkin/Classes/Acne/acne-open-comedo-41_jpg.rf.b5e642e901aea79910e2abef7f2f0ea4.jpg,close_up_facial,train,acne-open-comedo-41_jpg,pseudo-label + correct (training),True,Acne,False,True
aug_0_6751.jpg,C:/Users/Bautista/Downloads/PrecisionSkin/Classes/Acne/aug_0_6751.jpg,close_up_facial,train,aug_0_6751.jpg,pseudo-label + correct (training),False,,False,False
OIP (2).jpg,C:/Users/Bautista/Downloads/PrecisionSkin/Classes/Acne/OIP (2).jpg,partial_face,train,oip (2).jpg,pseudo-label + correct (training),False,,False,False
acne-face-2-25__ProtectWyJQcm90ZWN0Il0_FocusFillWzI5NCwyMjIsIngiLDFd_jpg.rf.17bea90c99dfbd528239d44b8a07a68c.jpg,C:/Users/Bautista/Downloads/PrecisionSkin/Classes/Acne/acne-face-2-25__ProtectWyJQcm90ZWN0Il0_FocusFillWzI5NCwyMjIsIngiLDFd_jpg.rf.17bea90c99dfbd528239d44b8a07a68c.jpg,close_up_facial,train,acne-face-2-25__protectwyjqcm90zwn0il0_focusfillwzi5ncwymjisingildfd_jpg,pseudo-label + correct (training),False,,False,False
acne-face-48__ProtectWyJQcm90ZWN0Il0_FocusFillWzI5NCwyMjIsIngiLDFd.jpeg,C:/Users/Bautista/Downloads/PrecisionSkin/Classes/Acne/acne-face-48__ProtectWyJQcm90ZWN0Il0_FocusFillWzI5NCwyMjIsIngiLDFd.jpeg,close_up_facial,train,acne-face-48__protectwyjqcm90zwn0il0_focusfillwzi5ncwymjisingildfd.jpeg,pseudo-label + correct (training),False,,False,False
upscaled_2715_png.rf.bbbc625fbda6397f66617c59503d4228.jpg,C:/Users/Bautista/Downloads/PrecisionSkin/Classes/Acne/upscaled_2715_png.rf.bbbc625fbda6397f66617c59503d4228.jpg,close_up_facial,train,upscaled_2715_png,pseudo-label + correct (training),False,,False,False
5.jpg,C:/Users/Bautista/Downloads/PrecisionSkin/Classes/Acne/5.jpg,partial_face,train,5.jpg,pseudo-label + correct (training),False,,True,True
upscaled_2481_png.rf.e584bf7c1a1a98a6e2f03860a85841d8.jpg,C:/Users/Bautista/Downloads/PrecisionSkin/Classes/Acne/upscaled_2481_png.rf.e584bf7c1a1a98a6e2f03860a85841d8.jpg,close_up_facial,train,upscaled_2481_png,pseudo-label + correct (training),False,,False,False
upscaled_609_png.rf.30654f2bedbe763d3992acc5e863b01a.jpg,C:/Users/Bautista/Downloads/PrecisionSkin/Classes/Acne/upscaled_609_png.rf.30654f2bedbe763d3992acc5e863b01a.jpg,close_up_facial,train,upscaled_609_png,pseudo-label + correct (training),False,,False,False
upscaled_1444_png.rf.8f974cda81cf59f2f8fd37d38347dc3c.jpg,C:/Users/Bautista/Downloads/PrecisionSkin/Classes/Acne/upscaled_1444_png.rf.8f974cda81cf59f2f8fd37d38347dc3c.jpg,close_up_facial,train,upscaled_1444_png,pseudo-label + correct (training),False,,False,False
upscaled_187_png.rf.b8b574c80fd8b031f84681cf1424114c.jpg,C:/Users/Bautista/Downloads/PrecisionSkin/Classes/Acne/upscaled_187_png.rf.b8b574c80fd8b031f84681cf1424114c.jpg,close_up_facial,train,upscaled_187_png,pseudo-label + correct (training),False,,False,False
aug_0_6605.jpg,C:/Users/Bautista/Downloads/PrecisionSkin/Classes/Acne/aug_0_6605.jpg,close_up_facial,train,aug_0_6605.jpg,pseudo-label + correct (training),False,,False,False
levle1_626_jpg.rf.16e661d385c12c093769591e3c65e0c2.jpg,C:/Users/Bautista/Downloads/PrecisionSkin/Classes/Acne/levle1_626_jpg.rf.16e661d385c12c093769591e3c65e0c2.jpg,full_face,train,levle1_626_jpg,pseudo-label + correct (training),False,,True,True
OIP-25-_jpg.rf.92866f7724fa036952e8cea860cd4ec5.jpg,C:/Users/Bautista/Downloads/PrecisionSkin/Classes/Acne/OIP-25-_jpg.rf.92866f7724fa036952e8cea860cd4ec5.jpg,partial_face,train,oip-25-_jpg,pseudo-label + correct (training),False,,False,False
upscaled_329_png.rf.c2228aa4a022442bc8f319f1673e7863.jpg,C:/Users/Bautista/Downloads/PrecisionSkin/Classes/Acne/upscaled_329_png.rf.c2228aa4a022442bc8f319f1673e7863.jpg,close_up_facial,train,upscaled_329_png,pseudo-label + correct (training),False,,False,False
pigmentation_0_2321.jpeg,C:/Users/Bautista/Downloads/PrecisionSkin/Classes/Acne/pigmentation_0_2321.jpeg,close_up_facial,train,pigmentation_0_2321.jpeg,pseudo-label + correct (training),False,,False,False
upscaled_2081_png.rf.5caf3bb994f659b86ab871c6deea2e76.jpg,C:/Users/Bautista/Downloads/PrecisionSkin/Classes/Acne/upscaled_2081_png.rf.5caf3bb994f659b86ab871c6deea2e76.jpg,close_up_facial,train,upscaled_2081_png,pseudo-label + correct (training),False,,False,False
pigmentation_0_4817_jpeg.rf.7e1bd701c786239096c5362223717b07.jpg,C:/Users/Bautista/Downloads/PrecisionSkin/Classes/Acne/pigmentation_0_4817_jpeg.rf.7e1bd701c786239096c5362223717b07.jpg,close_up_facial,train,pigmentation_0_4817_jpeg,pseudo-label + correct (training),False,,False,False
R-8-_jpg.rf.8d03b624579e99e44622628473779e75.jpg,C:/Users/Bautista/Downloads/PrecisionSkin/Classes/Acne/R-8-_jpg.rf.8d03b624579e99e44622628473779e75.jpg,partial_face,train,r-8-_jpg,pseudo-label + correct (training),False,,False,False
aug_96_32212176-8650569-image-a-10_1598002142635.jpg,C:/Users/Bautista/Downloads/PrecisionSkin/Classes/Acne/aug_96_32212176-8650569-image-a-10_1598002142635.jpg,full_face,train,aug_96_32212176-8650569-image-a-10_1598002142635.jpg,pseudo-label + correct (training),False,,False,False
aug_286_aug_11_acne-cystic-33.jpg,C:/Users/Bautista/Downloads/PrecisionSkin/Classes/Acne/aug_286_aug_11_acne-cystic-33.jpg,partial_face,train,aug_286_aug_11_acne-cystic-33.jpg,pseudo-label + correct (training),False,,False,False
acne-face-10__ProtectWyJQcm90ZWN0Il0_FocusFillWzI5NCwyMjIsIngiLDFd.jpeg,C:/Users/Bautista/Downloads/PrecisionSkin/Classes/Acne/acne-face-10__ProtectWyJQcm90ZWN0Il0_FocusFillWzI5NCwyMjIsIngiLDFd.jpeg,close_up_facial,train,acne-face-10__protectwyjqcm90zwn0il0_focusfillwzi5ncwymjisingildfd.jpeg,pseudo-label + correct (training),False,,False,False
upscaled_2837_png.rf.30fcfe5f26640222cb8ad6156f6245a9.jpg,C:/Users/Bautista/Downloads/PrecisionSkin/Classes/Acne/upscaled_2837_png.rf.30fcfe5f26640222cb8ad6156f6245a9.jpg,close_up_facial,train,upscaled_2837_png,pseudo-label + correct (training),False,,False,False
OIP (22).jpg,C:/Users/Bautista/Downloads/PrecisionSkin/Classes/Acne/OIP (22).jpg,close_up_facial,train,oip (22).jpg,pseudo-label + correct (training),False,,False,False
upscaled_2806_png.rf.da5bb4ede9ce530227f0b3b4444f7dc1.jpg,C:/Users/Bautista/Downloads/PrecisionSkin/Classes/Acne/upscaled_2806_png.rf.da5bb4ede9ce530227f0b3b4444f7dc1.jpg,close_up_facial,train,upscaled_2806_png,pseudo-label + correct (training),False,,False,False
aug_229_acne-face-43__ProtectWyJQcm90ZWN0Il0_FocusFillWzI5NCwyMjIsIngiLDFd.jpeg,C:/Users/Bautista/Downloads/PrecisionSkin/Classes/Acne/aug_229_acne-face-43__ProtectWyJQcm90ZWN0Il0_FocusFillWzI5NCwyMjIsIngiLDFd.jpeg,partial_face,train,aug_229_acne-face-43__protectwyjqcm90zwn0il0_focusfillwzi5ncwymjisingildfd.jpeg,pseudo-label + correct (training),True,Acne,False,True
acne-face-2-25__ProtectWyJQcm90ZWN0Il0_FocusFillWzI5NCwyMjIsIngiLDFd_jpg.rf.5e06067e7b64999e3da8b96aba41207c.jpg,C:/Users/Bautista/Downloads/PrecisionSkin/Classes/Acne/acne-face-2-25__ProtectWyJQcm90ZWN0Il0_FocusFillWzI5NCwyMjIsIngiLDFd_jpg.rf.5e06067e7b64999e3da8b96aba41207c.jpg,close_up_facial,train,acne-face-2-25__protectwyjqcm90zwn0il0_focusfillwzi5ncwymjisingildfd_jpg,pseudo-label + correct (training),False,,False,False
levle2_131_jpg.rf.5e2384bc47c1ea4f40f013cce37393da.jpg,C:/Users/Bautista/Downloads/PrecisionSkin/Classes/Acne/levle2_131_jpg.rf.5e2384bc47c1ea4f40f013cce37393da.jpg,partial_face,train,levle2_131_jpg,pseudo-label + correct (training),False,,True,True
Acne_323.jpg,C:/Users/Bautista/Downloads/PrecisionSkin/Classes/Acne/Acne_323.jpg,close_up_facial,train,acne_323.jpg,pseudo-label + correct (training),False,,False,False
upscaled_2784_png.rf.b2868ae6288228568842380077fd374e.jpg,C:/Users/Bautista/Downloads/PrecisionSkin/Classes/Acne/upscaled_2784_png.rf.b2868ae6288228568842380077fd374e.jpg,close_up_facial,train,upscaled_2784_png,pseudo-label + correct (training),False,,False,False
upscaled_1511_png.rf.98c88093e67ce6ace6170329e55a5c71.jpg,C:/Users/Bautista/Downloads/PrecisionSkin/Classes/Acne/upscaled_1511_png.rf.98c88093e67ce6ace6170329e55a5c71.jpg,close_up_facial,train,upscaled_1511_png,pseudo-label + correct (training),False,,False,False
pigmentation_0_8363_jpeg.rf.cb3603af7786328216bbdf7d6d7f3a36.jpg,C:/Users/Bautista/Downloads/PrecisionSkin/Classes/Acne/pigmentation_0_8363_jpeg.rf.cb3603af7786328216bbdf7d6d7f3a36.jpg,close_up_facial,train,pigmentation_0_8363_jpeg,pseudo-label + correct (training),False,,False,False
pigmentation_0_7174_jpeg.rf.92fe8dceb1a9de341b89a99c2d885cf1.jpg,C:/Users/Bautista/Downloads/PrecisionSkin/Classes/Acne/pigmentation_0_7174_jpeg.rf.92fe8dceb1a9de341b89a99c2d885cf1.jpg,partial_face,train,pigmentation_0_7174_jpeg,pseudo-label + correct (training),False,,False,False
acne-face-1-53__ProtectWyJQcm90ZWN0Il0_FocusFillWzI5NCwyMjIsIngiLDFd_jpg.rf.f0b26e4d68b17909a3a31009d09d2977.jpg,C:/Users/Bautista/Downloads/PrecisionSkin/Classes/Acne/acne-face-1-53__ProtectWyJQcm90ZWN0Il0_FocusFillWzI5NCwyMjIsIngiLDFd_jpg.rf.f0b26e4d68b17909a3a31009d09d2977.jpg,close_up_facial,train,acne-face-1-53__protectwyjqcm90zwn0il0_focusfillwzi5ncwymjisingildfd_jpg,pseudo-label + correct (training),False,,False,False
acne-face-1-2__ProtectWyJQcm90ZWN0Il0_FocusFillWzI5NCwyMjIsIngiLDFd.jpeg,C:/Users/Bautista/Downloads/PrecisionSkin/Classes/Acne/acne-face-1-2__ProtectWyJQcm90ZWN0Il0_FocusFillWzI5NCwyMjIsIngiLDFd.jpeg,close_up_facial,train,acne-face-1-2__protectwyjqcm90zwn0il0_focusfillwzi5ncwymjisingildfd.jpeg,pseudo-label + correct (training),False,,False,False
pigmentation_0_181_jpeg.rf.31a8d1200d43a090e32518e96be8d447.jpg,C:/Users/Bautista/Downloads/PrecisionSkin/Classes/Acne/pigmentation_0_181_jpeg.rf.31a8d1200d43a090e32518e96be8d447.jpg,partial_face,train,pigmentation_0_181_jpeg,pseudo-label + correct (training),False,,False,False
pigmentation_0_9715_jpeg.rf.987ff618b5341d27a7b655495427d50d.jpg,C:/Users/Bautista/Downloads/PrecisionSkin/Classes/Acne/pigmentation_0_9715_jpeg.rf.987ff618b5341d27a7b655495427d50d.jpg,close_up_facial,train,pigmentation_0_9715_jpeg,pseudo-label + correct (training),False,,False,False
pigmentation_0_5107_jpeg.rf.552ee171d3e0e66a6bb780353ca80db9.jpg,C:/Users/Bautista/Downloads/PrecisionSkin/Classes/Acne/pigmentation_0_5107_jpeg.rf.552ee171d3e0e66a6bb780353ca80db9.jpg,partial_face,train,pigmentation_0_5107_jpeg,pseudo-label + correct (training),False,,False,False
Acne_310.jpg,C:/Users/Bautista/Downloads/PrecisionSkin/Classes/Acne/Acne_310.jpg,close_up_facial,train,acne_310.jpg,pseudo-label + correct (training),False,,False,False
aug_0_7192.jpg,C:/Users/Bautista/Downloads/PrecisionSkin/Classes/Acne/aug_0_7192.jpg,close_up_facial,train,aug_0_7192.jpg,pseudo-label + correct (training),False,,False,False
resize-1-_jpg.rf.672af4e834300dd83a38c0bbc7a38404.jpg,C:/Users/Bautista/Downloads/PrecisionSkin/Classes/Acne/resize-1-_jpg.rf.672af4e834300dd83a38c0bbc7a38404.jpg,partial_face,train,resize-1-_jpg,pseudo-label + correct (training),False,,False,False
levle2_12_jpg.rf.cc7907daae2f1ea86bd0d9585a375c7d.jpg,C:/Users/Bautista/Downloads/PrecisionSkin/Classes/Acne/levle2_12_jpg.rf.cc7907daae2f1ea86bd0d9585a375c7d.jpg,close_up_facial,train,levle2_12_jpg,pseudo-label + correct (training),False,,True,True
upscaled_2390_png.rf.ec1765312a152518845e0da454c41016.jpg,C:/Users/Bautista/Downloads/PrecisionSkin/Classes/Acne/upscaled_2390_png.rf.ec1765312a152518845e0da454c41016.jpg,close_up_facial,train,upscaled_2390_png,pseudo-label + correct (training),False,,False,False
acne-open-comedo-1_jpg.rf.5949813a5a5c4ecb6af082a743bb7b7e.jpg,C:/Users/Bautista/Downloads/PrecisionSkin/Classes/Acne/acne-open-comedo-1_jpg.rf.5949813a5a5c4ecb6af082a743bb7b7e.jpg,close_up_facial,train,acne-open-comedo-1_jpg,pseudo-label + correct (training),True,Acne,False,True
upscaled_531_png.rf.a9f6801f03de4c2f194036f17fbabc3f.jpg,C:/Users/Bautista/Downloads/PrecisionSkin/Classes/Acne/upscaled_531_png.rf.a9f6801f03de4c2f194036f17fbabc3f.jpg,close_up_facial,train,upscaled_531_png,pseudo-label + correct (training),False,,False,False
aug_0_2045.jpg,C:/Users/Bautista/Downloads/PrecisionSkin/Classes/Acne/aug_0_2045.jpg,partial_face,train,aug_0_2045.jpg,pseudo-label + correct (training),False,,False,False
aug_17_acne-vulgaris-0002__ProtectWyJQcm90ZWN0Il0_FocusFillWzI5NCwyMjIsIngiLDFd.jpeg,C:/Users/Bautista/Downloads/PrecisionSkin/Classes/Acne/aug_17_acne-vulgaris-0002__ProtectWyJQcm90ZWN0Il0_FocusFillWzI5NCwyMjIsIngiLDFd.jpeg,close_up_facial,train,aug_17_acne-vulgaris-0002__protectwyjqcm90zwn0il0_focusfillwzi5ncwymjisingildfd.jpeg,pseudo-label + correct (training),False,,False,False
pigmentation_0_9821_jpeg.rf.35eb2e07982f02490f477d2ad2fac4c8.jpg,C:/Users/Bautista/Downloads/PrecisionSkin/Classes/Acne/pigmentation_0_9821_jpeg.rf.35eb2e07982f02490f477d2ad2fac4c8.jpg,partial_face,train,pigmentation_0_9821_jpeg,pseudo-label + correct (training),False,,False,False
644008154869745157.png,C:/Users/Bautista/Downloads/PrecisionSkin/Classes/Acne/644008154869745157.png,close_up_facial,train,644008154869745157.png,pseudo-label + correct (training),False,,False,False
Acne_158.jpg,C:/Users/Bautista/Downloads/PrecisionSkin/Classes/Acne/Acne_158.jpg,close_up_facial,train,acne_158.jpg,pseudo-label + correct (training),False,,False,False
aug_49_MDRUMF_Authentically_Spotty-1-1068x1431.jpg,C:/Users/Bautista/Downloads/PrecisionSkin/Classes/Acne/aug_49_MDRUMF_Authentically_Spotty-1-1068x1431.jpg,close_up_facial,train,aug_49_mdrumf_authentically_spotty-1-1068x1431.jpg,pseudo-label + correct (training),False,,False,False
aug_0_5846.jpg,C:/Users/Bautista/Downloads/PrecisionSkin/Classes/Acne/aug_0_5846.jpg,close_up_facial,train,aug_0_5846.jpg,pseudo-label + correct (training),False,,False,False
pigmentation_0_5062_jpeg.rf.38683e0c24573d1ed6bd52f7a2630bf8.jpg,C:/Users/Bautista/Downloads/PrecisionSkin/Classes/Acne/pigmentation_0_5062_jpeg.rf.38683e0c24573d1ed6bd52f7a2630bf8.jpg,partial_face,train,pigmentation_0_5062_jpeg,pseudo-label + correct (training),False,,False,False
acne-closed-comedo-15_jpg.rf.9bb7715e416bf65d19d1ba6f059da87b.jpg,C:/Users/Bautista/Downloads/PrecisionSkin/Classes/Acne/acne-closed-comedo-15_jpg.rf.9bb7715e416bf65d19d1ba6f059da87b.jpg,close_up_facial,train,acne-closed-comedo-15_jpg,pseudo-label + correct (training),False,,False,False
upscaled_473_png.rf.5ea086a8045ced3a833cc35c828c7b23.jpg,C:/Users/Bautista/Downloads/PrecisionSkin/Classes/Acne/upscaled_473_png.rf.5ea086a8045ced3a833cc35c828c7b23.jpg,close_up_facial,train,upscaled_473_png,pseudo-label + correct (training),False,,False,False
aug_48_acne-face-1-47__ProtectWyJQcm90ZWN0Il0_FocusFillWzI5NCwyMjIsIngiLDFd.jpeg,C:/Users/Bautista/Downloads/PrecisionSkin/Classes/Acne/aug_48_acne-face-1-47__ProtectWyJQcm90ZWN0Il0_FocusFillWzI5NCwyMjIsIngiLDFd.jpeg,close_up_facial,train,aug_48_acne-face-1-47__protectwyjqcm90zwn0il0_focusfillwzi5ncwymjisingildfd.jpeg,pseudo-label + correct (training),False,,False,False
pigmentation_0_2772.jpeg,C:/Users/Bautista/Downloads/PrecisionSkin/Classes/Acne/pigmentation_0_2772.jpeg,partial_face,train,pigmentation_0_2772.jpeg,pseudo-label + correct (training),False,,False,False
OIP_jpg.rf.29d2cc07c623ecc9cbda41a092a22a5e.jpg,C:/Users/Bautista/Downloads/PrecisionSkin/Classes/Acne/OIP_jpg.rf.29d2cc07c623ecc9cbda41a092a22a5e.jpg,partial_face,train,oip_jpg,pseudo-label + correct (training),False,,False,False
IMG_3994-JPG-193268bd978993fbad84e920569ea5ed_jpg.rf.12669aee5d7cdc4a9a3ed6ef67abac24.jpg,C:/Users/Bautista/Downloads/PrecisionSkin/Classes/Acne/IMG_3994-JPG-193268bd978993fbad84e920569ea5ed_jpg.rf.12669aee5d7cdc4a9a3ed6ef67abac24.jpg,partial_face,train,img_3994-jpg-193268bd978993fbad84e920569ea5ed_jpg,pseudo-label + correct (training),False,,False,False
R-26-_jpg.rf.a4328505b1bd545a84f0e302c74812c0.jpg,C:/Users/Bautista/Downloads/PrecisionSkin/Classes/Acne/R-26-_jpg.rf.a4328505b1bd545a84f0e302c74812c0.jpg,partial_face,train,r-26-_jpg,pseudo-label + correct (training),False,,False,False
upscaled_1771_png.rf.28af9affaa288714983e28922fefdd3e.jpg,C:/Users/Bautista/Downloads/PrecisionSkin/Classes/Acne/upscaled_1771_png.rf.28af9affaa288714983e28922fefdd3e.jpg,close_up_facial,train,upscaled_1771_png,pseudo-label + correct (training),False,,False,False
upscaled_74_png.rf.71be091103aebea642cc03736a90d761.jpg,C:/Users/Bautista/Downloads/PrecisionSkin/Classes/Acne/upscaled_74_png.rf.71be091103aebea642cc03736a90d761.jpg,close_up_facial,train,upscaled_74_png,pseudo-label + correct (training),False,,False,False
aug_118_pigmentation_0_108_0_7048.jpeg,C:/Users/Bautista/Downloads/PrecisionSkin/Classes/Acne/aug_118_pigmentation_0_108_0_7048.jpeg,partial_face,train,aug_118_pigmentation_0_108_0_7048.jpeg,pseudo-label + correct (training),False,,False,False
pigmentation_0_1405.jpeg,C:/Users/Bautista/Downloads/PrecisionSkin/Classes/Acne/pigmentation_0_1405.jpeg,close_up_facial,train,pigmentation_0_1405.jpeg,pseudo-label + correct (training),False,,False,False
pigmentation_0_3471_jpeg.rf.5c7707fcd404671ee4852580fa08087b.jpg,C:/Users/Bautista/Downloads/PrecisionSkin/Classes/Acne/pigmentation_0_3471_jpeg.rf.5c7707fcd404671ee4852580fa08087b.jpg,partial_face,train,pigmentation_0_3471_jpeg,pseudo-label + correct (training),False,,False,False
upscaled_758_png.rf.3be1f7e0868ca9f14a34955349e2d9c8.jpg,C:/Users/Bautista/Downloads/PrecisionSkin/Classes/Acne/upscaled_758_png.rf.3be1f7e0868ca9f14a34955349e2d9c8.jpg,close_up_facial,train,upscaled_758_png,pseudo-label + correct (training),False,,False,False
pigmentation_0_8641_jpeg.rf.e0b8dc0451c683dd4de133224f2232bd.jpg,C:/Users/Bautista/Downloads/PrecisionSkin/Classes/Acne/pigmentation_0_8641_jpeg.rf.e0b8dc0451c683dd4de133224f2232bd.jpg,partial_face,train,pigmentation_0_8641_jpeg,pseudo-label + correct (training),False,,False,False
acne02bf-21-Copy_jpg.rf.88573256ac7b25e98d80f498b270d5f2.jpg,C:/Users/Bautista/Downloads/PrecisionSkin/Classes/Acne/acne02bf-21-Copy_jpg.rf.88573256ac7b25e98d80f498b270d5f2.jpg,partial_face,train,acne02bf-21-copy_jpg,pseudo-label + correct (training),False,,False,False
aug_120_pigmentation_0_4642.jpeg,C:/Users/Bautista/Downloads/PrecisionSkin/Classes/Acne/aug_120_pigmentation_0_4642.jpeg,partial_face,train,aug_120_pigmentation_0_4642.jpeg,pseudo-label + correct (training),False,,False,False
R (43).jpg,C:/Users/Bautista/Downloads/PrecisionSkin/Classes/Acne/R (43).jpg,partial_face,train,r (43).jpg,pseudo-label + correct (training),False,,False,False
upscaled_1734_png.rf.db2d70649eea7e94162f1ff22f881a87.jpg,C:/Users/Bautista/Downloads/PrecisionSkin/Classes/Acne/upscaled_1734_png.rf.db2d70649eea7e94162f1ff22f881a87.jpg,close_up_facial,train,upscaled_1734_png,pseudo-label + correct (training),False,,False,False
upscaled_2042_png.rf.3693ad67c061e285b5bf1285b7c0c6a1.jpg,C:/Users/Bautista/Downloads/PrecisionSkin/Classes/Acne/upscaled_2042_png.rf.3693ad67c061e285b5bf1285b7c0c6a1.jpg,close_up_facial,train,upscaled_2042_png,pseudo-label + correct (training),False,,False,False
gallery_220146_13338_268656_jpg.rf.1842e90a5f8890f5f2d9ad068a2998f9.jpg,C:/Users/Bautista/Downloads/PrecisionSkin/Classes/Acne/gallery_220146_13338_268656_jpg.rf.1842e90a5f8890f5f2d9ad068a2998f9.jpg,partial_face,train,gallery_220146_13338_268656_jpg,pseudo-label + correct (training),False,,False,False
upscaled_2306_png.rf.138d116085908ec7bc8a08a7d52e0ee1.jpg,C:/Users/Bautista/Downloads/PrecisionSkin/Classes/Acne/upscaled_2306_png.rf.138d116085908ec7bc8a08a7d52e0ee1.jpg,close_up_facial,train,upscaled_2306_png,pseudo-label + correct (training),False,,False,False
upscaled_56_png.rf.d608a874f2c3d695794cbc16ded698b8.jpg,C:/Users/Bautista/Downloads/PrecisionSkin/Classes/Acne/upscaled_56_png.rf.d608a874f2c3d695794cbc16ded698b8.jpg,close_up_facial,train,upscaled_56_png,pseudo-label + correct (training),False,,False,False
upscaled_2564_png.rf.ef75c4ccede2f7170761efa716033258.jpg,C:/Users/Bautista/Downloads/PrecisionSkin/Classes/Acne/upscaled_2564_png.rf.ef75c4ccede2f7170761efa716033258.jpg,close_up_facial,train,upscaled_2564_png,pseudo-label + correct (training),False,,False,False
45_jpg.rf.4d3e9cb0c0b4f0396aced6f959e499b1.jpg,C:/Users/Bautista/Downloads/PrecisionSkin/Classes/Acne/45_jpg.rf.4d3e9cb0c0b4f0396aced6f959e499b1.jpg,partial_face,train,45_jpg,pseudo-label + correct (training),False,,True,True
acne-cystic-42.jpg,C:/Users/Bautista/Downloads/PrecisionSkin/Classes/Acne/acne-cystic-42.jpg,partial_face,train,acne-cystic-42.jpg,pseudo-label + correct (training),False,,False,False
u06kz58buhi11_png.rf.7a025530739c14e9277bb57a0432e9d3.jpg,C:/Users/Bautista/Downloads/PrecisionSkin/Classes/Acne/u06kz58buhi11_png.rf.7a025530739c14e9277bb57a0432e9d3.jpg,partial_face,train,u06kz58buhi11_png,pseudo-label + correct (training),False,,False,False
Acne_183.jpg,C:/Users/Bautista/Downloads/PrecisionSkin/Classes/Acne/Acne_183.jpg,partial_face,train,acne_183.jpg,pseudo-label + correct (training),True,Acne,False,True
upscaled_1247_png.rf.65dd43d122704d7d54a3f56406ce5d12.jpg,C:/Users/Bautista/Downloads/PrecisionSkin/Classes/Acne/upscaled_1247_png.rf.65dd43d122704d7d54a3f56406ce5d12.jpg,close_up_facial,train,upscaled_1247_png,pseudo-label + correct (training),False,,False,False
aug_321_acne-cystic-15.jpg,C:/Users/Bautista/Downloads/PrecisionSkin/Classes/Acne/aug_321_acne-cystic-15.jpg,close_up_facial,train,aug_321_acne-cystic-15.jpg,pseudo-label + correct (training),False,,False,False
upscaled_1360_png.rf.56337a9aa3c9bf42945a462bfa46fe3f.jpg,C:/Users/Bautista/Downloads/PrecisionSkin/Classes/Acne/upscaled_1360_png.rf.56337a9aa3c9bf42945a462bfa46fe3f.jpg,partial_face,train,upscaled_1360_png,pseudo-label + correct (training),False,,False,False
Acne_289.jpg,C:/Users/Bautista/Downloads/PrecisionSkin/Classes/Acne/Acne_289.jpg,close_up_facial,train,acne_289.jpg,pseudo-label + correct (training),False,,False,False
pigmentation_0_7267_jpeg.rf.ab7c0ba9c67bd4b04965520f2b686124.jpg,C:/Users/Bautista/Downloads/PrecisionSkin/Classes/Acne/pigmentation_0_7267_jpeg.rf.ab7c0ba9c67bd4b04965520f2b686124.jpg,close_up_facial,train,pigmentation_0_7267_jpeg,pseudo-label + correct (training),False,,False,False
pigmentation_0_2000.jpeg,C:/Users/Bautista/Downloads/PrecisionSkin/Classes/Acne/pigmentation_0_2000.jpeg,partial_face,train,pigmentation_0_2000.jpeg,pseudo-label + correct (training),False,,False,False
aug_0_7079.jpg,C:/Users/Bautista/Downloads/PrecisionSkin/Classes/Acne/aug_0_7079.jpg,close_up_facial,train,aug_0_7079.jpg,pseudo-label + correct (training),False,,False,False
aug_125_R (11).jpg,C:/Users/Bautista/Downloads/PrecisionSkin/Classes/Acne/aug_125_R (11).jpg,partial_face,train,aug_125_r (11).jpg,pseudo-label + correct (training),False,,False,False
CAF0CFD3-2031-406B-AC2B-A6F705460942-jpeg-94c4004c499ca00916a86e30c7f9fd88_jpeg.rf.a78949e3a3dce2fd95f1a1ff68e6b24c.jpg,C:/Users/Bautista/Downloads/PrecisionSkin/Classes/Acne/CAF0CFD3-2031-406B-AC2B-A6F705460942-jpeg-94c4004c499ca00916a86e30c7f9fd88_jpeg.rf.a78949e3a3dce2fd95f1a1ff68e6b24c.jpg,close_up_facial,train,caf0cfd3-2031-406b-ac2b-a6f705460942-jpeg-94c4004c499ca00916a86e30c7f9fd88_jpeg,pseudo-label + correct (training),False,,False,False
acne-face-6__ProtectWyJQcm90ZWN0Il0_FocusFillWzI5NCwyMjIsIngiLDFd.jpeg,C:/Users/Bautista/Downloads/PrecisionSkin/Classes/Acne/acne-face-6__ProtectWyJQcm90ZWN0Il0_FocusFillWzI5NCwyMjIsIngiLDFd.jpeg,partial_face,train,acne-face-6__protectwyjqcm90zwn0il0_focusfillwzi5ncwymjisingildfd.jpeg,pseudo-label + correct (training),False,,False,False
-7049015325438921007.png,C:/Users/Bautista/Downloads/PrecisionSkin/Classes/Acne/-7049015325438921007.png,close_up_facial,train,-7049015325438921007.png,pseudo-label + correct (training),False,,False,False
acne-face-2-35__ProtectWyJQcm90ZWN0Il0_FocusFillWzI5NCwyMjIsIngiLDFd.jpeg,C:/Users/Bautista/Downloads/PrecisionSkin/Classes/Acne/acne-face-2-35__ProtectWyJQcm90ZWN0Il0_FocusFillWzI5NCwyMjIsIngiLDFd.jpeg,close_up_facial,train,acne-face-2-35__protectwyjqcm90zwn0il0_focusfillwzi5ncwymjisingildfd.jpeg,pseudo-label + correct (training),True,Acne,False,True
pigmentation_0_797.jpeg,C:/Users/Bautista/Downloads/PrecisionSkin/Classes/Acne/pigmentation_0_797.jpeg,close_up_facial,train,pigmentation_0_797.jpeg,pseudo-label + correct (training),False,,False,False
upscaled_556_png.rf.f7166dba765af3e9b53f4b34eb01b67e.jpg,C:/Users/Bautista/Downloads/PrecisionSkin/Classes/Acne/upscaled_556_png.rf.f7166dba765af3e9b53f4b34eb01b67e.jpg,close_up_facial,train,upscaled_556_png,pseudo-label + correct (training),False,,False,False
acne-face-5-4__ProtectWyJQcm90ZWN0Il0_FocusFillWzI5NCwyMjIsIngiLDFd.jpeg,C:/Users/Bautista/Downloads/PrecisionSkin/Classes/Acne/acne-face-5-4__ProtectWyJQcm90ZWN0Il0_FocusFillWzI5NCwyMjIsIngiLDFd.jpeg,close_up_facial,train,acne-face-5-4__protectwyjqcm90zwn0il0_focusfillwzi5ncwymjisingildfd.jpeg,pseudo-label + correct (training),False,,False,False
aug_278_pigmentation_0_1893.jpeg,C:/Users/Bautista/Downloads/PrecisionSkin/Classes/Acne/aug_278_pigmentation_0_1893.jpeg,partial_face,train,aug_278_pigmentation_0_1893.jpeg,pseudo-label + correct (training),False,,False,False
Acne_216.jpg,C:/Users/Bautista/Downloads/PrecisionSkin/Classes/Acne/Acne_216.jpg,close_up_facial,train,acne_216.jpg,pseudo-label + correct (training),False,,False,False
aug_343_33.jpg,C:/Users/Bautista/Downloads/PrecisionSkin/Classes/Acne/aug_343_33.jpg,partial_face,train,aug_343_33.jpg,pseudo-label + correct (training),False,,False,False
acne-face-4-2__ProtectWyJQcm90ZWN0Il0_FocusFillWzI5NCwyMjIsIngiLDFd.jpeg,C:/Users/Bautista/Downloads/PrecisionSkin/Classes/Acne/acne-face-4-2__ProtectWyJQcm90ZWN0Il0_FocusFillWzI5NCwyMjIsIngiLDFd.jpeg,close_up_facial,train,acne-face-4-2__protectwyjqcm90zwn0il0_focusfillwzi5ncwymjisingildfd.jpeg,pseudo-label + correct (training),True,Acne,False,True
upscaled_2869_png.rf.d88692f1e5639821b7487a2f4eb21432.jpg,C:/Users/Bautista/Downloads/PrecisionSkin/Classes/Acne/upscaled_2869_png.rf.d88692f1e5639821b7487a2f4eb21432.jpg,close_up_facial,train,upscaled_2869_png,pseudo-label + correct (training),False,,False,False
levle1_0_jpg.rf.f04567b19896806e5046058daae03908.jpg,C:/Users/Bautista/Downloads/PrecisionSkin/Classes/Acne/levle1_0_jpg.rf.f04567b19896806e5046058daae03908.jpg,partial_face,train,levle1_0_jpg,pseudo-label + correct (training),False,,True,True
upscaled_1128_png.rf.ca793f25807e7d6b3c850bdfd291cf7c.jpg,C:/Users/Bautista/Downloads/PrecisionSkin/Classes/Acne/upscaled_1128_png.rf.ca793f25807e7d6b3c850bdfd291cf7c.jpg,close_up_facial,train,upscaled_1128_png,pseudo-label + correct (training),False,,False,False
upscaled_43_png.rf.c37d2b0e7b0ec30177490677db3eede9.jpg,C:/Users/Bautista/Downloads/PrecisionSkin/Classes/Acne/upscaled_43_png.rf.c37d2b0e7b0ec30177490677db3eede9.jpg,partial_face,train,upscaled_43_png,pseudo-label + correct (training),False,,False,False
upscaled_2371_png.rf.b3eca9791bbc604cf9449b28d8b7cb4b.jpg,C:/Users/Bautista/Downloads/PrecisionSkin/Classes/Acne/upscaled_2371_png.rf.b3eca9791bbc604cf9449b28d8b7cb4b.jpg,close_up_facial,train,upscaled_2371_png,pseudo-label + correct (training),False,,False,False
upscaled_2460_png.rf.aaf2be7f0c08dafe907b4c76940a549f.jpg,C:/Users/Bautista/Downloads/PrecisionSkin/Classes/Acne/upscaled_2460_png.rf.aaf2be7f0c08dafe907b4c76940a549f.jpg,close_up_facial,train,upscaled_2460_png,pseudo-label + correct (training),False,,False,False
upscaled_2258_png.rf.01cf9bb56657cb00fbb88430bdf802e7.jpg,C:/Users/Bautista/Downloads/PrecisionSkin/Classes/Acne/upscaled_2258_png.rf.01cf9bb56657cb00fbb88430bdf802e7.jpg,close_up_facial,train,upscaled_2258_png,pseudo-label + correct (training),False,,False,False
aug_67_acne-closed-comedo-28.jpg,C:/Users/Bautista/Downloads/PrecisionSkin/Classes/Acne/aug_67_acne-closed-comedo-28.jpg,partial_face,train,aug_67_acne-closed-comedo-28.jpg,pseudo-label + correct (training),False,,False,False
Acne_270.jpg,C:/Users/Bautista/Downloads/PrecisionSkin/Classes/Acne/Acne_270.jpg,close_up_facial,train,acne_270.jpg,pseudo-label + correct (training),False,,False,False
upscaled_2001_png.rf.723891bc9fa031dd63ebf0829e9a3911.jpg,C:/Users/Bautista/Downloads/PrecisionSkin/Classes/Acne/upscaled_2001_png.rf.723891bc9fa031dd63ebf0829e9a3911.jpg,close_up_facial,train,upscaled_2001_png,pseudo-label + correct (training),False,,False,False
acne-cystic-56.jpeg,C:/Users/Bautista/Downloads/PrecisionSkin/Classes/Acne/acne-cystic-56.jpeg,partial_face,train,acne-cystic-56.jpeg,pseudo-label + correct (training),False,,False,False
upscaled_1333_png.rf.7e5b3d25c7b7211c596d60ee9d3131d5.jpg,C:/Users/Bautista/Downloads/PrecisionSkin/Classes/Acne/upscaled_1333_png.rf.7e5b3d25c7b7211c596d60ee9d3131d5.jpg,close_up_facial,train,upscaled_1333_png,pseudo-label + correct (training),False,,False,False
-6544442737462623993.png,C:/Users/Bautista/Downloads/PrecisionSkin/Classes/Acne/-6544442737462623993.png,close_up_facial,train,-6544442737462623993.png,pseudo-label + correct (training),False,,False,False
upscaled_2086_png.rf.459f8c8978a7ab2b374a19a029f1076a.jpg,C:/Users/Bautista/Downloads/PrecisionSkin/Classes/Acne/upscaled_2086_png.rf.459f8c8978a7ab2b374a19a029f1076a.jpg,partial_face,train,upscaled_2086_png,pseudo-label + correct (training),False,,False,False
pigmentation_0_8742_jpeg.rf.0abee5e1dfaef65e7695dc6c7ec6774b.jpg,C:/Users/Bautista/Downloads/PrecisionSkin/Classes/Acne/pigmentation_0_8742_jpeg.rf.0abee5e1dfaef65e7695dc6c7ec6774b.jpg,close_up_facial,train,pigmentation_0_8742_jpeg,pseudo-label + correct (training),False,,False,False
1-inst-natural-acne-solutions-36374-150x150_jpg.rf.28c1f79025b220631c4a7708bdf18d64.jpg,C:/Users/Bautista/Downloads/PrecisionSkin/Classes/Acne/1-inst-natural-acne-solutions-36374-150x150_jpg.rf.28c1f79025b220631c4a7708bdf18d64.jpg,partial_face,train,1-inst-natural-acne-solutions-36374-150x150_jpg,pseudo-label + correct (training),False,,False,False
aug_0_8849.jpg,C:/Users/Bautista/Downloads/PrecisionSkin/Classes/Acne/aug_0_8849.jpg,close_up_facial,train,aug_0_8849.jpg,pseudo-label + correct (training),False,,False,False
aug_188_pigmentation_0_2061.jpeg,C:/Users/Bautista/Downloads/PrecisionSkin/Classes/Acne/aug_188_pigmentation_0_2061.jpeg,close_up_facial,train,aug_188_pigmentation_0_2061.jpeg,pseudo-label + correct (training),False,,False,False
upscaled_2382_png.rf.7d19d736c2d373da43793a75848a53bb.jpg,C:/Users/Bautista/Downloads/PrecisionSkin/Classes/Acne/upscaled_2382_png.rf.7d19d736c2d373da43793a75848a53bb.jpg,close_up_facial,train,upscaled_2382_png,pseudo-label + correct (training),False,,False,False
pigmentation_0_9157_jpeg.rf.5fa46ab077a0c39e237d3065da9700cb.jpg,C:/Users/Bautista/Downloads/PrecisionSkin/Classes/Acne/pigmentation_0_9157_jpeg.rf.5fa46ab077a0c39e237d3065da9700cb.jpg,partial_face,train,pigmentation_0_9157_jpeg,pseudo-label + correct (training),False,,False,False
aug_0_8124.jpg,C:/Users/Bautista/Downloads/PrecisionSkin/Classes/Acne/aug_0_8124.jpg,close_up_facial,train,aug_0_8124.jpg,pseudo-label + correct (training),False,,False,False
OIP (24).jpg,C:/Users/Bautista/Downloads/PrecisionSkin/Classes/Acne/OIP (24).jpg,partial_face,train,oip (24).jpg,pseudo-label + correct (training),False,,False,False
aug_60_pigmentation_0_906.jpeg,C:/Users/Bautista/Downloads/PrecisionSkin/Classes/Acne/aug_60_pigmentation_0_906.jpeg,partial_face,train,aug_60_pigmentation_0_906.jpeg,pseudo-label + correct (training),False,,False,False
pigmentation_0_291_jpeg.rf.7a88376a1995580a06c3c9c6de2af730.jpg,C:/Users/Bautista/Downloads/PrecisionSkin/Classes/Acne/pigmentation_0_291_jpeg.rf.7a88376a1995580a06c3c9c6de2af730.jpg,partial_face,train,pigmentation_0_291_jpeg,pseudo-label + correct (training),False,,False,False
Acne_9.jpg,C:/Users/Bautista/Downloads/PrecisionSkin/Classes/Acne/Acne_9.jpg,close_up_facial,train,acne_9.jpg,pseudo-label + correct (training),False,,False,False
acne-face-1-6__ProtectWyJQcm90ZWN0Il0_FocusFillWzI5NCwyMjIsIngiLDFd.jpeg,C:/Users/Bautista/Downloads/PrecisionSkin/Classes/Acne/acne-face-1-6__ProtectWyJQcm90ZWN0Il0_FocusFillWzI5NCwyMjIsIngiLDFd.jpeg,close_up_facial,train,acne-face-1-6__protectwyjqcm90zwn0il0_focusfillwzi5ncwymjisingildfd.jpeg,pseudo-label + correct (training),False,,False,False
acne-face-1-53__ProtectWyJQcm90ZWN0Il0_FocusFillWzI5NCwyMjIsIngiLDFd.jpeg,C:/Users/Bautista/Downloads/PrecisionSkin/Classes/Acne/acne-face-1-53__ProtectWyJQcm90ZWN0Il0_FocusFillWzI5NCwyMjIsIngiLDFd.jpeg,close_up_facial,train,acne-face-1-53__protectwyjqcm90zwn0il0_focusfillwzi5ncwymjisingildfd.jpeg,pseudo-label + correct (training),False,,False,False
upscaled_1726_png.rf.7f932abf8afe2356f581fed38c89160d.jpg,C:/Users/Bautista/Downloads/PrecisionSkin/Classes/Acne/upscaled_1726_png.rf.7f932abf8afe2356f581fed38c89160d.jpg,close_up_facial,train,upscaled_1726_png,pseudo-label + correct (training),False,,False,False
aug_0_8855.jpg,C:/Users/Bautista/Downloads/PrecisionSkin/Classes/Acne/aug_0_8855.jpg,close_up_facial,train,aug_0_8855.jpg,pseudo-label + correct (training),False,,False,False
upscaled_787_png.rf.149c12384e16e13488e4c1b0159b2f30.jpg,C:/Users/Bautista/Downloads/PrecisionSkin/Classes/Acne/upscaled_787_png.rf.149c12384e16e13488e4c1b0159b2f30.jpg,partial_face,train,upscaled_787_png,pseudo-label + correct (training),False,,False,False
upscaled_35_png.rf.eb2a08952472128b64bcd584b676eed4.jpg,C:/Users/Bautista/Downloads/PrecisionSkin/Classes/Acne/upscaled_35_png.rf.eb2a08952472128b64bcd584b676eed4.jpg,close_up_facial,train,upscaled_35_png,pseudo-label + correct (training),False,,False,False
aug_18_pigmentation_0_1732.jpeg,C:/Users/Bautista/Downloads/PrecisionSkin/Classes/Acne/aug_18_pigmentation_0_1732.jpeg,close_up_facial,train,aug_18_pigmentation_0_1732.jpeg,pseudo-label + correct (training),False,,False,False
Acne_24.jpg,C:/Users/Bautista/Downloads/PrecisionSkin/Classes/Acne/Acne_24.jpg,close_up_facial,train,acne_24.jpg,pseudo-label + correct (training),False,,False,False
aug_129_acne-4.png,C:/Users/Bautista/Downloads/PrecisionSkin/Classes/Acne/aug_129_acne-4.png,partial_face,train,aug_129_acne-4.png,pseudo-label + correct (training),False,,False,False
2-2-1_jpg.rf.317825be480c904cb4a96ff15dd55c39.jpg,C:/Users/Bautista/Downloads/PrecisionSkin/Classes/Acne/2-2-1_jpg.rf.317825be480c904cb4a96ff15dd55c39.jpg,partial_face,train,2-2-1_jpg,pseudo-label + correct (training),False,,False,False
aug_74_acne-cystic-39.jpg,C:/Users/Bautista/Downloads/PrecisionSkin/Classes/Acne/aug_74_acne-cystic-39.jpg,partial_face,train,aug_74_acne-cystic-39.jpg,pseudo-label + correct (training),False,,False,False
acne98.png,C:/Users/Bautista/Downloads/PrecisionSkin/Classes/Acne/acne98.png,partial_face,train,acne98.png,pseudo-label + correct (training),False,,False,False
7903578211640293426.png,C:/Users/Bautista/Downloads/PrecisionSkin/Classes/Acne/7903578211640293426.png,partial_face,train,7903578211640293426.png,pseudo-label + correct (training),False,,False,False
upscaled_1173_png.rf.74691332b0cd8deecec33b885aaa4fb2.jpg,C:/Users/Bautista/Downloads/PrecisionSkin/Classes/Acne/upscaled_1173_png.rf.74691332b0cd8deecec33b885aaa4fb2.jpg,close_up_facial,train,upscaled_1173_png,pseudo-label + correct (training),False,,False,False
coj7k6re1f021_png.rf.f9981dcf5f41ab33a7eba14d6cd91c5c.jpg,C:/Users/Bautista/Downloads/PrecisionSkin/Classes/Acne/coj7k6re1f021_png.rf.f9981dcf5f41ab33a7eba14d6cd91c5c.jpg,partial_face,train,coj7k6re1f021_png,pseudo-label + correct (training),False,,False,False
R (44).jpg,C:/Users/Bautista/Downloads/PrecisionSkin/Classes/Acne/R (44).jpg,close_up_facial,train,r (44).jpg,pseudo-label + correct (training),False,,False,False
bef3f1ce4c62b5e83dd56d4e1a6c9f16.jpg,C:/Users/Bautista/Downloads/PrecisionSkin/Classes/Acne/bef3f1ce4c62b5e83dd56d4e1a6c9f16.jpg,full_face,train,bef3f1ce4c62b5e83dd56d4e1a6c9f16.jpg,pseudo-label + correct (training),False,,False,False
upscaled_661_png.rf.c3d7437740a2fcef8da55c9a4c819b13.jpg,C:/Users/Bautista/Downloads/PrecisionSkin/Classes/Acne/upscaled_661_png.rf.c3d7437740a2fcef8da55c9a4c819b13.jpg,close_up_facial,train,upscaled_661_png,pseudo-label + correct (training),False,,False,False
upscaled_2884_png.rf.dcc08500102384fcd0d6eb34485b0c94.jpg,C:/Users/Bautista/Downloads/PrecisionSkin/Classes/Acne/upscaled_2884_png.rf.dcc08500102384fcd0d6eb34485b0c94.jpg,close_up_facial,train,upscaled_2884_png,pseudo-label + correct (training),False,,False,False
Acne_92.jpg,C:/Users/Bautista/Downloads/PrecisionSkin/Classes/Acne/Acne_92.jpg,close_up_facial,train,acne_92.jpg,pseudo-label + correct (training),False,,False,False
acne-face-53__ProtectWyJQcm90ZWN0Il0_FocusFillWzI5NCwyMjIsInkiLDg1XQ.jpeg,C:/Users/Bautista/Downloads/PrecisionSkin/Classes/Acne/acne-face-53__ProtectWyJQcm90ZWN0Il0_FocusFillWzI5NCwyMjIsInkiLDg1XQ.jpeg,close_up_facial,train,acne-face-53__protectwyjqcm90zwn0il0_focusfillwzi5ncwymjisinkildg1xq.jpeg,pseudo-label + correct (training),False,,False,False
aug_0_5145.jpg,C:/Users/Bautista/Downloads/PrecisionSkin/Classes/Acne/aug_0_5145.jpg,close_up_facial,train,aug_0_5145.jpg,pseudo-label + correct (training),False,,False,False
upscaled_2570_png.rf.96969d36f247a91a4a7ab6fae9d10213.jpg,C:/Users/Bautista/Downloads/PrecisionSkin/Classes/Acne/upscaled_2570_png.rf.96969d36f247a91a4a7ab6fae9d10213.jpg,close_up_facial,train,upscaled_2570_png,pseudo-label + correct (training),False,,False,False
aug_203_pigmentation_0_291.jpeg,C:/Users/Bautista/Downloads/PrecisionSkin/Classes/Acne/aug_203_pigmentation_0_291.jpeg,partial_face,train,aug_203_pigmentation_0_291.jpeg,pseudo-label + correct (training),False,,False,False
aug_128_OIP (2).jpg,C:/Users/Bautista/Downloads/PrecisionSkin/Classes/Acne/aug_128_OIP (2).jpg,partial_face,train,aug_128_oip (2).jpg,pseudo-label + correct (training),False,,False,False
levle1_374_jpg.rf.a68eb2fca95e13132ccb55c724a69815.jpg,C:/Users/Bautista/Downloads/PrecisionSkin/Classes/Acne/levle1_374_jpg.rf.a68eb2fca95e13132ccb55c724a69815.jpg,full_face,train,levle1_374_jpg,pseudo-label + correct (training),False,,True,True
19280a95363d065b1dfbc654e2853029.jpg,C:/Users/Bautista/Downloads/PrecisionSkin/Classes/Acne/19280a95363d065b1dfbc654e2853029.jpg,full_face,train,19280a95363d065b1dfbc654e2853029.jpg,pseudo-label + correct (training),False,,False,False
aug_86_acne-open-comedo-43.jpg,C:/Users/Bautista/Downloads/PrecisionSkin/Classes/Acne/aug_86_acne-open-comedo-43.jpg,close_up_facial,train,aug_86_acne-open-comedo-43.jpg,pseudo-label + correct (training),False,,False,False
Bells-Palsy-1.jpg,C:/Users/Bautista/Downloads/PrecisionSkin/Classes/Acne/Bells-Palsy-1.jpg,close_up_facial,train,bells-palsy-1.jpg,pseudo-label + correct (training),False,,False,False
acne-face-2-18__ProtectWyJQcm90ZWN0Il0_FocusFillWzI5NCwyMjIsInkiLDEyXQ.jpeg,C:/Users/Bautista/Downloads/PrecisionSkin/Classes/Acne/acne-face-2-18__ProtectWyJQcm90ZWN0Il0_FocusFillWzI5NCwyMjIsInkiLDEyXQ.jpeg,close_up_facial,train,acne-face-2-18__protectwyjqcm90zwn0il0_focusfillwzi5ncwymjisinkildeyxq.jpeg,pseudo-label + correct (training),True,Acne,False,True
pigmentation_0_5443_jpeg.rf.98b6d634527b2da2655038b98f732ed0.jpg,C:/Users/Bautista/Downloads/PrecisionSkin/Classes/Acne/pigmentation_0_5443_jpeg.rf.98b6d634527b2da2655038b98f732ed0.jpg,partial_face,train,pigmentation_0_5443_jpeg,pseudo-label + correct (training),False,,False,False
pigmentation_0_5948_jpeg.rf.a755f5149fec7921e7fd9a9d715366df.jpg,C:/Users/Bautista/Downloads/PrecisionSkin/Classes/Acne/pigmentation_0_5948_jpeg.rf.a755f5149fec7921e7fd9a9d715366df.jpg,partial_face,train,pigmentation_0_5948_jpeg,pseudo-label + correct (training),False,,False,False
aug_116_pigmentation_0_937.jpeg,C:/Users/Bautista/Downloads/PrecisionSkin/Classes/Acne/aug_116_pigmentation_0_937.jpeg,full_face,train,aug_116_pigmentation_0_937.jpeg,pseudo-label + correct (training),False,,False,False
upscaled_1383_png.rf.f0ab0e37bbb41f2ef5fe18cc88aa3bdd.jpg,C:/Users/Bautista/Downloads/PrecisionSkin/Classes/Acne/upscaled_1383_png.rf.f0ab0e37bbb41f2ef5fe18cc88aa3bdd.jpg,close_up_facial,train,upscaled_1383_png,pseudo-label + correct (training),False,,False,False
60_PNG.rf.7975e45949ed2bd5ed4d3f63f37d16ef.jpg,C:/Users/Bautista/Downloads/PrecisionSkin/Classes/Acne/60_PNG.rf.7975e45949ed2bd5ed4d3f63f37d16ef.jpg,partial_face,train,60_png,pseudo-label + correct (training),False,,True,True
Science-of-Skin-Results-06_fbf8d7b87c77f42b5c48204b0eaea5d8_png.rf.ba69c7b7a5bcd7141ab0b921ac10ebcc.jpg,C:/Users/Bautista/Downloads/PrecisionSkin/Classes/Acne/Science-of-Skin-Results-06_fbf8d7b87c77f42b5c48204b0eaea5d8_png.rf.ba69c7b7a5bcd7141ab0b921ac10ebcc.jpg,full_face,train,science-of-skin-results-06_fbf8d7b87c77f42b5c48204b0eaea5d8_png,pseudo-label + correct (training),False,,False,False
upscaled_133_png.rf.ca489b230ac6852f81f7a8b32a7862d1.jpg,C:/Users/Bautista/Downloads/PrecisionSkin/Classes/Acne/upscaled_133_png.rf.ca489b230ac6852f81f7a8b32a7862d1.jpg,close_up_facial,train,upscaled_133_png,pseudo-label + correct (training),False,,False,False
pigmentation_0_6858_jpeg.rf.be119b369f382f4f97e2e99a4c8cf5f6.jpg,C:/Users/Bautista/Downloads/PrecisionSkin/Classes/Acne/pigmentation_0_6858_jpeg.rf.be119b369f382f4f97e2e99a4c8cf5f6.jpg,close_up_facial,train,pigmentation_0_6858_jpeg,pseudo-label + correct (training),False,,False,False
Acne_263.jpg,C:/Users/Bautista/Downloads/PrecisionSkin/Classes/Acne/Acne_263.jpg,close_up_facial,train,acne_263.jpg,pseudo-label + correct (training),False,,False,False
pigmentation_0_8691_jpeg.rf.752f175ce3ad3bc074852958a5e83af4.jpg,C:/Users/Bautista/Downloads/PrecisionSkin/Classes/Acne/pigmentation_0_8691_jpeg.rf.752f175ce3ad3bc074852958a5e83af4.jpg,close_up_facial,train,pigmentation_0_8691_jpeg,pseudo-label + correct (training),False,,False,False
pigmentation_0_4527_jpeg.rf.64a1eb56b8d021d4628c205c1adfc4d0.jpg,C:/Users/Bautista/Downloads/PrecisionSkin/Classes/Acne/pigmentation_0_4527_jpeg.rf.64a1eb56b8d021d4628c205c1adfc4d0.jpg,partial_face,train,pigmentation_0_4527_jpeg,pseudo-label + correct (training),False,,False,False
aug_0_4654.jpg,C:/Users/Bautista/Downloads/PrecisionSkin/Classes/Acne/aug_0_4654.jpg,close_up_facial,train,aug_0_4654.jpg,pseudo-label + correct (training),False,,False,False
pigmentation_0_7206_jpeg.rf.c8cacc3391bd1162c2d839f59e706020.jpg,C:/Users/Bautista/Downloads/PrecisionSkin/Classes/Acne/pigmentation_0_7206_jpeg.rf.c8cacc3391bd1162c2d839f59e706020.jpg,partial_face,train,pigmentation_0_7206_jpeg,pseudo-label + correct (training),False,,False,False
aug_169_OIP (7).jpg,C:/Users/Bautista/Downloads/PrecisionSkin/Classes/Acne/aug_169_OIP (7).jpg,partial_face,train,aug_169_oip (7).jpg,pseudo-label + correct (training),False,,False,False
pigmentation_0_7093_jpeg.rf.accfcbfa17c7ffe1162065521c9a5609.jpg,C:/Users/Bautista/Downloads/PrecisionSkin/Classes/Acne/pigmentation_0_7093_jpeg.rf.accfcbfa17c7ffe1162065521c9a5609.jpg,close_up_facial,train,pigmentation_0_7093_jpeg,pseudo-label + correct (training),False,,False,False
6536434364523555339.png,C:/Users/Bautista/Downloads/PrecisionSkin/Classes/Acne/6536434364523555339.png,partial_face,train,6536434364523555339.png,pseudo-label + correct (training),False,,False,False
upscaled_2883_png.rf.ef736b081102d5de9804f3875aa92e84.jpg,C:/Users/Bautista/Downloads/PrecisionSkin/Classes/Acne/upscaled_2883_png.rf.ef736b081102d5de9804f3875aa92e84.jpg,close_up_facial,train,upscaled_2883_png,pseudo-label + correct (training),False,,False,False
upscaled_1134_png.rf.b54a7f12ceb1e08ec4d57e4fe92e0946.jpg,C:/Users/Bautista/Downloads/PrecisionSkin/Classes/Acne/upscaled_1134_png.rf.b54a7f12ceb1e08ec4d57e4fe92e0946.jpg,close_up_facial,train,upscaled_1134_png,pseudo-label + correct (training),False,,False,False
2 (1).png,C:/Users/Bautista/Downloads/PrecisionSkin/Classes/Acne/2 (1).png,partial_face,train,2 (1).png,pseudo-label + correct (training),False,,False,False
18.jpg,C:/Users/Bautista/Downloads/PrecisionSkin/Classes/Acne/18.jpg,close_up_facial,train,18.jpg,pseudo-label + correct (training),False,,True,True
acne-face-69__ProtectWyJQcm90ZWN0Il0_FocusFillWzI5NCwyMjIsIngiLDFd_jpg.rf.838f643843187e4291051ad8af35bec2.jpg,C:/Users/Bautista/Downloads/PrecisionSkin/Classes/Acne/acne-face-69__ProtectWyJQcm90ZWN0Il0_FocusFillWzI5NCwyMjIsIngiLDFd_jpg.rf.838f643843187e4291051ad8af35bec2.jpg,close_up_facial,train,acne-face-69__protectwyjqcm90zwn0il0_focusfillwzi5ncwymjisingildfd_jpg,pseudo-label + correct (training),False,,False,False
pigmentation_0_2150.jpeg,C:/Users/Bautista/Downloads/PrecisionSkin/Classes/Acne/pigmentation_0_2150.jpeg,partial_face,train,pigmentation_0_2150.jpeg,pseudo-label + correct (training),False,,False,False
aug_0_3434.jpg,C:/Users/Bautista/Downloads/PrecisionSkin/Classes/Acne/aug_0_3434.jpg,partial_face,train,aug_0_3434.jpg,pseudo-label + correct (training),False,,False,False
40279_2013_22_Fig4_HTML_jpg.rf.571e7733ba7868494dfe1a5d923e7c6c.jpg,C:/Users/Bautista/Downloads/PrecisionSkin/Classes/Acne/40279_2013_22_Fig4_HTML_jpg.rf.571e7733ba7868494dfe1a5d923e7c6c.jpg,partial_face,train,40279_2013_22_fig4_html_jpg,pseudo-label + correct (training),False,,False,False
aug_0_4399.jpg,C:/Users/Bautista/Downloads/PrecisionSkin/Classes/Acne/aug_0_4399.jpg,partial_face,train,aug_0_4399.jpg,pseudo-label + correct (training),False,,False,False
aug_0_652.jpg,C:/Users/Bautista/Downloads/PrecisionSkin/Classes/Acne/aug_0_652.jpg,partial_face,train,aug_0_652.jpg,pseudo-label + correct (training),False,,False,False
acne-face-30__ProtectWyJQcm90ZWN0Il0_FocusFillWzI5NCwyMjIsIngiLDFd.jpeg,C:/Users/Bautista/Downloads/PrecisionSkin/Classes/Acne/acne-face-30__ProtectWyJQcm90ZWN0Il0_FocusFillWzI5NCwyMjIsIngiLDFd.jpeg,close_up_facial,train,acne-face-30__protectwyjqcm90zwn0il0_focusfillwzi5ncwymjisingildfd.jpeg,pseudo-label + correct (training),False,,False,False
aug_3_pigmentation_0_3481.jpeg,C:/Users/Bautista/Downloads/PrecisionSkin/Classes/Acne/aug_3_pigmentation_0_3481.jpeg,close_up_facial,train,aug_3_pigmentation_0_3481.jpeg,pseudo-label + correct (training),False,,False,False
large.IMG_3890.jpg.2720bb071697b81024bb71135ded7e76.jpg,C:/Users/Bautista/Downloads/PrecisionSkin/Classes/Acne/large.IMG_3890.jpg.2720bb071697b81024bb71135ded7e76.jpg,partial_face,train,large.img_3890.jpg.2720bb071697b81024bb71135ded7e76.jpg,pseudo-label + correct (training),False,,False,False
acne-face-78__ProtectWyJQcm90ZWN0Il0_FocusFillWzI5NCwyMjIsIngiLDFd_jpg.rf.1609417982934fe6d2e5b15e7bd4285c.jpg,C:/Users/Bautista/Downloads/PrecisionSkin/Classes/Acne/acne-face-78__ProtectWyJQcm90ZWN0Il0_FocusFillWzI5NCwyMjIsIngiLDFd_jpg.rf.1609417982934fe6d2e5b15e7bd4285c.jpg,close_up_facial,train,acne-face-78__protectwyjqcm90zwn0il0_focusfillwzi5ncwymjisingildfd_jpg,pseudo-label + correct (training),False,,False,False
upscaled_2443_png.rf.66da54af2f062e26e9908be2c29caf31.jpg,C:/Users/Bautista/Downloads/PrecisionSkin/Classes/Acne/upscaled_2443_png.rf.66da54af2f062e26e9908be2c29caf31.jpg,close_up_facial,train,upscaled_2443_png,pseudo-label + correct (training),False,,False,False
post-370921-0-39350300-1389608977_jpg.rf.c7b15eb39464207ed2e588ef758f645c.jpg,C:/Users/Bautista/Downloads/PrecisionSkin/Classes/Acne/post-370921-0-39350300-1389608977_jpg.rf.c7b15eb39464207ed2e588ef758f645c.jpg,partial_face,train,post-370921-0-39350300-1389608977_jpg,pseudo-label + correct (training),False,,False,False
pigmentation_0_9314_jpeg.rf.284b407815556a71b52882bde4c6643b.jpg,C:/Users/Bautista/Downloads/PrecisionSkin/Classes/Acne/pigmentation_0_9314_jpeg.rf.284b407815556a71b52882bde4c6643b.jpg,close_up_facial,train,pigmentation_0_9314_jpeg,pseudo-label + correct (training),False,,False,False
upscaled_2247_png.rf.8d6e636c896546827af6bccbbc3c1013.jpg,C:/Users/Bautista/Downloads/PrecisionSkin/Classes/Acne/upscaled_2247_png.rf.8d6e636c896546827af6bccbbc3c1013.jpg,close_up_facial,train,upscaled_2247_png,pseudo-label + correct (training),False,,False,False
acne-cystic-17.jpg,C:/Users/Bautista/Downloads/PrecisionSkin/Classes/Acne/acne-cystic-17.jpg,close_up_facial,train,acne-cystic-17.jpg,pseudo-label + correct (training),False,,False,False
aug_0_1006.jpg,C:/Users/Bautista/Downloads/PrecisionSkin/Classes/Acne/aug_0_1006.jpg,close_up_facial,train,aug_0_1006.jpg,pseudo-label + correct (training),False,,False,False
acne-face-35__ProtectWyJQcm90ZWN0Il0_FocusFillWzI5NCwyMjIsIngiLDFd.jpeg,C:/Users/Bautista/Downloads/PrecisionSkin/Classes/Acne/acne-face-35__ProtectWyJQcm90ZWN0Il0_FocusFillWzI5NCwyMjIsIngiLDFd.jpeg,partial_face,train,acne-face-35__protectwyjqcm90zwn0il0_focusfillwzi5ncwymjisingildfd.jpeg,pseudo-label + correct (training),True,Acne,False,True
2-13-_jpeg.rf.9dd0ce31c90e6a51a6b06b1549273e01.jpg,C:/Users/Bautista/Downloads/PrecisionSkin/Classes/Acne/2-13-_jpeg.rf.9dd0ce31c90e6a51a6b06b1549273e01.jpg,partial_face,train,2-13-_jpeg,pseudo-label + correct (training),False,,False,False
aug_194_pigmentation_0_515.jpeg,C:/Users/Bautista/Downloads/PrecisionSkin/Classes/Acne/aug_194_pigmentation_0_515.jpeg,partial_face,train,aug_194_pigmentation_0_515.jpeg,pseudo-label + correct (training),False,,False,False
pigmentation_0_1288_jpeg.rf.bc13947ffc7dbe67d161e4e389ae384e.jpg,C:/Users/Bautista/Downloads/PrecisionSkin/Classes/Acne/pigmentation_0_1288_jpeg.rf.bc13947ffc7dbe67d161e4e389ae384e.jpg,close_up_facial,train,pigmentation_0_1288_jpeg,pseudo-label + correct (training),False,,False,False
levle0_156_jpg.rf.5df49f380b13b93469dfc615810a897c.jpg,C:/Users/Bautista/Downloads/PrecisionSkin/Classes/Acne/levle0_156_jpg.rf.5df49f380b13b93469dfc615810a897c.jpg,full_face,train,levle0_156_jpg,pseudo-label + correct (training),False,,True,True
upscaled_2085_png.rf.f9b6a66bcbf49e23c2e1013fb94269c4.jpg,C:/Users/Bautista/Downloads/PrecisionSkin/Classes/Acne/upscaled_2085_png.rf.f9b6a66bcbf49e23c2e1013fb94269c4.jpg,close_up_facial,train,upscaled_2085_png,pseudo-label + correct (training),False,,False,False
rosacea-14_jpg.rf.d15250bc707c7ab908dc487ae9cce9d9.jpg,C:/Users/Bautista/Downloads/PrecisionSkin/Classes/Acne/rosacea-14_jpg.rf.d15250bc707c7ab908dc487ae9cce9d9.jpg,full_face,train,rosacea-14_jpg,pseudo-label + correct (training),False,,False,False
Acne_254.jpg,C:/Users/Bautista/Downloads/PrecisionSkin/Classes/Acne/Acne_254.jpg,close_up_facial,train,acne_254.jpg,pseudo-label + correct (training),False,,False,False
pigmentation_0_2061_jpeg.rf.be9d4d6d4926bde94f8f8abb13f3e4a2.jpg,C:/Users/Bautista/Downloads/PrecisionSkin/Classes/Acne/pigmentation_0_2061_jpeg.rf.be9d4d6d4926bde94f8f8abb13f3e4a2.jpg,close_up_facial,train,pigmentation_0_2061_jpeg,pseudo-label + correct (training),False,,False,False
aug_0_1177.jpg,C:/Users/Bautista/Downloads/PrecisionSkin/Classes/Acne/aug_0_1177.jpg,close_up_facial,train,aug_0_1177.jpg,pseudo-label + correct (training),False,,False,False
pigmentation_0_1195_jpeg.rf.81400cb20cbe2f11d790e76148ba3813.jpg,C:/Users/Bautista/Downloads/PrecisionSkin/Classes/Acne/pigmentation_0_1195_jpeg.rf.81400cb20cbe2f11d790e76148ba3813.jpg,full_face,train,pigmentation_0_1195_jpeg,pseudo-label + correct (training),False,,False,False
upscaled_1583_png.rf.3a39b93e6830eab42026ed915b406f98.jpg,C:/Users/Bautista/Downloads/PrecisionSkin/Classes/Acne/upscaled_1583_png.rf.3a39b93e6830eab42026ed915b406f98.jpg,close_up_facial,train,upscaled_1583_png,pseudo-label + correct (training),False,,False,False
acne-face-2-17__ProtectWyJQcm90ZWN0Il0_FocusFillWzI5NCwyMjIsIngiLDFd_jpg.rf.842351e288aca92952043d25d604c79a.jpg,C:/Users/Bautista/Downloads/PrecisionSkin/Classes/Acne/acne-face-2-17__ProtectWyJQcm90ZWN0Il0_FocusFillWzI5NCwyMjIsIngiLDFd_jpg.rf.842351e288aca92952043d25d604c79a.jpg,close_up_facial,train,acne-face-2-17__protectwyjqcm90zwn0il0_focusfillwzi5ncwymjisingildfd_jpg,pseudo-label + correct (training),False,,False,False
pigmentation_0_2909_jpeg.rf.362b89ea6ae130847ff52d946ba5e5d7.jpg,C:/Users/Bautista/Downloads/PrecisionSkin/Classes/Acne/pigmentation_0_2909_jpeg.rf.362b89ea6ae130847ff52d946ba5e5d7.jpg,partial_face,train,pigmentation_0_2909_jpeg,pseudo-label + correct (training),False,,False,False
pigmentation_0_7591_jpeg.rf.1785d5d1e6614700893862a77c517729.jpg,C:/Users/Bautista/Downloads/PrecisionSkin/Classes/Acne/pigmentation_0_7591_jpeg.rf.1785d5d1e6614700893862a77c517729.jpg,close_up_facial,train,pigmentation_0_7591_jpeg,pseudo-label + correct (training),False,,False,False
aug_60_pigmentation_0_2298.jpeg,C:/Users/Bautista/Downloads/PrecisionSkin/Classes/Acne/aug_60_pigmentation_0_2298.jpeg,partial_face,train,aug_60_pigmentation_0_2298.jpeg,pseudo-label + correct (training),False,,False,False
R-1-_png.rf.045b3b5a870c4fc5fff40f3b9719f5f8.jpg,C:/Users/Bautista/Downloads/PrecisionSkin/Classes/Acne/R-1-_png.rf.045b3b5a870c4fc5fff40f3b9719f5f8.jpg,close_up_facial,train,r-1-_png,pseudo-label + correct (training),False,,False,False
acne-open-comedo-2_jpg.rf.7cacc706d9ea98688e3387efcf6afff2.jpg,C:/Users/Bautista/Downloads/PrecisionSkin/Classes/Acne/acne-open-comedo-2_jpg.rf.7cacc706d9ea98688e3387efcf6afff2.jpg,close_up_facial,train,acne-open-comedo-2_jpg,pseudo-label + correct (training),True,Acne,False,True
upscaled_2840_png.rf.1422a0c8f59227f9c112c5a7c52e8a80.jpg,C:/Users/Bautista/Downloads/PrecisionSkin/Classes/Acne/upscaled_2840_png.rf.1422a0c8f59227f9c112c5a7c52e8a80.jpg,close_up_facial,train,upscaled_2840_png,pseudo-label + correct (training),False,,False,False
pigmentation_0_2466.jpeg,C:/Users/Bautista/Downloads/PrecisionSkin/Classes/Acne/pigmentation_0_2466.jpeg,partial_face,train,pigmentation_0_2466.jpeg,pseudo-label + correct (training),False,,False,False
acne-pustular-39_jpg.rf.f06ded0bca7b21e8428870bcafbbc6f8.jpg,C:/Users/Bautista/Downloads/PrecisionSkin/Classes/Acne/acne-pustular-39_jpg.rf.f06ded0bca7b21e8428870bcafbbc6f8.jpg,partial_face,train,acne-pustular-39_jpg,pseudo-label + correct (training),False,,False,False
aug_0_6914.jpg,C:/Users/Bautista/Downloads/PrecisionSkin/Classes/Acne/aug_0_6914.jpg,close_up_facial,train,aug_0_6914.jpg,pseudo-label + correct (training),False,,False,False
aug_0_423.jpg,C:/Users/Bautista/Downloads/PrecisionSkin/Classes/Acne/aug_0_423.jpg,close_up_facial,train,aug_0_423.jpg,pseudo-label + correct (training),False,,False,False
13-1-_jpg.rf.8aaab546298a675fee36302fba103d15.jpg,C:/Users/Bautista/Downloads/PrecisionSkin/Classes/Acne/13-1-_jpg.rf.8aaab546298a675fee36302fba103d15.jpg,close_up_facial,train,13-1-_jpg,pseudo-label + correct (training),True,Acne,False,True
aug_0_9449.jpg,C:/Users/Bautista/Downloads/PrecisionSkin/Classes/Acne/aug_0_9449.jpg,close_up_facial,train,aug_0_9449.jpg,pseudo-label + correct (training),False,,False,False
aug_0_2291.jpg,C:/Users/Bautista/Downloads/PrecisionSkin/Classes/Acne/aug_0_2291.jpg,partial_face,train,aug_0_2291.jpg,pseudo-label + correct (training),False,,False,False
upscaled_123_png.rf.91726202f825cfc052013f5225cf0ef4.jpg,C:/Users/Bautista/Downloads/PrecisionSkin/Classes/Acne/upscaled_123_png.rf.91726202f825cfc052013f5225cf0ef4.jpg,close_up_facial,train,upscaled_123_png,pseudo-label + correct (training),False,,False,False
aug_351_dsc02299.png,C:/Users/Bautista/Downloads/PrecisionSkin/Classes/Acne/aug_351_dsc02299.png,full_face,train,aug_351_dsc02299.png,pseudo-label + correct (training),False,,False,False
aug_0_4469.jpg,C:/Users/Bautista/Downloads/PrecisionSkin/Classes/Acne/aug_0_4469.jpg,close_up_facial,train,aug_0_4469.jpg,pseudo-label + correct (training),False,,False,False
2-12-_jpeg.rf.f0c6e8dd785177d87877848560a534aa.jpg,C:/Users/Bautista/Downloads/PrecisionSkin/Classes/Acne/2-12-_jpeg.rf.f0c6e8dd785177d87877848560a534aa.jpg,close_up_facial,train,2-12-_jpeg,pseudo-label + correct (training),True,Acne,False,True
2-52-_jpg.rf.9d9edc326f181d1a7e75c64244cd80c6.jpg,C:/Users/Bautista/Downloads/PrecisionSkin/Classes/Acne/2-52-_jpg.rf.9d9edc326f181d1a7e75c64244cd80c6.jpg,partial_face,train,2-52-_jpg,pseudo-label + correct (training),False,,False,False
aug_66_pigmentation_0_3579.jpeg,C:/Users/Bautista/Downloads/PrecisionSkin/Classes/Acne/aug_66_pigmentation_0_3579.jpeg,partial_face,train,aug_66_pigmentation_0_3579.jpeg,pseudo-label + correct (training),False,,False,False
levle1_405_jpg.rf.a8799ecccb9b7ed6357f09c100b8b83d.jpg,C:/Users/Bautista/Downloads/PrecisionSkin/Classes/Acne/levle1_405_jpg.rf.a8799ecccb9b7ed6357f09c100b8b83d.jpg,full_face,train,levle1_405_jpg,pseudo-label + correct (training),False,,True,True
acne-face-23__ProtectWyJQcm90ZWN0Il0_FocusFillWzI5NCwyMjIsIngiLDFd.jpeg,C:/Users/Bautista/Downloads/PrecisionSkin/Classes/Acne/acne-face-23__ProtectWyJQcm90ZWN0Il0_FocusFillWzI5NCwyMjIsIngiLDFd.jpeg,partial_face,train,acne-face-23__protectwyjqcm90zwn0il0_focusfillwzi5ncwymjisingildfd.jpeg,pseudo-label + correct (training),False,,False,False
aug_0_1965.jpg,C:/Users/Bautista/Downloads/PrecisionSkin/Classes/Acne/aug_0_1965.jpg,partial_face,train,aug_0_1965.jpg,pseudo-label + correct (training),False,,False,False
2-12-1_jpg.rf.f5c97b6243c7f86dd5ebe16bbe3ba88a.jpg,C:/Users/Bautista/Downloads/PrecisionSkin/Classes/Acne/2-12-1_jpg.rf.f5c97b6243c7f86dd5ebe16bbe3ba88a.jpg,close_up_facial,train,2-12-1_jpg,pseudo-label + correct (training),True,Acne,False,True
R-2-_png.rf.44a4491141ecce24760844311783b418.jpg,C:/Users/Bautista/Downloads/PrecisionSkin/Classes/Acne/R-2-_png.rf.44a4491141ecce24760844311783b418.jpg,partial_face,train,r-2-_png,pseudo-label + correct (training),False,,False,False
upscaled_1736_png.rf.7456333b71931c78e6360a78fd548328.jpg,C:/Users/Bautista/Downloads/PrecisionSkin/Classes/Acne/upscaled_1736_png.rf.7456333b71931c78e6360a78fd548328.jpg,close_up_facial,train,upscaled_1736_png,pseudo-label + correct (training),False,,False,False
upscaled_2960_png.rf.ce306bda2b64a5db4bde9a89b0dfaed1.jpg,C:/Users/Bautista/Downloads/PrecisionSkin/Classes/Acne/upscaled_2960_png.rf.ce306bda2b64a5db4bde9a89b0dfaed1.jpg,close_up_facial,train,upscaled_2960_png,pseudo-label + correct (training),False,,False,False
levle2_83_jpg.rf.3b981f8cc6df0d1bc1dd7864b95fe4df.jpg,C:/Users/Bautista/Downloads/PrecisionSkin/Classes/Acne/levle2_83_jpg.rf.3b981f8cc6df0d1bc1dd7864b95fe4df.jpg,partial_face,train,levle2_83_jpg,pseudo-label + correct (training),False,,True,True
upscaled_55_png.rf.c5f4887a2e6943315155fae1ef777ebc.jpg,C:/Users/Bautista/Downloads/PrecisionSkin/Classes/Acne/upscaled_55_png.rf.c5f4887a2e6943315155fae1ef777ebc.jpg,close_up_facial,train,upscaled_55_png,pseudo-label + correct (training),False,,False,False
acne-cystic-18_jpg.rf.6d1e97faf743124b7855b863852a0f0d.jpg,C:/Users/Bautista/Downloads/PrecisionSkin/Classes/Acne/acne-cystic-18_jpg.rf.6d1e97faf743124b7855b863852a0f0d.jpg,full_face,train,acne-cystic-18_jpg,pseudo-label + correct (training),True,Acne,False,True
upscaled_2154_png.rf.f2062afc9be42a5ae898ae48d65f4a09.jpg,C:/Users/Bautista/Downloads/PrecisionSkin/Classes/Acne/upscaled_2154_png.rf.f2062afc9be42a5ae898ae48d65f4a09.jpg,partial_face,train,upscaled_2154_png,pseudo-label + correct (training),False,,False,False
acne-closed-comedo-21-Copy_jpg.rf.ab0c967b00728834a2562e7fb0743784.jpg,C:/Users/Bautista/Downloads/PrecisionSkin/Classes/Acne/acne-closed-comedo-21-Copy_jpg.rf.ab0c967b00728834a2562e7fb0743784.jpg,partial_face,train,acne-closed-comedo-21-copy_jpg,pseudo-label + correct (training),True,Acne,False,True
aug_0_4544.jpg,C:/Users/Bautista/Downloads/PrecisionSkin/Classes/Acne/aug_0_4544.jpg,close_up_facial,train,aug_0_4544.jpg,pseudo-label + correct (training),False,,False,False
acne-pustular-10_jpg.rf.14ce77a2b9fea462da20226793961db8.jpg,C:/Users/Bautista/Downloads/PrecisionSkin/Classes/Acne/acne-pustular-10_jpg.rf.14ce77a2b9fea462da20226793961db8.jpg,close_up_facial,train,acne-pustular-10_jpg,pseudo-label + correct (training),True,Acne,False,True
upscaled_1192_png.rf.2c41012bede7bc6f17a187af9e0d2020.jpg,C:/Users/Bautista/Downloads/PrecisionSkin/Classes/Acne/upscaled_1192_png.rf.2c41012bede7bc6f17a187af9e0d2020.jpg,close_up_facial,train,upscaled_1192_png,pseudo-label + correct (training),False,,False,False
aug_0_5873.jpg,C:/Users/Bautista/Downloads/PrecisionSkin/Classes/Acne/aug_0_5873.jpg,close_up_facial,train,aug_0_5873.jpg,pseudo-label + correct (training),False,,False,False
Bells-Palsy-1_jpg.rf.5a73d1fea143325f493eecaa8308522e.jpg,C:/Users/Bautista/Downloads/PrecisionSkin/Classes/Acne/Bells-Palsy-1_jpg.rf.5a73d1fea143325f493eecaa8308522e.jpg,close_up_facial,train,bells-palsy-1_jpg,pseudo-label + correct (training),False,,False,False
upscaled_104_png.rf.1952114bad06b92964b13b3f89a2f04e.jpg,C:/Users/Bautista/Downloads/PrecisionSkin/Classes/Acne/upscaled_104_png.rf.1952114bad06b92964b13b3f89a2f04e.jpg,close_up_facial,train,upscaled_104_png,pseudo-label + correct (training),False,,False,False
pigmentation_0_5745_jpeg.rf.761da89bb339440c46ba9ed800882c1b.jpg,C:/Users/Bautista/Downloads/PrecisionSkin/Classes/Acne/pigmentation_0_5745_jpeg.rf.761da89bb339440c46ba9ed800882c1b.jpg,partial_face,train,pigmentation_0_5745_jpeg,pseudo-label + correct (training),False,,False,False
acne70.png,C:/Users/Bautista/Downloads/PrecisionSkin/Classes/Acne/acne70.png,close_up_facial,train,acne70.png,pseudo-label + correct (training),False,,False,False
17a4d1a917e5faa9f2675ebd83e52679.jpg,C:/Users/Bautista/Downloads/PrecisionSkin/Classes/Acne/17a4d1a917e5faa9f2675ebd83e52679.jpg,partial_face,train,17a4d1a917e5faa9f2675ebd83e52679.jpg,pseudo-label + correct (training),False,,False,False
upscaled_83_png.rf.636205a9fd9064f0cec9c7cd1b02848e.jpg,C:/Users/Bautista/Downloads/PrecisionSkin/Classes/Acne/upscaled_83_png.rf.636205a9fd9064f0cec9c7cd1b02848e.jpg,close_up_facial,train,upscaled_83_png,pseudo-label + correct (training),False,,False,False
pigmentation_0_6672_jpeg.rf.941d5bc237abb74e11ca55194cce9fdf.jpg,C:/Users/Bautista/Downloads/PrecisionSkin/Classes/Acne/pigmentation_0_6672_jpeg.rf.941d5bc237abb74e11ca55194cce9fdf.jpg,partial_face,train,pigmentation_0_6672_jpeg,pseudo-label + correct (training),False,,False,False
pigmentation_0_3020_jpeg.rf.a3083f8ad2e261363f9b69b2a624858a.jpg,C:/Users/Bautista/Downloads/PrecisionSkin/Classes/Acne/pigmentation_0_3020_jpeg.rf.a3083f8ad2e261363f9b69b2a624858a.jpg,partial_face,train,pigmentation_0_3020_jpeg,pseudo-label + correct (training),False,,False,False
R-10-_jpg.rf.5e54fb7062bfafd97933e75b5c36fb59.jpg,C:/Users/Bautista/Downloads/PrecisionSkin/Classes/Acne/R-10-_jpg.rf.5e54fb7062bfafd97933e75b5c36fb59.jpg,close_up_facial,train,r-10-_jpg,pseudo-label + correct (training),False,,False,False
pigmentation_0_7281_jpeg.rf.3d954174c7982f07c77882dd0b8c5980.jpg,C:/Users/Bautista/Downloads/PrecisionSkin/Classes/Acne/pigmentation_0_7281_jpeg.rf.3d954174c7982f07c77882dd0b8c5980.jpg,partial_face,train,pigmentation_0_7281_jpeg,pseudo-label + correct (training),False,,False,False
upscaled_1407_png.rf.8016187bc8165241eb6273d9be36e4ea.jpg,C:/Users/Bautista/Downloads/PrecisionSkin/Classes/Acne/upscaled_1407_png.rf.8016187bc8165241eb6273d9be36e4ea.jpg,close_up_facial,train,upscaled_1407_png,pseudo-label + correct (training),False,,False,False
aug_175_R (28).jpg,C:/Users/Bautista/Downloads/PrecisionSkin/Classes/Acne/aug_175_R (28).jpg,partial_face,train,aug_175_r (28).jpg,pseudo-label + correct (training),False,,False,False
upscaled_1016_png.rf.ac44e0cd3c48cb63ec9b6f03d01e821f.jpg,C:/Users/Bautista/Downloads/PrecisionSkin/Classes/Acne/upscaled_1016_png.rf.ac44e0cd3c48cb63ec9b6f03d01e821f.jpg,close_up_facial,train,upscaled_1016_png,pseudo-label + correct (training),False,,False,False
upscaled_2795_png.rf.cd8a550b1e66699c1e3d8fe85c0fec39.jpg,C:/Users/Bautista/Downloads/PrecisionSkin/Classes/Acne/upscaled_2795_png.rf.cd8a550b1e66699c1e3d8fe85c0fec39.jpg,close_up_facial,train,upscaled_2795_png,pseudo-label + correct (training),False,,False,False
Acne_272.jpg,C:/Users/Bautista/Downloads/PrecisionSkin/Classes/Acne/Acne_272.jpg,close_up_facial,train,acne_272.jpg,pseudo-label + correct (training),False,,False,False
pigmentation_0_5677_jpeg.rf.1f4550d88b9f74bf3664fa4d462130c7.jpg,C:/Users/Bautista/Downloads/PrecisionSkin/Classes/Acne/pigmentation_0_5677_jpeg.rf.1f4550d88b9f74bf3664fa4d462130c7.jpg,partial_face,train,pigmentation_0_5677_jpeg,pseudo-label + correct (training),False,,False,False
levle1_57_jpg.rf.15eabb19ad81c7da868ba872363a0392.jpg,C:/Users/Bautista/Downloads/PrecisionSkin/Classes/Acne/levle1_57_jpg.rf.15eabb19ad81c7da868ba872363a0392.jpg,partial_face,train,levle1_57_jpg,pseudo-label + correct (training),False,,True,True
levle1_324_jpg.rf.f20c48d5bf402c1b2b593cabdb09996e.jpg,C:/Users/Bautista/Downloads/PrecisionSkin/Classes/Acne/levle1_324_jpg.rf.f20c48d5bf402c1b2b593cabdb09996e.jpg,full_face,train,levle1_324_jpg,pseudo-label + correct (training),False,,True,True
Acne_315.jpg,C:/Users/Bautista/Downloads/PrecisionSkin/Classes/Acne/Acne_315.jpg,close_up_facial,train,acne_315.jpg,pseudo-label + correct (training),False,,False,False
aug_0_acne-cystic-116.jpg,C:/Users/Bautista/Downloads/PrecisionSkin/Classes/Acne/aug_0_acne-cystic-116.jpg,partial_face,train,aug_0_acne-cystic-116.jpg,pseudo-label + correct (training),False,,False,False
upscaled_1023_png.rf.6b87d59f765ebba62768a33d95ac973c.jpg,C:/Users/Bautista/Downloads/PrecisionSkin/Classes/Acne/upscaled_1023_png.rf.6b87d59f765ebba62768a33d95ac973c.jpg,close_up_facial,train,upscaled_1023_png,pseudo-label + correct (training),False,,False,False
pigmentation_0_909_jpeg.rf.4363ce4ac25f32f8b2b37c563ce2be22.jpg,C:/Users/Bautista/Downloads/PrecisionSkin/Classes/Acne/pigmentation_0_909_jpeg.rf.4363ce4ac25f32f8b2b37c563ce2be22.jpg,full_face,train,pigmentation_0_909_jpeg,pseudo-label + correct (training),False,,False,False
upscaled_971_png.rf.84faac0d06fabe22f1de5f2fd648ed5c.jpg,C:/Users/Bautista/Downloads/PrecisionSkin/Classes/Acne/upscaled_971_png.rf.84faac0d06fabe22f1de5f2fd648ed5c.jpg,close_up_facial,train,upscaled_971_png,pseudo-label + correct (training),False,,False,False
acne-face-1-43__ProtectWyJQcm90ZWN0Il0_FocusFillWzI5NCwyMjIsIngiLDFd_jpg.rf.a7d22456dd8a34033a3470aa2a4574ea.jpg,C:/Users/Bautista/Downloads/PrecisionSkin/Classes/Acne/acne-face-1-43__ProtectWyJQcm90ZWN0Il0_FocusFillWzI5NCwyMjIsIngiLDFd_jpg.rf.a7d22456dd8a34033a3470aa2a4574ea.jpg,close_up_facial,train,acne-face-1-43__protectwyjqcm90zwn0il0_focusfillwzi5ncwymjisingildfd_jpg,pseudo-label + correct (training),False,,False,False
aug_0_6870.jpg,C:/Users/Bautista/Downloads/PrecisionSkin/Classes/Acne/aug_0_6870.jpg,close_up_facial,train,aug_0_6870.jpg,pseudo-label + correct (training),False,,False,False
aug_0_1856.jpg,C:/Users/Bautista/Downloads/PrecisionSkin/Classes/Acne/aug_0_1856.jpg,close_up_facial,train,aug_0_1856.jpg,pseudo-label + correct (training),False,,False,False
pigmentation_0_3407_jpeg.rf.5b35d10c2c59f2d12e7c4abb5ceead6b.jpg,C:/Users/Bautista/Downloads/PrecisionSkin/Classes/Acne/pigmentation_0_3407_jpeg.rf.5b35d10c2c59f2d12e7c4abb5ceead6b.jpg,partial_face,train,pigmentation_0_3407_jpeg,pseudo-label + correct (training),False,,False,False
levle1_316_jpg.rf.153ca47cc5baa63cf45df5577b4f3506.jpg,C:/Users/Bautista/Downloads/PrecisionSkin/Classes/Acne/levle1_316_jpg.rf.153ca47cc5baa63cf45df5577b4f3506.jpg,partial_face,train,levle1_316_jpg,pseudo-label + correct (training),False,,True,True
Acne_37.jpg,C:/Users/Bautista/Downloads/PrecisionSkin/Classes/Acne/Acne_37.jpg,close_up_facial,train,acne_37.jpg,pseudo-label + correct (training),False,,False,False
acne-face-3-12__ProtectWyJQcm90ZWN0Il0_FocusFillWzI5NCwyMjIsIngiLDFd_jpg.rf.5e9c8604a5f97f9bfa9dff7f9a442e75.jpg,C:/Users/Bautista/Downloads/PrecisionSkin/Classes/Acne/acne-face-3-12__ProtectWyJQcm90ZWN0Il0_FocusFillWzI5NCwyMjIsIngiLDFd_jpg.rf.5e9c8604a5f97f9bfa9dff7f9a442e75.jpg,close_up_facial,train,acne-face-3-12__protectwyjqcm90zwn0il0_focusfillwzi5ncwymjisingildfd_jpg,pseudo-label + correct (training),False,,False,False
levle1_564_jpg.rf.f1ac2f967bcfdc810d353b39bbea325b.jpg,C:/Users/Bautista/Downloads/PrecisionSkin/Classes/Acne/levle1_564_jpg.rf.f1ac2f967bcfdc810d353b39bbea325b.jpg,full_face,train,levle1_564_jpg,pseudo-label + correct (training),False,,True,True
levle1_193_jpg.rf.148a2356f078c4f71fdadecc563e3e2f.jpg,C:/Users/Bautista/Downloads/PrecisionSkin/Classes/Acne/levle1_193_jpg.rf.148a2356f078c4f71fdadecc563e3e2f.jpg,full_face,train,levle1_193_jpg,pseudo-label + correct (training),False,,True,True
aug_203_pigmentation_0_435.jpeg,C:/Users/Bautista/Downloads/PrecisionSkin/Classes/Acne/aug_203_pigmentation_0_435.jpeg,partial_face,train,aug_203_pigmentation_0_435.jpeg,pseudo-label + correct (training),False,,False,False
aug_0_2381.jpg,C:/Users/Bautista/Downloads/PrecisionSkin/Classes/Acne/aug_0_2381.jpg,close_up_facial,train,aug_0_2381.jpg,pseudo-label + correct (training),False,,False,False
upscaled_444_png.rf.bfa8e1c8520e83573251ac6b4af56841.jpg,C:/Users/Bautista/Downloads/PrecisionSkin/Classes/Acne/upscaled_444_png.rf.bfa8e1c8520e83573251ac6b4af56841.jpg,close_up_facial,train,upscaled_444_png,pseudo-label + correct (training),False,,False,False
pigmentation_0_4825_jpeg.rf.897bdf93988ae3ab3d482800a239031a.jpg,C:/Users/Bautista/Downloads/PrecisionSkin/Classes/Acne/pigmentation_0_4825_jpeg.rf.897bdf93988ae3ab3d482800a239031a.jpg,close_up_facial,train,pigmentation_0_4825_jpeg,pseudo-label + correct (training),False,,False,False
Pustule-6-_jpg.rf.178b9f810b633a8f251849ec807c8b0d.jpg,C:/Users/Bautista/Downloads/PrecisionSkin/Classes/Acne/Pustule-6-_jpg.rf.178b9f810b633a8f251849ec807c8b0d.jpg,close_up_facial,train,pustule-6-_jpg,pseudo-label + correct (training),False,,False,False
upscaled_2878_png.rf.028e8b92af32521fecee18954fbc5d2c.jpg,C:/Users/Bautista/Downloads/PrecisionSkin/Classes/Acne/upscaled_2878_png.rf.028e8b92af32521fecee18954fbc5d2c.jpg,close_up_facial,train,upscaled_2878_png,pseudo-label + correct (training),False,,False,False
acne99.png,C:/Users/Bautista/Downloads/PrecisionSkin/Classes/Acne/acne99.png,partial_face,train,acne99.png,pseudo-label + correct (training),False,,False,False
aug_118_acne-open-comedo-43.jpg,C:/Users/Bautista/Downloads/PrecisionSkin/Classes/Acne/aug_118_acne-open-comedo-43.jpg,close_up_facial,train,aug_118_acne-open-comedo-43.jpg,pseudo-label + correct (training),False,,False,False
GettyImages-552992761_header-1024x575.png,C:/Users/Bautista/Downloads/PrecisionSkin/Classes/Acne/GettyImages-552992761_header-1024x575.png,partial_face,train,gettyimages-552992761_header-1024x575.png,pseudo-label + correct (training),True,Acne,False,True
OIP-24-_jpg.rf.3bfd8bb6ebb51eb97c42fbce5d704e9a.jpg,C:/Users/Bautista/Downloads/PrecisionSkin/Classes/Acne/OIP-24-_jpg.rf.3bfd8bb6ebb51eb97c42fbce5d704e9a.jpg,partial_face,train,oip-24-_jpg,pseudo-label + correct (training),False,,False,False
acne-infantile-4.jpeg,C:/Users/Bautista/Downloads/PrecisionSkin/Classes/Acne/acne-infantile-4.jpeg,partial_face,train,acne-infantile-4.jpeg,pseudo-label + correct (training),True,Acne,False,True
upscaled_2713_png.rf.d7d5f19b96da3d0f1fc8064e6c25524d.jpg,C:/Users/Bautista/Downloads/PrecisionSkin/Classes/Acne/upscaled_2713_png.rf.d7d5f19b96da3d0f1fc8064e6c25524d.jpg,close_up_facial,train,upscaled_2713_png,pseudo-label + correct (training),False,,False,False
54a279bcec5a872af278da1d9a9f7337-clear-skin-acne1-Copy_jpg.rf.6763931936e6263bea5e5a2bef61aac9.jpg,C:/Users/Bautista/Downloads/PrecisionSkin/Classes/Acne/54a279bcec5a872af278da1d9a9f7337-clear-skin-acne1-Copy_jpg.rf.6763931936e6263bea5e5a2bef61aac9.jpg,partial_face,train,54a279bcec5a872af278da1d9a9f7337-clear-skin-acne1-copy_jpg,pseudo-label + correct (training),False,,False,False
acne93.png,C:/Users/Bautista/Downloads/PrecisionSkin/Classes/Acne/acne93.png,partial_face,train,acne93.png,pseudo-label + correct (training),False,,False,False
upscaled_1194_png.rf.381727dd644b8d95eaa27ef233116998.jpg,C:/Users/Bautista/Downloads/PrecisionSkin/Classes/Acne/upscaled_1194_png.rf.381727dd644b8d95eaa27ef233116998.jpg,close_up_facial,train,upscaled_1194_png,pseudo-label + correct (training),False,,False,False
upscaled_1972_png.rf.46889aade840fd6db7e8fa16c6bad01a.jpg,C:/Users/Bautista/Downloads/PrecisionSkin/Classes/Acne/upscaled_1972_png.rf.46889aade840fd6db7e8fa16c6bad01a.jpg,close_up_facial,train,upscaled_1972_png,pseudo-label + correct (training),False,,False,False
pigmentation_0_1575_jpeg.rf.9be50198ef2af75d8eed931f3266f6fd.jpg,C:/Users/Bautista/Downloads/PrecisionSkin/Classes/Acne/pigmentation_0_1575_jpeg.rf.9be50198ef2af75d8eed931f3266f6fd.jpg,close_up_facial,train,pigmentation_0_1575_jpeg,pseudo-label + correct (training),False,,False,False
pigmentation_0_2397_jpeg.rf.a8b6a6c8209f1de5bcd71932b8b0bbab.jpg,C:/Users/Bautista/Downloads/PrecisionSkin/Classes/Acne/pigmentation_0_2397_jpeg.rf.a8b6a6c8209f1de5bcd71932b8b0bbab.jpg,partial_face,train,pigmentation_0_2397_jpeg,pseudo-label + correct (training),False,,False,False
upscaled_1033_png.rf.03443f978d96250c9bae3a1c771ffdc6.jpg,C:/Users/Bautista/Downloads/PrecisionSkin/Classes/Acne/upscaled_1033_png.rf.03443f978d96250c9bae3a1c771ffdc6.jpg,close_up_facial,train,upscaled_1033_png,pseudo-label + correct (training),False,,False,False
aug_0_8953.jpg,C:/Users/Bautista/Downloads/PrecisionSkin/Classes/Acne/aug_0_8953.jpg,close_up_facial,train,aug_0_8953.jpg,pseudo-label + correct (training),False,,False,False
aug_25_GettyImages-552992761_header-1024x575.png,C:/Users/Bautista/Downloads/PrecisionSkin/Classes/Acne/aug_25_GettyImages-552992761_header-1024x575.png,partial_face,train,aug_25_gettyimages-552992761_header-1024x575.png,pseudo-label + correct (training),False,,False,False
pigmentation_0_7919_jpeg.rf.ad8bdbf972cc99d13f230e26510b1280.jpg,C:/Users/Bautista/Downloads/PrecisionSkin/Classes/Acne/pigmentation_0_7919_jpeg.rf.ad8bdbf972cc99d13f230e26510b1280.jpg,close_up_facial,train,pigmentation_0_7919_jpeg,pseudo-label + correct (training),False,,False,False
pigmentation_0_4817.jpeg,C:/Users/Bautista/Downloads/PrecisionSkin/Classes/Acne/pigmentation_0_4817.jpeg,close_up_facial,train,pigmentation_0_4817.jpeg,pseudo-label + correct (training),False,,False,False
perioral-dermatitis-122_jpg.rf.42b52e85188fb73a4fad74604f9d403f.jpg,C:/Users/Bautista/Downloads/PrecisionSkin/Classes/Acne/perioral-dermatitis-122_jpg.rf.42b52e85188fb73a4fad74604f9d403f.jpg,full_face,train,perioral-dermatitis-122_jpg,pseudo-label + correct (training),False,,False,False
acne60.png,C:/Users/Bautista/Downloads/PrecisionSkin/Classes/Acne/acne60.png,close_up_facial,train,acne60.png,pseudo-label + correct (training),False,,False,False
upscaled_2397_png.rf.bc59deaba8d44048f612087147f8a6a6.jpg,C:/Users/Bautista/Downloads/PrecisionSkin/Classes/Acne/upscaled_2397_png.rf.bc59deaba8d44048f612087147f8a6a6.jpg,close_up_facial,train,upscaled_2397_png,pseudo-label + correct (training),False,,False,False
acne181.png,C:/Users/Bautista/Downloads/PrecisionSkin/Classes/Acne/acne181.png,close_up_facial,train,acne181.png,pseudo-label + correct (training),False,,False,False
Acne_199.jpg,C:/Users/Bautista/Downloads/PrecisionSkin/Classes/Acne/Acne_199.jpg,partial_face,train,acne_199.jpg,pseudo-label + correct (training),False,,False,False
aug_0_4464.jpg,C:/Users/Bautista/Downloads/PrecisionSkin/Classes/Acne/aug_0_4464.jpg,partial_face,train,aug_0_4464.jpg,pseudo-label + correct (training),False,,False,False
47.jpg,C:/Users/Bautista/Downloads/PrecisionSkin/Classes/Acne/47.jpg,partial_face,train,47.jpg,pseudo-label + correct (training),False,,True,True
levle1_391_jpg.rf.a8168405ca349cc3c929dd2e3fab1624.jpg,C:/Users/Bautista/Downloads/PrecisionSkin/Classes/Acne/levle1_391_jpg.rf.a8168405ca349cc3c929dd2e3fab1624.jpg,full_face,train,levle1_391_jpg,pseudo-label + correct (training),False,,True,True
aug_130_looking-at-acne-skin-800x534.jpg,C:/Users/Bautista/Downloads/PrecisionSkin/Classes/Acne/aug_130_looking-at-acne-skin-800x534.jpg,partial_face,train,aug_130_looking-at-acne-skin-800x534.jpg,pseudo-label + correct (training),False,,False,False
pigmentation_0_5814_jpeg.rf.5c750349a39b0ed508544363f4762419.jpg,C:/Users/Bautista/Downloads/PrecisionSkin/Classes/Acne/pigmentation_0_5814_jpeg.rf.5c750349a39b0ed508544363f4762419.jpg,full_face,train,pigmentation_0_5814_jpeg,pseudo-label + correct (training),False,,False,False
acne30.png,C:/Users/Bautista/Downloads/PrecisionSkin/Classes/Acne/acne30.png,close_up_facial,train,acne30.png,pseudo-label + correct (training),False,,False,False
acne-face-2-30__ProtectWyJQcm90ZWN0Il0_FocusFillWzI5NCwyMjIsIngiLDFd.jpeg,C:/Users/Bautista/Downloads/PrecisionSkin/Classes/Acne/acne-face-2-30__ProtectWyJQcm90ZWN0Il0_FocusFillWzI5NCwyMjIsIngiLDFd.jpeg,close_up_facial,train,acne-face-2-30__protectwyjqcm90zwn0il0_focusfillwzi5ncwymjisingildfd.jpeg,pseudo-label + correct (training),True,Acne,False,True
Acne_348.jpg,C:/Users/Bautista/Downloads/PrecisionSkin/Classes/Acne/Acne_348.jpg,close_up_facial,train,acne_348.jpg,pseudo-label + correct (training),False,,False,False
acne-face-3-3__ProtectWyJQcm90ZWN0Il0_FocusFillWzI5NCwyMjIsIngiLDFd.jpeg,C:/Users/Bautista/Downloads/PrecisionSkin/Classes/Acne/acne-face-3-3__ProtectWyJQcm90ZWN0Il0_FocusFillWzI5NCwyMjIsIngiLDFd.jpeg,close_up_facial,train,acne-face-3-3__protectwyjqcm90zwn0il0_focusfillwzi5ncwymjisingildfd.jpeg,pseudo-label + correct (training),True,Acne,False,True
acne-pustular-39_jpg.rf.f17c01b09d19a5b4a6a768292ad6c060.jpg,C:/Users/Bautista/Downloads/PrecisionSkin/Classes/Acne/acne-pustular-39_jpg.rf.f17c01b09d19a5b4a6a768292ad6c060.jpg,partial_face,train,acne-pustular-39_jpg,pseudo-label + correct (training),False,,False,False
aug_64_pigmentation_0_789.jpeg,C:/Users/Bautista/Downloads/PrecisionSkin/Classes/Acne/aug_64_pigmentation_0_789.jpeg,close_up_facial,train,aug_64_pigmentation_0_789.jpeg,pseudo-label + correct (training),False,,False,False
upscaled_1703_png.rf.d7447fa7dcdd0852be3d1d5076fce919.jpg,C:/Users/Bautista/Downloads/PrecisionSkin/Classes/Acne/upscaled_1703_png.rf.d7447fa7dcdd0852be3d1d5076fce919.jpg,close_up_facial,train,upscaled_1703_png,pseudo-label + correct (training),False,,False,False
aug_0_7654.jpg,C:/Users/Bautista/Downloads/PrecisionSkin/Classes/Acne/aug_0_7654.jpg,close_up_facial,train,aug_0_7654.jpg,pseudo-label + correct (training),False,,False,False
upscaled_2889_png.rf.8c1247f5f587b857be6d7a91058e5b43.jpg,C:/Users/Bautista/Downloads/PrecisionSkin/Classes/Acne/upscaled_2889_png.rf.8c1247f5f587b857be6d7a91058e5b43.jpg,close_up_facial,train,upscaled_2889_png,pseudo-label + correct (training),False,,False,False
pigmentation_0_9277_jpeg.rf.957ca2cecb37cbdb09fd75b1783c8a00.jpg,C:/Users/Bautista/Downloads/PrecisionSkin/Classes/Acne/pigmentation_0_9277_jpeg.rf.957ca2cecb37cbdb09fd75b1783c8a00.jpg,partial_face,train,pigmentation_0_9277_jpeg,pseudo-label + correct (training),False,,False,False
aug_37_acne-open-comedo-71.jpeg,C:/Users/Bautista/Downloads/PrecisionSkin/Classes/Acne/aug_37_acne-open-comedo-71.jpeg,close_up_facial,train,aug_37_acne-open-comedo-71.jpeg,pseudo-label + correct (training),False,,False,False
Acne_316.jpg,C:/Users/Bautista/Downloads/PrecisionSkin/Classes/Acne/Acne_316.jpg,close_up_facial,train,acne_316.jpg,pseudo-label + correct (training),False,,False,False
aug_0_2945.jpg,C:/Users/Bautista/Downloads/PrecisionSkin/Classes/Acne/aug_0_2945.jpg,close_up_facial,train,aug_0_2945.jpg,pseudo-label + correct (training),False,,False,False
upscaled_2711_png.rf.3838b148295e7fcbb71ea5bc4bb24718.jpg,C:/Users/Bautista/Downloads/PrecisionSkin/Classes/Acne/upscaled_2711_png.rf.3838b148295e7fcbb71ea5bc4bb24718.jpg,close_up_facial,train,upscaled_2711_png,pseudo-label + correct (training),False,,False,False
acne23.png,C:/Users/Bautista/Downloads/PrecisionSkin/Classes/Acne/acne23.png,close_up_facial,train,acne23.png,pseudo-label + correct (training),False,,False,False
upscaled_2223_png.rf.e0efdabf854cd4c1c51aa84cfca8a720.jpg,C:/Users/Bautista/Downloads/PrecisionSkin/Classes/Acne/upscaled_2223_png.rf.e0efdabf854cd4c1c51aa84cfca8a720.jpg,close_up_facial,train,upscaled_2223_png,pseudo-label + correct (training),False,,False,False
acne-face-3-6__ProtectWyJQcm90ZWN0Il0_FocusFillWzI5NCwyMjIsIngiLDFd.jpeg,C:/Users/Bautista/Downloads/PrecisionSkin/Classes/Acne/acne-face-3-6__ProtectWyJQcm90ZWN0Il0_FocusFillWzI5NCwyMjIsIngiLDFd.jpeg,close_up_facial,train,acne-face-3-6__protectwyjqcm90zwn0il0_focusfillwzi5ncwymjisingildfd.jpeg,pseudo-label + correct (training),False,,False,False
acne-face-3-16__ProtectWyJQcm90ZWN0Il0_FocusFillWzI5NCwyMjIsIngiLDFd.jpeg,C:/Users/Bautista/Downloads/PrecisionSkin/Classes/Acne/acne-face-3-16__ProtectWyJQcm90ZWN0Il0_FocusFillWzI5NCwyMjIsIngiLDFd.jpeg,partial_face,train,acne-face-3-16__protectwyjqcm90zwn0il0_focusfillwzi5ncwymjisingildfd.jpeg,pseudo-label + correct (training),True,Acne,False,True
upscaled_1299_png.rf.0e1c8f1759cae87ef83d5a71b5dea878.jpg,C:/Users/Bautista/Downloads/PrecisionSkin/Classes/Acne/upscaled_1299_png.rf.0e1c8f1759cae87ef83d5a71b5dea878.jpg,close_up_facial,train,upscaled_1299_png,pseudo-label + correct (training),False,,False,False
acne-face-2-3__ProtectWyJQcm90ZWN0Il0_FocusFillWzI5NCwyMjIsIngiLDFd_jpg.rf.81df10b5b2d1a276b77405f59327343f.jpg,C:/Users/Bautista/Downloads/PrecisionSkin/Classes/Acne/acne-face-2-3__ProtectWyJQcm90ZWN0Il0_FocusFillWzI5NCwyMjIsIngiLDFd_jpg.rf.81df10b5b2d1a276b77405f59327343f.jpg,close_up_facial,train,acne-face-2-3__protectwyjqcm90zwn0il0_focusfillwzi5ncwymjisingildfd_jpg,pseudo-label + correct (training),False,,False,False
aug_0_2717.jpg,C:/Users/Bautista/Downloads/PrecisionSkin/Classes/Acne/aug_0_2717.jpg,close_up_facial,train,aug_0_2717.jpg,pseudo-label + correct (training),False,,False,False
aug_0_6316.jpg,C:/Users/Bautista/Downloads/PrecisionSkin/Classes/Acne/aug_0_6316.jpg,close_up_facial,train,aug_0_6316.jpg,pseudo-label + correct (training),False,,False,False
aug_186_29.png,C:/Users/Bautista/Downloads/PrecisionSkin/Classes/Acne/aug_186_29.png,partial_face,train,aug_186_29.png,pseudo-label + correct (training),False,,False,False
pigmentation_0_1038.jpeg,C:/Users/Bautista/Downloads/PrecisionSkin/Classes/Acne/pigmentation_0_1038.jpeg,partial_face,train,pigmentation_0_1038.jpeg,pseudo-label + correct (training),False,,False,False
-4344189507205518680.png,C:/Users/Bautista/Downloads/PrecisionSkin/Classes/Acne/-4344189507205518680.png,partial_face,train,-4344189507205518680.png,pseudo-label + correct (training),False,,False,False
acne-open-comedo-51_jpg.rf.2907b9f04e4e609171d592393d541037.jpg,C:/Users/Bautista/Downloads/PrecisionSkin/Classes/Acne/acne-open-comedo-51_jpg.rf.2907b9f04e4e609171d592393d541037.jpg,close_up_facial,train,acne-open-comedo-51_jpg,pseudo-label + correct (training),True,Acne,False,True
Acne_267.jpg,C:/Users/Bautista/Downloads/PrecisionSkin/Classes/Acne/Acne_267.jpg,close_up_facial,train,acne_267.jpg,pseudo-label + correct (training),False,,False,False
aug_0_9701.jpg,C:/Users/Bautista/Downloads/PrecisionSkin/Classes/Acne/aug_0_9701.jpg,close_up_facial,train,aug_0_9701.jpg,pseudo-label + correct (training),False,,False,False
upscaled_2143_png.rf.7768476a7ab5d11d95c6ac78a7357737.jpg,C:/Users/Bautista/Downloads/PrecisionSkin/Classes/Acne/upscaled_2143_png.rf.7768476a7ab5d11d95c6ac78a7357737.jpg,close_up_facial,train,upscaled_2143_png,pseudo-label + correct (training),False,,False,False
upscaled_1681_png.rf.b4d63cf01f698162903d0fbf85528775.jpg,C:/Users/Bautista/Downloads/PrecisionSkin/Classes/Acne/upscaled_1681_png.rf.b4d63cf01f698162903d0fbf85528775.jpg,close_up_facial,train,upscaled_1681_png,pseudo-label + correct (training),False,,False,False
0_before.jpg,C:/Users/Bautista/Downloads/PrecisionSkin/Classes/Acne/0_before.jpg,close_up_facial,train,0_before.jpg,pseudo-label + correct (training),False,,False,False
aug_0_3448.jpg,C:/Users/Bautista/Downloads/PrecisionSkin/Classes/Acne/aug_0_3448.jpg,partial_face,train,aug_0_3448.jpg,pseudo-label + correct (training),False,,False,False
perioral-dermatitis-114_jpg.rf.c1143ac2a75bfe10abdf6e37e05430e3.jpg,C:/Users/Bautista/Downloads/PrecisionSkin/Classes/Acne/perioral-dermatitis-114_jpg.rf.c1143ac2a75bfe10abdf6e37e05430e3.jpg,partial_face,train,perioral-dermatitis-114_jpg,pseudo-label + correct (training),False,,False,False
upscaled_1110_png.rf.1a9abe96336574379e2ba2cc4a203a1b.jpg,C:/Users/Bautista/Downloads/PrecisionSkin/Classes/Acne/upscaled_1110_png.rf.1a9abe96336574379e2ba2cc4a203a1b.jpg,close_up_facial,train,upscaled_1110_png,pseudo-label + correct (training),False,,False,False
upscaled_1791_png.rf.254e3efedd748ecaeeb787803739db1d.jpg,C:/Users/Bautista/Downloads/PrecisionSkin/Classes/Acne/upscaled_1791_png.rf.254e3efedd748ecaeeb787803739db1d.jpg,close_up_facial,train,upscaled_1791_png,pseudo-label + correct (training),False,,False,False
aug_15_7b5781acbf8cf3ef59928bf1fd56df9eC!r23ac1983a0274adecccb505518971ace.jpg,C:/Users/Bautista/Downloads/PrecisionSkin/Classes/Acne/aug_15_7b5781acbf8cf3ef59928bf1fd56df9eC!r23ac1983a0274adecccb505518971ace.jpg,full_face,train,aug_15_7b5781acbf8cf3ef59928bf1fd56df9ec!r23ac1983a0274adecccb505518971ace.jpg,pseudo-label + correct (training),False,,False,False
aug_65_evolv_gallery-zoskin-patient4-before-2.png,C:/Users/Bautista/Downloads/PrecisionSkin/Classes/Acne/aug_65_evolv_gallery-zoskin-patient4-before-2.png,full_face,train,aug_65_evolv_gallery-zoskin-patient4-before-2.png,pseudo-label + correct (training),False,,False,False
pigmentation_0_8913_jpeg.rf.4ad6be5d71ab66f0f722b0fb17d4dcbc.jpg,C:/Users/Bautista/Downloads/PrecisionSkin/Classes/Acne/pigmentation_0_8913_jpeg.rf.4ad6be5d71ab66f0f722b0fb17d4dcbc.jpg,close_up_facial,train,pigmentation_0_8913_jpeg,pseudo-label + correct (training),False,,False,False
aug_100_jko16nvn14061.png,C:/Users/Bautista/Downloads/PrecisionSkin/Classes/Acne/aug_100_jko16nvn14061.png,partial_face,train,aug_100_jko16nvn14061.png,pseudo-label + correct (training),False,,False,False
upscaled_1388_png.rf.52c6156044f3b703513c147dcca1197b.jpg,C:/Users/Bautista/Downloads/PrecisionSkin/Classes/Acne/upscaled_1388_png.rf.52c6156044f3b703513c147dcca1197b.jpg,close_up_facial,train,upscaled_1388_png,pseudo-label + correct (training),False,,False,False
acne-face-28__ProtectWyJQcm90ZWN0Il0_FocusFillWzI5NCwyMjIsIngiLDFd.jpeg,C:/Users/Bautista/Downloads/PrecisionSkin/Classes/Acne/acne-face-28__ProtectWyJQcm90ZWN0Il0_FocusFillWzI5NCwyMjIsIngiLDFd.jpeg,close_up_facial,train,acne-face-28__protectwyjqcm90zwn0il0_focusfillwzi5ncwymjisingildfd.jpeg,pseudo-label + correct (training),True,Acne,False,True
acne72.png,C:/Users/Bautista/Downloads/PrecisionSkin/Classes/Acne/acne72.png,close_up_facial,train,acne72.png,pseudo-label + correct (training),True,Acne,False,True
pigmentation_0_3773_jpeg.rf.fc9bf3308fb0b8a00eac7292ff4507fe.jpg,C:/Users/Bautista/Downloads/PrecisionSkin/Classes/Acne/pigmentation_0_3773_jpeg.rf.fc9bf3308fb0b8a00eac7292ff4507fe.jpg,partial_face,train,pigmentation_0_3773_jpeg,pseudo-label + correct (training),False,,False,False
acne-pustular-43_jpg.rf.d59a3d3b13c96c35703cdcd286ca1048.jpg,C:/Users/Bautista/Downloads/PrecisionSkin/Classes/Acne/acne-pustular-43_jpg.rf.d59a3d3b13c96c35703cdcd286ca1048.jpg,partial_face,train,acne-pustular-43_jpg,pseudo-label + correct (training),True,Acne,False,True
acne-pustular-56_jpg.rf.07fb5ec9d54d337580fd73c5f68550cd.jpg,C:/Users/Bautista/Downloads/PrecisionSkin/Classes/Acne/acne-pustular-56_jpg.rf.07fb5ec9d54d337580fd73c5f68550cd.jpg,close_up_facial,train,acne-pustular-56_jpg,pseudo-label + correct (training),False,,False,False
Acne_346.jpg,C:/Users/Bautista/Downloads/PrecisionSkin/Classes/Acne/Acne_346.jpg,close_up_facial,train,acne_346.jpg,pseudo-label + correct (training),False,,False,False
Acne_306.jpg,C:/Users/Bautista/Downloads/PrecisionSkin/Classes/Acne/Acne_306.jpg,close_up_facial,train,acne_306.jpg,pseudo-label + correct (training),False,,False,False
pigmentation_0_2190_jpeg.rf.ba39a8a206a48f49ce6e0e23dfa48327.jpg,C:/Users/Bautista/Downloads/PrecisionSkin/Classes/Acne/pigmentation_0_2190_jpeg.rf.ba39a8a206a48f49ce6e0e23dfa48327.jpg,close_up_facial,train,pigmentation_0_2190_jpeg,pseudo-label + correct (training),False,,False,False
4A5DA7F500000578-5522003-Amy_who_battled_her_erupting_skin_for_15_years_says_doctors_dism-a-26_15215419581041-Copy_jpg.rf.6766ac0a81382517b77f20c8dfb2e347.jpg,C:/Users/Bautista/Downloads/PrecisionSkin/Classes/Acne/4A5DA7F500000578-5522003-Amy_who_battled_her_erupting_skin_for_15_years_says_doctors_dism-a-26_15215419581041-Copy_jpg.rf.6766ac0a81382517b77f20c8dfb2e347.jpg,partial_face,train,4a5da7f500000578-5522003-amy_who_battled_her_erupting_skin_for_15_years_says_doctors_dism-a-26_15215419581041-copy_jpg,pseudo-label + correct (training),False,,False,False
acne-face-2-3__ProtectWyJQcm90ZWN0Il0_FocusFillWzI5NCwyMjIsIngiLDFd.jpeg,C:/Users/Bautista/Downloads/PrecisionSkin/Classes/Acne/acne-face-2-3__ProtectWyJQcm90ZWN0Il0_FocusFillWzI5NCwyMjIsIngiLDFd.jpeg,close_up_facial,train,acne-face-2-3__protectwyjqcm90zwn0il0_focusfillwzi5ncwymjisingildfd.jpeg,pseudo-label + correct (training),True,Acne,False,True
acne-face-3-11__ProtectWyJQcm90ZWN0Il0_FocusFillWzI5NCwyMjIsIngiLDFd.jpeg,C:/Users/Bautista/Downloads/PrecisionSkin/Classes/Acne/acne-face-3-11__ProtectWyJQcm90ZWN0Il0_FocusFillWzI5NCwyMjIsIngiLDFd.jpeg,close_up_facial,train,acne-face-3-11__protectwyjqcm90zwn0il0_focusfillwzi5ncwymjisingildfd.jpeg,pseudo-label + correct (training),False,,False,False
upscaled_1029_png.rf.34cc406cb5b46d4b88af310f9c8bdc07.jpg,C:/Users/Bautista/Downloads/PrecisionSkin/Classes/Acne/upscaled_1029_png.rf.34cc406cb5b46d4b88af310f9c8bdc07.jpg,close_up_facial,train,upscaled_1029_png,pseudo-label + correct (training),False,,False,False
acne-open-comedo-3_jpg.rf.536ea3ab42c255be820eb6c83a0381e0.jpg,C:/Users/Bautista/Downloads/PrecisionSkin/Classes/Acne/acne-open-comedo-3_jpg.rf.536ea3ab42c255be820eb6c83a0381e0.jpg,close_up_facial,train,acne-open-comedo-3_jpg,pseudo-label + correct (training),True,Acne,False,True
Acne_153.jpg,C:/Users/Bautista/Downloads/PrecisionSkin/Classes/Acne/Acne_153.jpg,close_up_facial,train,acne_153.jpg,pseudo-label + correct (training),False,,False,False
acne-face-4-4__ProtectWyJQcm90ZWN0Il0_FocusFillWzI5NCwyMjIsIngiLDFd_jpg.rf.8144f8c78a256f49fa6fe9bf57402729.jpg,C:/Users/Bautista/Downloads/PrecisionSkin/Classes/Acne/acne-face-4-4__ProtectWyJQcm90ZWN0Il0_FocusFillWzI5NCwyMjIsIngiLDFd_jpg.rf.8144f8c78a256f49fa6fe9bf57402729.jpg,close_up_facial,train,acne-face-4-4__protectwyjqcm90zwn0il0_focusfillwzi5ncwymjisingildfd_jpg,pseudo-label + correct (training),False,,False,False
acne-pustular-28_jpg.rf.f2211747d6fe90d3d7101bf4c0e09a7e.jpg,C:/Users/Bautista/Downloads/PrecisionSkin/Classes/Acne/acne-pustular-28_jpg.rf.f2211747d6fe90d3d7101bf4c0e09a7e.jpg,partial_face,train,acne-pustular-28_jpg,pseudo-label + correct (training),False,,False,False
acne-face-12-1__ProtectWyJQcm90ZWN0Il0_FocusFillWzI5NCwyMjIsInkiLDg1XQ.jpeg,C:/Users/Bautista/Downloads/PrecisionSkin/Classes/Acne/acne-face-12-1__ProtectWyJQcm90ZWN0Il0_FocusFillWzI5NCwyMjIsInkiLDg1XQ.jpeg,close_up_facial,train,acne-face-12-1__protectwyjqcm90zwn0il0_focusfillwzi5ncwymjisinkildg1xq.jpeg,pseudo-label + correct (training),True,Acne,False,True
upscaled_1020_png.rf.dcde765687e4a5e20777f6a02898a22f.jpg,C:/Users/Bautista/Downloads/PrecisionSkin/Classes/Acne/upscaled_1020_png.rf.dcde765687e4a5e20777f6a02898a22f.jpg,close_up_facial,train,upscaled_1020_png,pseudo-label + correct (training),False,,False,False
acne-face-65__ProtectWyJQcm90ZWN0Il0_FocusFillWzI5NCwyMjIsIngiLDFd.jpeg,C:/Users/Bautista/Downloads/PrecisionSkin/Classes/Acne/acne-face-65__ProtectWyJQcm90ZWN0Il0_FocusFillWzI5NCwyMjIsIngiLDFd.jpeg,close_up_facial,train,acne-face-65__protectwyjqcm90zwn0il0_focusfillwzi5ncwymjisingildfd.jpeg,pseudo-label + correct (training),False,,False,False
aug_0_6329.jpg,C:/Users/Bautista/Downloads/PrecisionSkin/Classes/Acne/aug_0_6329.jpg,close_up_facial,train,aug_0_6329.jpg,pseudo-label + correct (training),False,,False,False
pc438phx95i41-1-_jpg.rf.86dc55d0e9edb4b9f659654387520f97.jpg,C:/Users/Bautista/Downloads/PrecisionSkin/Classes/Acne/pc438phx95i41-1-_jpg.rf.86dc55d0e9edb4b9f659654387520f97.jpg,partial_face,train,pc438phx95i41-1-_jpg,pseudo-label + correct (training),False,,False,False
upscaled_1695_png.rf.19c150d5ed8593e3a52fa286b8e680a9.jpg,C:/Users/Bautista/Downloads/PrecisionSkin/Classes/Acne/upscaled_1695_png.rf.19c150d5ed8593e3a52fa286b8e680a9.jpg,close_up_facial,train,upscaled_1695_png,pseudo-label + correct (training),False,,False,False
pigmentation_0_7042_jpeg.rf.0f48773bb543e9b442cdc086b664a923.jpg,C:/Users/Bautista/Downloads/PrecisionSkin/Classes/Acne/pigmentation_0_7042_jpeg.rf.0f48773bb543e9b442cdc086b664a923.jpg,partial_face,train,pigmentation_0_7042_jpeg,pseudo-label + correct (training),False,,False,False
upscaled_2114_png.rf.9da808a0f0031170c19b18b97439ffec.jpg,C:/Users/Bautista/Downloads/PrecisionSkin/Classes/Acne/upscaled_2114_png.rf.9da808a0f0031170c19b18b97439ffec.jpg,close_up_facial,train,upscaled_2114_png,pseudo-label + correct (training),False,,False,False
Acne_81.jpg,C:/Users/Bautista/Downloads/PrecisionSkin/Classes/Acne/Acne_81.jpg,close_up_facial,train,acne_81.jpg,pseudo-label + correct (training),False,,False,False
aug_242_acne-pustular-72.jpg,C:/Users/Bautista/Downloads/PrecisionSkin/Classes/Acne/aug_242_acne-pustular-72.jpg,close_up_facial,train,aug_242_acne-pustular-72.jpg,pseudo-label + correct (training),False,,False,False
pigmentation_0_8248_jpeg.rf.160b88accd63dd8df53199ade585f452.jpg,C:/Users/Bautista/Downloads/PrecisionSkin/Classes/Acne/pigmentation_0_8248_jpeg.rf.160b88accd63dd8df53199ade585f452.jpg,partial_face,train,pigmentation_0_8248_jpeg,pseudo-label + correct (training),False,,False,False
acne-cystic-141_jpg.rf.027f73dd77e7912112a4799a653a79a1.jpg,C:/Users/Bautista/Downloads/PrecisionSkin/Classes/Acne/acne-cystic-141_jpg.rf.027f73dd77e7912112a4799a653a79a1.jpg,partial_face,train,acne-cystic-141_jpg,pseudo-label + correct (training),False,,False,False
upscaled_2190_png.rf.1146a78eabf7e73185454656ae5d3387.jpg,C:/Users/Bautista/Downloads/PrecisionSkin/Classes/Acne/upscaled_2190_png.rf.1146a78eabf7e73185454656ae5d3387.jpg,close_up_facial,train,upscaled_2190_png,pseudo-label + correct (training),False,,False,False
upscaled_639_png.rf.bb26631f5c21b0d43f1885b519769c33.jpg,C:/Users/Bautista/Downloads/PrecisionSkin/Classes/Acne/upscaled_639_png.rf.bb26631f5c21b0d43f1885b519769c33.jpg,close_up_facial,train,upscaled_639_png,pseudo-label + correct (training),False,,False,False
acne129.png,C:/Users/Bautista/Downloads/PrecisionSkin/Classes/Acne/acne129.png,close_up_facial,train,acne129.png,pseudo-label + correct (training),False,,False,False
F2_png.rf.c2f2ea46acba738f2a423e86713dfa34.jpg,C:/Users/Bautista/Downloads/PrecisionSkin/Classes/Acne/F2_png.rf.c2f2ea46acba738f2a423e86713dfa34.jpg,partial_face,train,f2_png,pseudo-label + correct (training),False,,False,False
pigmentation_0_9841_jpeg.rf.8f7516a98e21f43767c4254341b5c125.jpg,C:/Users/Bautista/Downloads/PrecisionSkin/Classes/Acne/pigmentation_0_9841_jpeg.rf.8f7516a98e21f43767c4254341b5c125.jpg,partial_face,train,pigmentation_0_9841_jpeg,pseudo-label + correct (training),False,,False,False
aug_178_acne-open-comedo-1.jpg,C:/Users/Bautista/Downloads/PrecisionSkin/Classes/Acne/aug_178_acne-open-comedo-1.jpg,close_up_facial,train,aug_178_acne-open-comedo-1.jpg,pseudo-label + correct (training),True,Acne,False,True
Acne_31.jpg,C:/Users/Bautista/Downloads/PrecisionSkin/Classes/Acne/Acne_31.jpg,close_up_facial,train,acne_31.jpg,pseudo-label + correct (training),False,,False,False
aug_0_739.jpg,C:/Users/Bautista/Downloads/PrecisionSkin/Classes/Acne/aug_0_739.jpg,close_up_facial,train,aug_0_739.jpg,pseudo-label + correct (training),False,,False,False
aug_42_Bells-Palsy-1.jpg,C:/Users/Bautista/Downloads/PrecisionSkin/Classes/Acne/aug_42_Bells-Palsy-1.jpg,close_up_facial,train,aug_42_bells-palsy-1.jpg,pseudo-label + correct (training),False,,False,False
acne-face-2-4__ProtectWyJQcm90ZWN0Il0_FocusFillWzI5NCwyMjIsIngiLDFd.jpeg,C:/Users/Bautista/Downloads/PrecisionSkin/Classes/Acne/acne-face-2-4__ProtectWyJQcm90ZWN0Il0_FocusFillWzI5NCwyMjIsIngiLDFd.jpeg,partial_face,train,acne-face-2-4__protectwyjqcm90zwn0il0_focusfillwzi5ncwymjisingildfd.jpeg,pseudo-label + correct (training),True,Acne,False,True
acne155.png,C:/Users/Bautista/Downloads/PrecisionSkin/Classes/Acne/acne155.png,close_up_facial,train,acne155.png,pseudo-label + correct (training),False,,False,False
aug_0_8001.jpg,C:/Users/Bautista/Downloads/PrecisionSkin/Classes/Acne/aug_0_8001.jpg,close_up_facial,train,aug_0_8001.jpg,pseudo-label + correct (training),False,,False,False
acne-face-2-10__ProtectWyJQcm90ZWN0Il0_FocusFillWzI5NCwyMjIsIngiLDFd.jpeg,C:/Users/Bautista/Downloads/PrecisionSkin/Classes/Acne/acne-face-2-10__ProtectWyJQcm90ZWN0Il0_FocusFillWzI5NCwyMjIsIngiLDFd.jpeg,partial_face,train,acne-face-2-10__protectwyjqcm90zwn0il0_focusfillwzi5ncwymjisingildfd.jpeg,pseudo-label + correct (training),False,,False,False
acne-cystic-21.jpg,C:/Users/Bautista/Downloads/PrecisionSkin/Classes/Acne/acne-cystic-21.jpg,partial_face,train,acne-cystic-21.jpg,pseudo-label + correct (training),False,,False,False
levle1_466_jpg.rf.5cdfaceb54865c585981e8805b5ff1d9.jpg,C:/Users/Bautista/Downloads/PrecisionSkin/Classes/Acne/levle1_466_jpg.rf.5cdfaceb54865c585981e8805b5ff1d9.jpg,partial_face,train,levle1_466_jpg,pseudo-label + correct (training),False,,True,True
aug_44_pigmentation_0_4543.jpeg,C:/Users/Bautista/Downloads/PrecisionSkin/Classes/Acne/aug_44_pigmentation_0_4543.jpeg,close_up_facial,train,aug_44_pigmentation_0_4543.jpeg,pseudo-label + correct (training),False,,False,False
766x415_Accutane_Side_Effects_jpg.rf.89d4243ac1f195779f7b46063bbe7ab9.jpg,C:/Users/Bautista/Downloads/PrecisionSkin/Classes/Acne/766x415_Accutane_Side_Effects_jpg.rf.89d4243ac1f195779f7b46063bbe7ab9.jpg,close_up_facial,train,766x415_accutane_side_effects_jpg,pseudo-label + correct (training),False,,False,False
aug_0_8056.jpg,C:/Users/Bautista/Downloads/PrecisionSkin/Classes/Acne/aug_0_8056.jpg,close_up_facial,train,aug_0_8056.jpg,pseudo-label + correct (training),False,,False,False
aug_0_3475.jpg,C:/Users/Bautista/Downloads/PrecisionSkin/Classes/Acne/aug_0_3475.jpg,close_up_facial,train,aug_0_3475.jpg,pseudo-label + correct (training),False,,False,False
upscaled_1475_png.rf.761e779294468fbda74651b3e87b388d.jpg,C:/Users/Bautista/Downloads/PrecisionSkin/Classes/Acne/upscaled_1475_png.rf.761e779294468fbda74651b3e87b388d.jpg,close_up_facial,train,upscaled_1475_png,pseudo-label + correct (training),False,,False,False
upscaled_145_png.rf.fd1da1c6a956d4f759f6beb538c88087.jpg,C:/Users/Bautista/Downloads/PrecisionSkin/Classes/Acne/upscaled_145_png.rf.fd1da1c6a956d4f759f6beb538c88087.jpg,close_up_facial,train,upscaled_145_png,pseudo-label + correct (training),False,,False,False
21.png,C:/Users/Bautista/Downloads/PrecisionSkin/Classes/Acne/21.png,partial_face,train,21.png,pseudo-label + correct (training),False,,False,False
aug_0_8954.jpg,C:/Users/Bautista/Downloads/PrecisionSkin/Classes/Acne/aug_0_8954.jpg,close_up_facial,train,aug_0_8954.jpg,pseudo-label + correct (training),False,,False,False
upscaled_45_png.rf.f4220a46a676bf6368cdee17c8a4b85c.jpg,C:/Users/Bautista/Downloads/PrecisionSkin/Classes/Acne/upscaled_45_png.rf.f4220a46a676bf6368cdee17c8a4b85c.jpg,close_up_facial,train,upscaled_45_png,pseudo-label + correct (training),False,,False,False
pigmentation_0_906.jpeg,C:/Users/Bautista/Downloads/PrecisionSkin/Classes/Acne/pigmentation_0_906.jpeg,close_up_facial,train,pigmentation_0_906.jpeg,pseudo-label + correct (training),False,,False,False
pigmentation_0_6099_jpeg.rf.ce05cf45d2dbd89ed02f34da803edeb7.jpg,C:/Users/Bautista/Downloads/PrecisionSkin/Classes/Acne/pigmentation_0_6099_jpeg.rf.ce05cf45d2dbd89ed02f34da803edeb7.jpg,full_face,train,pigmentation_0_6099_jpeg,pseudo-label + correct (training),False,,False,False
pigmentation_0_2538_jpeg.rf.14dd504b6c12e3208324c1303887d313.jpg,C:/Users/Bautista/Downloads/PrecisionSkin/Classes/Acne/pigmentation_0_2538_jpeg.rf.14dd504b6c12e3208324c1303887d313.jpg,close_up_facial,train,pigmentation_0_2538_jpeg,pseudo-label + correct (training),False,,False,False
aug_306_pigmentation_0_1732.jpeg,C:/Users/Bautista/Downloads/PrecisionSkin/Classes/Acne/aug_306_pigmentation_0_1732.jpeg,close_up_facial,train,aug_306_pigmentation_0_1732.jpeg,pseudo-label + correct (training),False,,False,False
aug_0_271.jpg,C:/Users/Bautista/Downloads/PrecisionSkin/Classes/Acne/aug_0_271.jpg,close_up_facial,train,aug_0_271.jpg,pseudo-label + correct (training),False,,False,False
acne-face-2-21__ProtectWyJQcm90ZWN0Il0_FocusFillWzI5NCwyMjIsInkiLDg1XQ_jpg.rf.81bd7064bc018f8dfd4e948b886f3c3b.jpg,C:/Users/Bautista/Downloads/PrecisionSkin/Classes/Acne/acne-face-2-21__ProtectWyJQcm90ZWN0Il0_FocusFillWzI5NCwyMjIsInkiLDg1XQ_jpg.rf.81bd7064bc018f8dfd4e948b886f3c3b.jpg,close_up_facial,train,acne-face-2-21__protectwyjqcm90zwn0il0_focusfillwzi5ncwymjisinkildg1xq_jpg,pseudo-label + correct (training),False,,False,False
acne150.png,C:/Users/Bautista/Downloads/PrecisionSkin/Classes/Acne/acne150.png,close_up_facial,train,acne150.png,pseudo-label + correct (training),False,,False,False
aug_26_acne-pustular-43_0_2666.jpeg,C:/Users/Bautista/Downloads/PrecisionSkin/Classes/Acne/aug_26_acne-pustular-43_0_2666.jpeg,partial_face,train,aug_26_acne-pustular-43_0_2666.jpeg,pseudo-label + correct (training),False,,False,False
bb7d0704b3afa18fd5a8db14f9018036_jpg.rf.34e34f751646f078e82484b592b0c4f3.jpg,C:/Users/Bautista/Downloads/PrecisionSkin/Classes/Acne/bb7d0704b3afa18fd5a8db14f9018036_jpg.rf.34e34f751646f078e82484b592b0c4f3.jpg,partial_face,train,bb7d0704b3afa18fd5a8db14f9018036_jpg,pseudo-label + correct (training),False,,False,False
upscaled_1922_png.rf.abd6c42e5a68083e1287295eca6ea414.jpg,C:/Users/Bautista/Downloads/PrecisionSkin/Classes/Acne/upscaled_1922_png.rf.abd6c42e5a68083e1287295eca6ea414.jpg,close_up_facial,train,upscaled_1922_png,pseudo-label + correct (training),False,,False,False
aug_201_acne-pustular-72.jpg,C:/Users/Bautista/Downloads/PrecisionSkin/Classes/Acne/aug_201_acne-pustular-72.jpg,close_up_facial,train,aug_201_acne-pustular-72.jpg,pseudo-label + correct (training),False,,False,False
pigmentation_0_37_jpeg.rf.d8c1a6f6f419b418a2ef91cb497b2394.jpg,C:/Users/Bautista/Downloads/PrecisionSkin/Classes/Acne/pigmentation_0_37_jpeg.rf.d8c1a6f6f419b418a2ef91cb497b2394.jpg,full_face,train,pigmentation_0_37_jpeg,pseudo-label + correct (training),False,,False,False
OIP (10).jpg,C:/Users/Bautista/Downloads/PrecisionSkin/Classes/Acne/OIP (10).jpg,full_face,train,oip (10).jpg,pseudo-label + correct (training),False,,False,False
acne-excoriated-25_jpg.rf.036bbc151ea866ed2f28c320d90d5284.jpg,C:/Users/Bautista/Downloads/PrecisionSkin/Classes/Acne/acne-excoriated-25_jpg.rf.036bbc151ea866ed2f28c320d90d5284.jpg,partial_face,train,acne-excoriated-25_jpg,pseudo-label + correct (training),False,,False,False
aug_0_6664.jpg,C:/Users/Bautista/Downloads/PrecisionSkin/Classes/Acne/aug_0_6664.jpg,close_up_facial,train,aug_0_6664.jpg,pseudo-label + correct (training),False,,False,False
upscaled_1060_png.rf.766e57ad155a78dc6776c4bb14da5555.jpg,C:/Users/Bautista/Downloads/PrecisionSkin/Classes/Acne/upscaled_1060_png.rf.766e57ad155a78dc6776c4bb14da5555.jpg,close_up_facial,train,upscaled_1060_png,pseudo-label + correct (training),False,,False,False
upscaled_2313_png.rf.b71bf6e9d9dbf69289d0faaecd0bde77.jpg,C:/Users/Bautista/Downloads/PrecisionSkin/Classes/Acne/upscaled_2313_png.rf.b71bf6e9d9dbf69289d0faaecd0bde77.jpg,close_up_facial,train,upscaled_2313_png,pseudo-label + correct (training),False,,False,False
acne-pustular-21_jpg.rf.8416c30f861821f170ffeea86821c7b4.jpg,C:/Users/Bautista/Downloads/PrecisionSkin/Classes/Acne/acne-pustular-21_jpg.rf.8416c30f861821f170ffeea86821c7b4.jpg,partial_face,train,acne-pustular-21_jpg,pseudo-label + correct (training),True,Acne,False,True
upscaled_169_png.rf.814a3b147e1dfa207c11fac3e486181c.jpg,C:/Users/Bautista/Downloads/PrecisionSkin/Classes/Acne/upscaled_169_png.rf.814a3b147e1dfa207c11fac3e486181c.jpg,close_up_facial,train,upscaled_169_png,pseudo-label + correct (training),False,,False,False
upscaled_2703_png.rf.b78381f78805439a481f3bc6a3904727.jpg,C:/Users/Bautista/Downloads/PrecisionSkin/Classes/Acne/upscaled_2703_png.rf.b78381f78805439a481f3bc6a3904727.jpg,partial_face,train,upscaled_2703_png,pseudo-label + correct (training),False,,False,False
upscaled_2028_png.rf.009b5f2d28580590c8057c5f3174b93a.jpg,C:/Users/Bautista/Downloads/PrecisionSkin/Classes/Acne/upscaled_2028_png.rf.009b5f2d28580590c8057c5f3174b93a.jpg,close_up_facial,train,upscaled_2028_png,pseudo-label + correct (training),False,,False,False
aug_272_acne-open-comedo-60.jpeg,C:/Users/Bautista/Downloads/PrecisionSkin/Classes/Acne/aug_272_acne-open-comedo-60.jpeg,close_up_facial,train,aug_272_acne-open-comedo-60.jpeg,pseudo-label + correct (training),False,,False,False
pigmentation_0_97_jpeg.rf.9da9302f13891c2d086c473709ed0dae.jpg,C:/Users/Bautista/Downloads/PrecisionSkin/Classes/Acne/pigmentation_0_97_jpeg.rf.9da9302f13891c2d086c473709ed0dae.jpg,partial_face,train,pigmentation_0_97_jpeg,pseudo-label + correct (training),False,,False,False
15.jpg,C:/Users/Bautista/Downloads/PrecisionSkin/Classes/Acne/15.jpg,close_up_facial,train,15.jpg,pseudo-label + correct (training),False,,True,True
aug_0_8018.jpg,C:/Users/Bautista/Downloads/PrecisionSkin/Classes/Acne/aug_0_8018.jpg,close_up_facial,train,aug_0_8018.jpg,pseudo-label + correct (training),False,,False,False
pigmentation_0_119_jpeg.rf.c5c3847686bd03e7f0a4883e254a0a55.jpg,C:/Users/Bautista/Downloads/PrecisionSkin/Classes/Acne/pigmentation_0_119_jpeg.rf.c5c3847686bd03e7f0a4883e254a0a55.jpg,partial_face,train,pigmentation_0_119_jpeg,pseudo-label + correct (training),False,,False,False
upscaled_2281_png.rf.0807aa29e2f83fe2cbaf3724af912200.jpg,C:/Users/Bautista/Downloads/PrecisionSkin/Classes/Acne/upscaled_2281_png.rf.0807aa29e2f83fe2cbaf3724af912200.jpg,partial_face,train,upscaled_2281_png,pseudo-label + correct (training),False,,False,False
upscaled_2562_png.rf.f4325a7c9446909a2231b80651912d83.jpg,C:/Users/Bautista/Downloads/PrecisionSkin/Classes/Acne/upscaled_2562_png.rf.f4325a7c9446909a2231b80651912d83.jpg,close_up_facial,train,upscaled_2562_png,pseudo-label + correct (training),False,,False,False
R-43-_jpg.rf.592984bbbbb588e2df8227279bf1b745.jpg,C:/Users/Bautista/Downloads/PrecisionSkin/Classes/Acne/R-43-_jpg.rf.592984bbbbb588e2df8227279bf1b745.jpg,partial_face,train,r-43-_jpg,pseudo-label + correct (training),False,,False,False
IMG_0223_jpg.rf.c530ef0c558472bf246f50ee4aec0c8a.jpg,C:/Users/Bautista/Downloads/PrecisionSkin/Classes/Acne/IMG_0223_jpg.rf.c530ef0c558472bf246f50ee4aec0c8a.jpg,partial_face,train,img_0223_jpg,pseudo-label + correct (training),False,,False,False
acne-cystic-142_jpg.rf.b1efdddbfe057f1a9defb574e35a0c50.jpg,C:/Users/Bautista/Downloads/PrecisionSkin/Classes/Acne/acne-cystic-142_jpg.rf.b1efdddbfe057f1a9defb574e35a0c50.jpg,full_face,train,acne-cystic-142_jpg,pseudo-label + correct (training),False,,False,False
Acne_321.jpg,C:/Users/Bautista/Downloads/PrecisionSkin/Classes/Acne/Acne_321.jpg,close_up_facial,train,acne_321.jpg,pseudo-label + correct (training),False,,False,False
levle1_450_jpg.rf.cae1b42a286e90f752f76aa806e4940e.jpg,C:/Users/Bautista/Downloads/PrecisionSkin/Classes/Acne/levle1_450_jpg.rf.cae1b42a286e90f752f76aa806e4940e.jpg,full_face,train,levle1_450_jpg,pseudo-label + correct (training),False,,True,True
pigmentation_0_1893_jpeg.rf.c78554e9182b2a4323eba16070a67ecf.jpg,C:/Users/Bautista/Downloads/PrecisionSkin/Classes/Acne/pigmentation_0_1893_jpeg.rf.c78554e9182b2a4323eba16070a67ecf.jpg,partial_face,train,pigmentation_0_1893_jpeg,pseudo-label + correct (training),False,,False,False
acne128.png,C:/Users/Bautista/Downloads/PrecisionSkin/Classes/Acne/acne128.png,partial_face,train,acne128.png,pseudo-label + correct (training),False,,False,False
upscaled_1167_png.rf.0d65e5f8623838f696f99592fd067fa3.jpg,C:/Users/Bautista/Downloads/PrecisionSkin/Classes/Acne/upscaled_1167_png.rf.0d65e5f8623838f696f99592fd067fa3.jpg,close_up_facial,train,upscaled_1167_png,pseudo-label + correct (training),False,,False,False
levle1_48_jpg.rf.83b0d946b131d39e84f78c821bf4940d.jpg,C:/Users/Bautista/Downloads/PrecisionSkin/Classes/Acne/levle1_48_jpg.rf.83b0d946b131d39e84f78c821bf4940d.jpg,full_face,train,levle1_48_jpg,pseudo-label + correct (training),False,,True,True
pigmentation_0_2993_jpeg.rf.57fb948acb9e28434c3d2e34e18298e8.jpg,C:/Users/Bautista/Downloads/PrecisionSkin/Classes/Acne/pigmentation_0_2993_jpeg.rf.57fb948acb9e28434c3d2e34e18298e8.jpg,close_up_facial,train,pigmentation_0_2993_jpeg,pseudo-label + correct (training),False,,False,False
Acne_15.jpg,C:/Users/Bautista/Downloads/PrecisionSkin/Classes/Acne/Acne_15.jpg,close_up_facial,train,acne_15.jpg,pseudo-label + correct (training),False,,False,False
0_before_jpg.rf.db1b0102231c11d9d92d42a9a13c6ffb.jpg,C:/Users/Bautista/Downloads/PrecisionSkin/Classes/Acne/0_before_jpg.rf.db1b0102231c11d9d92d42a9a13c6ffb.jpg,partial_face,train,0_before_jpg,pseudo-label + correct (training),False,,False,False
aug_0_8399.jpg,C:/Users/Bautista/Downloads/PrecisionSkin/Classes/Acne/aug_0_8399.jpg,close_up_facial,train,aug_0_8399.jpg,pseudo-label + correct (training),False,,False,False
acne-face-1-46__ProtectWyJQcm90ZWN0Il0_FocusFillWzI5NCwyMjIsIngiLDFd.jpeg,C:/Users/Bautista/Downloads/PrecisionSkin/Classes/Acne/acne-face-1-46__ProtectWyJQcm90ZWN0Il0_FocusFillWzI5NCwyMjIsIngiLDFd.jpeg,close_up_facial,train,acne-face-1-46__protectwyjqcm90zwn0il0_focusfillwzi5ncwymjisingildfd.jpeg,pseudo-label + correct (training),False,,False,False
upscaled_1199_png.rf.4fc465c278ffc99f44a2b86cf227974a.jpg,C:/Users/Bautista/Downloads/PrecisionSkin/Classes/Acne/upscaled_1199_png.rf.4fc465c278ffc99f44a2b86cf227974a.jpg,close_up_facial,train,upscaled_1199_png,pseudo-label + correct (training),False,,False,False
Acne-Before4.png,C:/Users/Bautista/Downloads/PrecisionSkin/Classes/Acne/Acne-Before4.png,close_up_facial,train,acne-before4.png,pseudo-label + correct (training),False,,False,False
aug_0_4651.jpg,C:/Users/Bautista/Downloads/PrecisionSkin/Classes/Acne/aug_0_4651.jpg,close_up_facial,train,aug_0_4651.jpg,pseudo-label + correct (training),False,,False,False
acne-face-50__ProtectWyJQcm90ZWN0Il0_FocusFillWzI5NCwyMjIsIngiLDFd.jpeg,C:/Users/Bautista/Downloads/PrecisionSkin/Classes/Acne/acne-face-50__ProtectWyJQcm90ZWN0Il0_FocusFillWzI5NCwyMjIsIngiLDFd.jpeg,close_up_facial,train,acne-face-50__protectwyjqcm90zwn0il0_focusfillwzi5ncwymjisingildfd.jpeg,pseudo-label + correct (training),False,,False,False
rosacea-25_jpg.rf.4b9472bef9c41745cb5783c808d92f41.jpg,C:/Users/Bautista/Downloads/PrecisionSkin/Classes/Acne/rosacea-25_jpg.rf.4b9472bef9c41745cb5783c808d92f41.jpg,full_face,train,rosacea-25_jpg,pseudo-label + correct (training),False,,False,False
33_jpg.rf.be2de578ea7bace0aa837a9b675aa8f7.jpg,C:/Users/Bautista/Downloads/PrecisionSkin/Classes/Acne/33_jpg.rf.be2de578ea7bace0aa837a9b675aa8f7.jpg,close_up_facial,train,33_jpg,pseudo-label + correct (training),True,Acne,False,True
acne-cystic-34_jpg.rf.e1d39c3b5d1d7681bcc1f55e2e23c78c.jpg,C:/Users/Bautista/Downloads/PrecisionSkin/Classes/Acne/acne-cystic-34_jpg.rf.e1d39c3b5d1d7681bcc1f55e2e23c78c.jpg,partial_face,train,acne-cystic-34_jpg,pseudo-label + correct (training),False,,False,False
pigmentation_0_1080_jpeg.rf.cebc45766fcaee520b24c4a437a2497b.jpg,C:/Users/Bautista/Downloads/PrecisionSkin/Classes/Acne/pigmentation_0_1080_jpeg.rf.cebc45766fcaee520b24c4a437a2497b.jpg,full_face,train,pigmentation_0_1080_jpeg,pseudo-label + correct (training),False,,False,False
upscaled_1075_png.rf.47fe750e07d278e475cb73a322001870.jpg,C:/Users/Bautista/Downloads/PrecisionSkin/Classes/Acne/upscaled_1075_png.rf.47fe750e07d278e475cb73a322001870.jpg,close_up_facial,train,upscaled_1075_png,pseudo-label + correct (training),False,,False,False
upscaled_732_png.rf.27eea0bf6a2ac61d7950fb6a49a54bd4.jpg,C:/Users/Bautista/Downloads/PrecisionSkin/Classes/Acne/upscaled_732_png.rf.27eea0bf6a2ac61d7950fb6a49a54bd4.jpg,close_up_facial,train,upscaled_732_png,pseudo-label + correct (training),False,,False,False
aug_0_590.jpg,C:/Users/Bautista/Downloads/PrecisionSkin/Classes/Acne/aug_0_590.jpg,close_up_facial,train,aug_0_590.jpg,pseudo-label + correct (training),False,,False,False
aug_289_42.jpg,C:/Users/Bautista/Downloads/PrecisionSkin/Classes/Acne/aug_289_42.jpg,partial_face,train,aug_289_42.jpg,pseudo-label + correct (training),False,,False,False
acne-face-45__ProtectWyJQcm90ZWN0Il0_FocusFillWzI5NCwyMjIsIngiLDFd.jpeg,C:/Users/Bautista/Downloads/PrecisionSkin/Classes/Acne/acne-face-45__ProtectWyJQcm90ZWN0Il0_FocusFillWzI5NCwyMjIsIngiLDFd.jpeg,close_up_facial,train,acne-face-45__protectwyjqcm90zwn0il0_focusfillwzi5ncwymjisingildfd.jpeg,pseudo-label + correct (training),False,,False,False
levle3_110_jpg.rf.a85d99171b3632f56935bbe7802650af.jpg,C:/Users/Bautista/Downloads/PrecisionSkin/Classes/Acne/levle3_110_jpg.rf.a85d99171b3632f56935bbe7802650af.jpg,close_up_facial,train,levle3_110_jpg,pseudo-label + correct (training),False,,True,True
2-7-_jpg.rf.76093b840421e12c1d89ae0d21d06303.jpg,C:/Users/Bautista/Downloads/PrecisionSkin/Classes/Acne/2-7-_jpg.rf.76093b840421e12c1d89ae0d21d06303.jpg,partial_face,train,2-7-_jpg,pseudo-label + correct (training),False,,False,False
acne-face-43__ProtectWyJQcm90ZWN0Il0_FocusFillWzI5NCwyMjIsIngiLDFd.jpeg,C:/Users/Bautista/Downloads/PrecisionSkin/Classes/Acne/acne-face-43__ProtectWyJQcm90ZWN0Il0_FocusFillWzI5NCwyMjIsIngiLDFd.jpeg,partial_face,train,acne-face-43__protectwyjqcm90zwn0il0_focusfillwzi5ncwymjisingildfd.jpeg,pseudo-label + correct (training),True,Acne,False,True
acne-1-1-Copy_jpg.rf.10dca75fd5f79ce418493a8056f8caed.jpg,C:/Users/Bautista/Downloads/PrecisionSkin/Classes/Acne/acne-1-1-Copy_jpg.rf.10dca75fd5f79ce418493a8056f8caed.jpg,full_face,train,acne-1-1-copy_jpg,pseudo-label + correct (training),False,,False,False
levle1_266_jpg.rf.f1492372301bcc6645df0c0fa7c19529.jpg,C:/Users/Bautista/Downloads/PrecisionSkin/Classes/Acne/levle1_266_jpg.rf.f1492372301bcc6645df0c0fa7c19529.jpg,partial_face,train,levle1_266_jpg,pseudo-label + correct (training),False,,True,True
perioral-dermatitis-28_jpg.rf.e31f92bb6e40506b432df93e843df85b.jpg,C:/Users/Bautista/Downloads/PrecisionSkin/Classes/Acne/perioral-dermatitis-28_jpg.rf.e31f92bb6e40506b432df93e843df85b.jpg,close_up_facial,train,perioral-dermatitis-28_jpg,pseudo-label + correct (training),False,,False,False
upscaled_470_png.rf.7bce5eeac321da511e7bd86d31241d8e.jpg,C:/Users/Bautista/Downloads/PrecisionSkin/Classes/Acne/upscaled_470_png.rf.7bce5eeac321da511e7bd86d31241d8e.jpg,close_up_facial,train,upscaled_470_png,pseudo-label + correct (training),False,,False,False
upscaled_2152_png.rf.893ff35fa131b3b462630f2512464ab4.jpg,C:/Users/Bautista/Downloads/PrecisionSkin/Classes/Acne/upscaled_2152_png.rf.893ff35fa131b3b462630f2512464ab4.jpg,close_up_facial,train,upscaled_2152_png,pseudo-label + correct (training),False,,False,False
levle2_12_jpg.rf.cb3690a576641a6c986cf30a9464d80b.jpg,C:/Users/Bautista/Downloads/PrecisionSkin/Classes/Acne/levle2_12_jpg.rf.cb3690a576641a6c986cf30a9464d80b.jpg,close_up_facial,train,levle2_12_jpg,pseudo-label + correct (training),False,,True,True
upscaled_966_png.rf.6dbbc57b4f32f8b8ea3206549ed9677b.jpg,C:/Users/Bautista/Downloads/PrecisionSkin/Classes/Acne/upscaled_966_png.rf.6dbbc57b4f32f8b8ea3206549ed9677b.jpg,close_up_facial,train,upscaled_966_png,pseudo-label + correct (training),False,,False,False
acne-face-7-1__ProtectWyJQcm90ZWN0Il0_FocusFillWzI5NCwyMjIsIngiLDE4XQ.jpeg,C:/Users/Bautista/Downloads/PrecisionSkin/Classes/Acne/acne-face-7-1__ProtectWyJQcm90ZWN0Il0_FocusFillWzI5NCwyMjIsIngiLDE4XQ.jpeg,close_up_facial,train,acne-face-7-1__protectwyjqcm90zwn0il0_focusfillwzi5ncwymjisingilde4xq.jpeg,pseudo-label + correct (training),False,,False,False
upscaled_453_png.rf.4af2ca1dbcdb4d3753c93821e153e9a4.jpg,C:/Users/Bautista/Downloads/PrecisionSkin/Classes/Acne/upscaled_453_png.rf.4af2ca1dbcdb4d3753c93821e153e9a4.jpg,close_up_facial,train,upscaled_453_png,pseudo-label + correct (training),False,,False,False
upscaled_282_png.rf.34184633ec486576c15526d393bc1ff3.jpg,C:/Users/Bautista/Downloads/PrecisionSkin/Classes/Acne/upscaled_282_png.rf.34184633ec486576c15526d393bc1ff3.jpg,close_up_facial,train,upscaled_282_png,pseudo-label + correct (training),False,,False,False
levle1_364_jpg.rf.cc938254c6a19d62feacda1191d5dbd0.jpg,C:/Users/Bautista/Downloads/PrecisionSkin/Classes/Acne/levle1_364_jpg.rf.cc938254c6a19d62feacda1191d5dbd0.jpg,full_face,train,levle1_364_jpg,pseudo-label + correct (training),False,,True,True
acne-excoriated-14_jpg.rf.edcaae2d3e7f06b719c390f231a15694.jpg,C:/Users/Bautista/Downloads/PrecisionSkin/Classes/Acne/acne-excoriated-14_jpg.rf.edcaae2d3e7f06b719c390f231a15694.jpg,close_up_facial,train,acne-excoriated-14_jpg,pseudo-label + correct (training),True,Acne,False,True
upscaled_977_png.rf.02a940fd03cdef3e9b21c71493404d0c.jpg,C:/Users/Bautista/Downloads/PrecisionSkin/Classes/Acne/upscaled_977_png.rf.02a940fd03cdef3e9b21c71493404d0c.jpg,close_up_facial,train,upscaled_977_png,pseudo-label + correct (training),False,,False,False
aug_0_7525.jpg,C:/Users/Bautista/Downloads/PrecisionSkin/Classes/Acne/aug_0_7525.jpg,partial_face,train,aug_0_7525.jpg,pseudo-label + correct (training),False,,False,False
upscaled_2299_png.rf.a92f3a5a0c2c917736fc3d0c208bec31.jpg,C:/Users/Bautista/Downloads/PrecisionSkin/Classes/Acne/upscaled_2299_png.rf.a92f3a5a0c2c917736fc3d0c208bec31.jpg,close_up_facial,train,upscaled_2299_png,pseudo-label + correct (training),False,,False,False
Acne_339.jpg,C:/Users/Bautista/Downloads/PrecisionSkin/Classes/Acne/Acne_339.jpg,close_up_facial,train,acne_339.jpg,pseudo-label + correct (training),False,,False,False
acne64.png,C:/Users/Bautista/Downloads/PrecisionSkin/Classes/Acne/acne64.png,partial_face,train,acne64.png,pseudo-label + correct (training),False,,False,False
upscaled_2753_png.rf.8ab258bb67476efd7a6364859e9ceb9a.jpg,C:/Users/Bautista/Downloads/PrecisionSkin/Classes/Acne/upscaled_2753_png.rf.8ab258bb67476efd7a6364859e9ceb9a.jpg,close_up_facial,train,upscaled_2753_png,pseudo-label + correct (training),False,,False,False
R (45).jpg,C:/Users/Bautista/Downloads/PrecisionSkin/Classes/Acne/R (45).jpg,close_up_facial,train,r (45).jpg,pseudo-label + correct (training),False,,False,False
depositphotos_325684016-stock-photo-teenage-girl-with-acne-problem_jpg.rf.15f8f88e739b2b7520eb901fcacbbb45.jpg,C:/Users/Bautista/Downloads/PrecisionSkin/Classes/Acne/depositphotos_325684016-stock-photo-teenage-girl-with-acne-problem_jpg.rf.15f8f88e739b2b7520eb901fcacbbb45.jpg,partial_face,train,depositphotos_325684016-stock-photo-teenage-girl-with-acne-problem_jpg,pseudo-label + correct (training),False,,False,False
rosacea-38_jpg.rf.0cd5494fd65b524bcdf59e4ac027d6b0.jpg,C:/Users/Bautista/Downloads/PrecisionSkin/Classes/Acne/rosacea-38_jpg.rf.0cd5494fd65b524bcdf59e4ac027d6b0.jpg,partial_face,train,rosacea-38_jpg,pseudo-label + correct (training),False,,False,False
acne-pustular-12.jpeg,C:/Users/Bautista/Downloads/PrecisionSkin/Classes/Acne/acne-pustular-12.jpeg,partial_face,train,acne-pustular-12.jpeg,pseudo-label + correct (training),True,Acne,False,True
upscaled_2659_png.rf.f652be5b30085451423cd2cf3831ecd2.jpg,C:/Users/Bautista/Downloads/PrecisionSkin/Classes/Acne/upscaled_2659_png.rf.f652be5b30085451423cd2cf3831ecd2.jpg,close_up_facial,train,upscaled_2659_png,pseudo-label + correct (training),False,,False,False
aug_157_acne-excoriated-14.jpg,C:/Users/Bautista/Downloads/PrecisionSkin/Classes/Acne/aug_157_acne-excoriated-14.jpg,partial_face,train,aug_157_acne-excoriated-14.jpg,pseudo-label + correct (training),False,,False,False
Acne_59.jpg,C:/Users/Bautista/Downloads/PrecisionSkin/Classes/Acne/Acne_59.jpg,close_up_facial,train,acne_59.jpg,pseudo-label + correct (training),False,,False,False
upscaled_2832_png.rf.c6d1ee935f836ed89bd7dfdfd0dae3dd.jpg,C:/Users/Bautista/Downloads/PrecisionSkin/Classes/Acne/upscaled_2832_png.rf.c6d1ee935f836ed89bd7dfdfd0dae3dd.jpg,close_up_facial,train,upscaled_2832_png,pseudo-label + correct (training),False,,False,False
Acne_198.jpg,C:/Users/Bautista/Downloads/PrecisionSkin/Classes/Acne/Acne_198.jpg,close_up_facial,train,acne_198.jpg,pseudo-label + correct (training),False,,False,False
aug_0_3894.jpg,C:/Users/Bautista/Downloads/PrecisionSkin/Classes/Acne/aug_0_3894.jpg,close_up_facial,train,aug_0_3894.jpg,pseudo-label + correct (training),False,,False,False
pigmentation_0_8916_jpeg.rf.81941427b65c548c4f19e3cf347dfe25.jpg,C:/Users/Bautista/Downloads/PrecisionSkin/Classes/Acne/pigmentation_0_8916_jpeg.rf.81941427b65c548c4f19e3cf347dfe25.jpg,close_up_facial,train,pigmentation_0_8916_jpeg,pseudo-label + correct (training),False,,False,False
4.jpg,C:/Users/Bautista/Downloads/PrecisionSkin/Classes/Acne/4.jpg,partial_face,train,4.jpg,pseudo-label + correct (training),False,,True,True
upscaled_767_png.rf.8ffcfaac38ca76f581271fe19077d388.jpg,C:/Users/Bautista/Downloads/PrecisionSkin/Classes/Acne/upscaled_767_png.rf.8ffcfaac38ca76f581271fe19077d388.jpg,close_up_facial,train,upscaled_767_png,pseudo-label + correct (training),False,,False,False
Acne_397.jpg,C:/Users/Bautista/Downloads/PrecisionSkin/Classes/Acne/Acne_397.jpg,close_up_facial,train,acne_397.jpg,pseudo-label + correct (training),False,,False,False
upscaled_1158_png.rf.6eba70f2ccc2fea3081b3e1ae1a87757.jpg,C:/Users/Bautista/Downloads/PrecisionSkin/Classes/Acne/upscaled_1158_png.rf.6eba70f2ccc2fea3081b3e1ae1a87757.jpg,close_up_facial,train,upscaled_1158_png,pseudo-label + correct (training),False,,False,False
pigmentation_0_7053_jpeg.rf.2dd050d52a091ad81b6d0e36a40f1915.jpg,C:/Users/Bautista/Downloads/PrecisionSkin/Classes/Acne/pigmentation_0_7053_jpeg.rf.2dd050d52a091ad81b6d0e36a40f1915.jpg,partial_face,train,pigmentation_0_7053_jpeg,pseudo-label + correct (training),False,,False,False
aug_134_acne-open-comedo-63.jpg,C:/Users/Bautista/Downloads/PrecisionSkin/Classes/Acne/aug_134_acne-open-comedo-63.jpg,close_up_facial,train,aug_134_acne-open-comedo-63.jpg,pseudo-label + correct (training),False,,False,False
upscaled_1951_png.rf.699090fd7d1ad3402efb18e14cdb3a56.jpg,C:/Users/Bautista/Downloads/PrecisionSkin/Classes/Acne/upscaled_1951_png.rf.699090fd7d1ad3402efb18e14cdb3a56.jpg,close_up_facial,train,upscaled_1951_png,pseudo-label + correct (training),False,,False,False
aug_0_96.jpg,C:/Users/Bautista/Downloads/PrecisionSkin/Classes/Acne/aug_0_96.jpg,close_up_facial,train,aug_0_96.jpg,pseudo-label + correct (training),False,,False,False
upscaled_116_png.rf.c6d566964d31a5d22bc83e402e3faad6.jpg,C:/Users/Bautista/Downloads/PrecisionSkin/Classes/Acne/upscaled_116_png.rf.c6d566964d31a5d22bc83e402e3faad6.jpg,close_up_facial,train,upscaled_116_png,pseudo-label + correct (training),False,,False,False
aug_197_acne-cystic-143.jpg,C:/Users/Bautista/Downloads/PrecisionSkin/Classes/Acne/aug_197_acne-cystic-143.jpg,full_face,train,aug_197_acne-cystic-143.jpg,pseudo-label + correct (training),False,,False,False
acne-infantile-7.jpeg,C:/Users/Bautista/Downloads/PrecisionSkin/Classes/Acne/acne-infantile-7.jpeg,close_up_facial,train,acne-infantile-7.jpeg,pseudo-label + correct (training),False,,False,False
9_JPG_jpg.rf.5cfe13d020f53f5285b792b4d18d70c1.jpg,C:/Users/Bautista/Downloads/PrecisionSkin/Classes/Acne/9_JPG_jpg.rf.5cfe13d020f53f5285b792b4d18d70c1.jpg,partial_face,train,9_jpg_jpg,pseudo-label + correct (training),False,,False,False
aug_144_acne-cystic-17.jpg,C:/Users/Bautista/Downloads/PrecisionSkin/Classes/Acne/aug_144_acne-cystic-17.jpg,close_up_facial,train,aug_144_acne-cystic-17.jpg,pseudo-label + correct (training),False,,False,False
1.png,C:/Users/Bautista/Downloads/PrecisionSkin/Classes/Acne/1.png,partial_face,train,1.png,pseudo-label + correct (training),False,,True,True
Acne_210.jpg,C:/Users/Bautista/Downloads/PrecisionSkin/Classes/Acne/Acne_210.jpg,partial_face,train,acne_210.jpg,pseudo-label + correct (training),True,Acne,False,True
aug_63_pigmentation_0_498.jpeg,C:/Users/Bautista/Downloads/PrecisionSkin/Classes/Acne/aug_63_pigmentation_0_498.jpeg,close_up_facial,train,aug_63_pigmentation_0_498.jpeg,pseudo-label + correct (training),False,,False,False
C0024056-Acne_vulgaris_jpg.rf.c37d39adbe532761f51f1dff47f2af2b.jpg,C:/Users/Bautista/Downloads/PrecisionSkin/Classes/Acne/C0024056-Acne_vulgaris_jpg.rf.c37d39adbe532761f51f1dff47f2af2b.jpg,partial_face,train,c0024056-acne_vulgaris_jpg,pseudo-label + correct (training),False,,False,False
upscaled_44_png.rf.f80e075b7be2185f565eeba0032e84da.jpg,C:/Users/Bautista/Downloads/PrecisionSkin/Classes/Acne/upscaled_44_png.rf.f80e075b7be2185f565eeba0032e84da.jpg,close_up_facial,train,upscaled_44_png,pseudo-label + correct (training),False,,False,False
levle1_94_jpg.rf.17493435555012345b20bd656f9c49ab.jpg,C:/Users/Bautista/Downloads/PrecisionSkin/Classes/Acne/levle1_94_jpg.rf.17493435555012345b20bd656f9c49ab.jpg,full_face,train,levle1_94_jpg,pseudo-label + correct (training),False,,True,True
unnamed (1).jpg,C:/Users/Bautista/Downloads/PrecisionSkin/Classes/Acne/unnamed (1).jpg,partial_face,train,unnamed (1).jpg,pseudo-label + correct (training),False,,False,False
acne-face-2-19__ProtectWyJQcm90ZWN0Il0_FocusFillWzI5NCwyMjIsIngiLDFd.jpeg,C:/Users/Bautista/Downloads/PrecisionSkin/Classes/Acne/acne-face-2-19__ProtectWyJQcm90ZWN0Il0_FocusFillWzI5NCwyMjIsIngiLDFd.jpeg,close_up_facial,train,acne-face-2-19__protectwyjqcm90zwn0il0_focusfillwzi5ncwymjisingildfd.jpeg,pseudo-label + correct (training),False,,False,False
pigmentation_0_6010_jpeg.rf.6010d963c04e4cafdbfd3c7e7b3b5bcf.jpg,C:/Users/Bautista/Downloads/PrecisionSkin/Classes/Acne/pigmentation_0_6010_jpeg.rf.6010d963c04e4cafdbfd3c7e7b3b5bcf.jpg,close_up_facial,train,pigmentation_0_6010_jpeg,pseudo-label + correct (training),False,,False,False
upscaled_1067_png.rf.d9a58bbf46eb6f6c7b8e2217b3d45476.jpg,C:/Users/Bautista/Downloads/PrecisionSkin/Classes/Acne/upscaled_1067_png.rf.d9a58bbf46eb6f6c7b8e2217b3d45476.jpg,close_up_facial,train,upscaled_1067_png,pseudo-label + correct (training),False,,False,False
-7293361764788524743.png,C:/Users/Bautista/Downloads/PrecisionSkin/Classes/Acne/-7293361764788524743.png,close_up_facial,train,-7293361764788524743.png,pseudo-label + correct (training),False,,False,False
upscaled_1170_png.rf.160056d89e7e9290f5e6d77eb0a27959.jpg,C:/Users/Bautista/Downloads/PrecisionSkin/Classes/Acne/upscaled_1170_png.rf.160056d89e7e9290f5e6d77eb0a27959.jpg,close_up_facial,train,upscaled_1170_png,pseudo-label + correct (training),False,,False,False
acne-face-2-25__ProtectWyJQcm90ZWN0Il0_FocusFillWzI5NCwyMjIsIngiLDFd.jpeg,C:/Users/Bautista/Downloads/PrecisionSkin/Classes/Acne/acne-face-2-25__ProtectWyJQcm90ZWN0Il0_FocusFillWzI5NCwyMjIsIngiLDFd.jpeg,close_up_facial,train,acne-face-2-25__protectwyjqcm90zwn0il0_focusfillwzi5ncwymjisingildfd.jpeg,pseudo-label + correct (training),False,,False,False
Acne_1.jpg,C:/Users/Bautista/Downloads/PrecisionSkin/Classes/Acne/Acne_1.jpg,close_up_facial,train,acne_1.jpg,pseudo-label + correct (training),False,,False,False
upscaled_1456_png.rf.f99b309e0a53e09d971cbff1cffb277f.jpg,C:/Users/Bautista/Downloads/PrecisionSkin/Classes/Acne/upscaled_1456_png.rf.f99b309e0a53e09d971cbff1cffb277f.jpg,close_up_facial,train,upscaled_1456_png,pseudo-label + correct (training),False,,False,False
Acne_169.jpg,C:/Users/Bautista/Downloads/PrecisionSkin/Classes/Acne/Acne_169.jpg,close_up_facial,train,acne_169.jpg,pseudo-label + correct (training),False,,False,False
OIP-5-_jpg.rf.fba048ad9e103055566c2505452d055c.jpg,C:/Users/Bautista/Downloads/PrecisionSkin/Classes/Acne/OIP-5-_jpg.rf.fba048ad9e103055566c2505452d055c.jpg,close_up_facial,train,oip-5-_jpg,pseudo-label + correct (training),True,Acne,False,True
pigmentation_0_9261_jpeg.rf.3f3102176e3526caf130eff501d44cc7.jpg,C:/Users/Bautista/Downloads/PrecisionSkin/Classes/Acne/pigmentation_0_9261_jpeg.rf.3f3102176e3526caf130eff501d44cc7.jpg,partial_face,train,pigmentation_0_9261_jpeg,pseudo-label + correct (training),False,,False,False
upscaled_2626_png.rf.95c0e40e6f9ec83e18ee3f17291942eb.jpg,C:/Users/Bautista/Downloads/PrecisionSkin/Classes/Acne/upscaled_2626_png.rf.95c0e40e6f9ec83e18ee3f17291942eb.jpg,close_up_facial,train,upscaled_2626_png,pseudo-label + correct (training),False,,False,False
upscaled_806_png.rf.317ed53400f443e61794a1007347c5ec.jpg,C:/Users/Bautista/Downloads/PrecisionSkin/Classes/Acne/upscaled_806_png.rf.317ed53400f443e61794a1007347c5ec.jpg,close_up_facial,train,upscaled_806_png,pseudo-label + correct (training),False,,False,False
aug_0_401.jpg,C:/Users/Bautista/Downloads/PrecisionSkin/Classes/Acne/aug_0_401.jpg,partial_face,train,aug_0_401.jpg,pseudo-label + correct (training),False,,False,False
83avy6u56eh21_jpg.rf.5f0ef5963264e95cc3abfcb4af3929b5.jpg,C:/Users/Bautista/Downloads/PrecisionSkin/Classes/Acne/83avy6u56eh21_jpg.rf.5f0ef5963264e95cc3abfcb4af3929b5.jpg,partial_face,train,83avy6u56eh21_jpg,pseudo-label + correct (training),False,,False,False
upscaled_2337_png.rf.2f75df2191a540b41f0446e7d2cd2495.jpg,C:/Users/Bautista/Downloads/PrecisionSkin/Classes/Acne/upscaled_2337_png.rf.2f75df2191a540b41f0446e7d2cd2495.jpg,close_up_facial,train,upscaled_2337_png,pseudo-label + correct (training),False,,False,False
aug_0_3204.jpg,C:/Users/Bautista/Downloads/PrecisionSkin/Classes/Acne/aug_0_3204.jpg,close_up_facial,train,aug_0_3204.jpg,pseudo-label + correct (training),False,,False,False
upscaled_2040_png.rf.93e63d702f98aff96d74732dcb081196.jpg,C:/Users/Bautista/Downloads/PrecisionSkin/Classes/Acne/upscaled_2040_png.rf.93e63d702f98aff96d74732dcb081196.jpg,close_up_facial,train,upscaled_2040_png,pseudo-label + correct (training),False,,False,False
pigmentation_0_4053_jpeg.rf.5ea60ce82d6737a6aca1855a7769719e.jpg,C:/Users/Bautista/Downloads/PrecisionSkin/Classes/Acne/pigmentation_0_4053_jpeg.rf.5ea60ce82d6737a6aca1855a7769719e.jpg,close_up_facial,train,pigmentation_0_4053_jpeg,pseudo-label + correct (training),False,,False,False
pigmentation_0_101_jpeg.rf.d63e6fb46fdfa0a4e653c0a70e5ad14a.jpg,C:/Users/Bautista/Downloads/PrecisionSkin/Classes/Acne/pigmentation_0_101_jpeg.rf.d63e6fb46fdfa0a4e653c0a70e5ad14a.jpg,partial_face,train,pigmentation_0_101_jpeg,pseudo-label + correct (training),False,,False,False
R (11).jpg,C:/Users/Bautista/Downloads/PrecisionSkin/Classes/Acne/R (11).jpg,partial_face,train,r (11).jpg,pseudo-label + correct (training),False,,False,False
aug_67_acne-open-comedo-51.jpeg,C:/Users/Bautista/Downloads/PrecisionSkin/Classes/Acne/aug_67_acne-open-comedo-51.jpeg,close_up_facial,train,aug_67_acne-open-comedo-51.jpeg,pseudo-label + correct (training),True,Acne,False,True
2 (12).jpg,C:/Users/Bautista/Downloads/PrecisionSkin/Classes/Acne/2 (12).jpg,close_up_facial,train,2 (12).jpg,pseudo-label + correct (training),True,Acne,False,True
aug_91_pigmentation_0_2567.jpeg,C:/Users/Bautista/Downloads/PrecisionSkin/Classes/Acne/aug_91_pigmentation_0_2567.jpeg,close_up_facial,train,aug_91_pigmentation_0_2567.jpeg,pseudo-label + correct (training),False,,False,False
pigmentation_0_8366_jpeg.rf.7cbd597155d05ef249cc2b3700291e88.jpg,C:/Users/Bautista/Downloads/PrecisionSkin/Classes/Acne/pigmentation_0_8366_jpeg.rf.7cbd597155d05ef249cc2b3700291e88.jpg,partial_face,train,pigmentation_0_8366_jpeg,pseudo-label + correct (training),False,,False,False
aug_156_pigmentation_0_1724.jpeg,C:/Users/Bautista/Downloads/PrecisionSkin/Classes/Acne/aug_156_pigmentation_0_1724.jpeg,partial_face,train,aug_156_pigmentation_0_1724.jpeg,pseudo-label + correct (training),False,,False,False
pigmentation_0_1090_jpeg.rf.f59cf43ed043814373773ec7294d9ff6.jpg,C:/Users/Bautista/Downloads/PrecisionSkin/Classes/Acne/pigmentation_0_1090_jpeg.rf.f59cf43ed043814373773ec7294d9ff6.jpg,partial_face,train,pigmentation_0_1090_jpeg,pseudo-label + correct (training),False,,False,False
upscaled_1801_png.rf.6dce3079525b2a5566f167a46f7a14ac.jpg,C:/Users/Bautista/Downloads/PrecisionSkin/Classes/Acne/upscaled_1801_png.rf.6dce3079525b2a5566f167a46f7a14ac.jpg,close_up_facial,train,upscaled_1801_png,pseudo-label + correct (training),False,,False,False
acne-face-41__ProtectWyJQcm90ZWN0Il0_FocusFillWzI5NCwyMjIsIngiLDFd.jpeg,C:/Users/Bautista/Downloads/PrecisionSkin/Classes/Acne/acne-face-41__ProtectWyJQcm90ZWN0Il0_FocusFillWzI5NCwyMjIsIngiLDFd.jpeg,close_up_facial,train,acne-face-41__protectwyjqcm90zwn0il0_focusfillwzi5ncwymjisingildfd.jpeg,pseudo-label + correct (training),True,Acne,False,True
aug_0_3214.jpg,C:/Users/Bautista/Downloads/PrecisionSkin/Classes/Acne/aug_0_3214.jpg,partial_face,train,aug_0_3214.jpg,pseudo-label + correct (training),False,,False,False
527434_m1-Copy_jpg.rf.5b008b6b3a55a9e9d6531b56ca67128c.jpg,C:/Users/Bautista/Downloads/PrecisionSkin/Classes/Acne/527434_m1-Copy_jpg.rf.5b008b6b3a55a9e9d6531b56ca67128c.jpg,partial_face,train,527434_m1-copy_jpg,pseudo-label + correct (training),False,,False,False
acne-closed-comedo-15.jpg,C:/Users/Bautista/Downloads/PrecisionSkin/Classes/Acne/acne-closed-comedo-15.jpg,close_up_facial,train,acne-closed-comedo-15.jpg,pseudo-label + correct (training),False,,False,False
aug_0_421.jpg,C:/Users/Bautista/Downloads/PrecisionSkin/Classes/Acne/aug_0_421.jpg,partial_face,train,aug_0_421.jpg,pseudo-label + correct (training),False,,False,False
acne-cystic-3_jpg.rf.68a6f2977a857f1949811df305bc188a.jpg,C:/Users/Bautista/Downloads/PrecisionSkin/Classes/Acne/acne-cystic-3_jpg.rf.68a6f2977a857f1949811df305bc188a.jpg,partial_face,train,acne-cystic-3_jpg,pseudo-label + correct (training),False,,False,False
upscaled_1088_png.rf.1da081da5da55f1933bb417b5a231df1.jpg,C:/Users/Bautista/Downloads/PrecisionSkin/Classes/Acne/upscaled_1088_png.rf.1da081da5da55f1933bb417b5a231df1.jpg,close_up_facial,train,upscaled_1088_png,pseudo-label + correct (training),False,,False,False
Acne_336.jpg,C:/Users/Bautista/Downloads/PrecisionSkin/Classes/Acne/Acne_336.jpg,close_up_facial,train,acne_336.jpg,pseudo-label + correct (training),False,,False,False
pigmentation_0_8262_jpeg.rf.edbd211455ed2b2448c232f9aeb077c6.jpg,C:/Users/Bautista/Downloads/PrecisionSkin/Classes/Acne/pigmentation_0_8262_jpeg.rf.edbd211455ed2b2448c232f9aeb077c6.jpg,full_face,train,pigmentation_0_8262_jpeg,pseudo-label + correct (training),False,,False,False
pigmentation_0_9099_jpeg.rf.785ea3119e56643d3b8bd3afcb485bb5.jpg,C:/Users/Bautista/Downloads/PrecisionSkin/Classes/Acne/pigmentation_0_9099_jpeg.rf.785ea3119e56643d3b8bd3afcb485bb5.jpg,partial_face,train,pigmentation_0_9099_jpeg,pseudo-label + correct (training),False,,False,False
aug_65_gallery_174730_14272_301089.jpg,C:/Users/Bautista/Downloads/PrecisionSkin/Classes/Acne/aug_65_gallery_174730_14272_301089.jpg,partial_face,train,aug_65_gallery_174730_14272_301089.jpg,pseudo-label + correct (training),False,,False,False
maxresdefault-4-_jpg.rf.a195630447b90e1498416b981e288812.jpg,C:/Users/Bautista/Downloads/PrecisionSkin/Classes/Acne/maxresdefault-4-_jpg.rf.a195630447b90e1498416b981e288812.jpg,partial_face,train,maxresdefault-4-_jpg,pseudo-label + correct (training),True,Acne,False,True
pigmentation_0_3528.jpeg,C:/Users/Bautista/Downloads/PrecisionSkin/Classes/Acne/pigmentation_0_3528.jpeg,close_up_facial,train,pigmentation_0_3528.jpeg,pseudo-label + correct (training),False,,False,False
acne-infantile-2.jpeg,C:/Users/Bautista/Downloads/PrecisionSkin/Classes/Acne/acne-infantile-2.jpeg,partial_face,train,acne-infantile-2.jpeg,pseudo-label + correct (training),False,,False,False
2-12-11_jpeg.rf.e0d7e104304709b684779dd3837094b6.jpg,C:/Users/Bautista/Downloads/PrecisionSkin/Classes/Acne/2-12-11_jpeg.rf.e0d7e104304709b684779dd3837094b6.jpg,close_up_facial,train,2-12-11_jpeg,pseudo-label + correct (training),True,Acne,False,True
upscaled_1136_png.rf.df07a11661f3a73a3f962ca93876760e.jpg,C:/Users/Bautista/Downloads/PrecisionSkin/Classes/Acne/upscaled_1136_png.rf.df07a11661f3a73a3f962ca93876760e.jpg,close_up_facial,train,upscaled_1136_png,pseudo-label + correct (training),False,,False,False
pigmentation_0_9804_jpeg.rf.586e9bb769664868bf2aa44c6dd0b550.jpg,C:/Users/Bautista/Downloads/PrecisionSkin/Classes/Acne/pigmentation_0_9804_jpeg.rf.586e9bb769664868bf2aa44c6dd0b550.jpg,partial_face,train,pigmentation_0_9804_jpeg,pseudo-label + correct (training),False,,False,False
aug_0_3295.jpg,C:/Users/Bautista/Downloads/PrecisionSkin/Classes/Acne/aug_0_3295.jpg,partial_face,train,aug_0_3295.jpg,pseudo-label + correct (training),False,,False,False
aug_0_2749.jpg,C:/Users/Bautista/Downloads/PrecisionSkin/Classes/Acne/aug_0_2749.jpg,close_up_facial,train,aug_0_2749.jpg,pseudo-label + correct (training),False,,False,False
aug_0_7597.jpg,C:/Users/Bautista/Downloads/PrecisionSkin/Classes/Acne/aug_0_7597.jpg,close_up_facial,train,aug_0_7597.jpg,pseudo-label + correct (training),False,,False,False
rosacea-15_jpg.rf.11e0bb319da1afca78a1fb7bd3d0af96.jpg,C:/Users/Bautista/Downloads/PrecisionSkin/Classes/Acne/rosacea-15_jpg.rf.11e0bb319da1afca78a1fb7bd3d0af96.jpg,close_up_facial,train,rosacea-15_jpg,pseudo-label + correct (training),False,,False,False
upscaled_1370_png.rf.1e5d6cfe94200314504edc23a3907a6a.jpg,C:/Users/Bautista/Downloads/PrecisionSkin/Classes/Acne/upscaled_1370_png.rf.1e5d6cfe94200314504edc23a3907a6a.jpg,partial_face,train,upscaled_1370_png,pseudo-label + correct (training),False,,False,False
acne-face-10-1__ProtectWyJQcm90ZWN0Il0_FocusFillWzI5NCwyMjIsInkiLDg1XQ.jpeg,C:/Users/Bautista/Downloads/PrecisionSkin/Classes/Acne/acne-face-10-1__ProtectWyJQcm90ZWN0Il0_FocusFillWzI5NCwyMjIsInkiLDg1XQ.jpeg,close_up_facial,train,acne-face-10-1__protectwyjqcm90zwn0il0_focusfillwzi5ncwymjisinkildg1xq.jpeg,pseudo-label + correct (training),False,,False,False
aug_112_pigmentation_0_4762.jpeg,C:/Users/Bautista/Downloads/PrecisionSkin/Classes/Acne/aug_112_pigmentation_0_4762.jpeg,close_up_facial,train,aug_112_pigmentation_0_4762.jpeg,pseudo-label + correct (training),False,,False,False
evolv_gallery-zoskin-patient4-before-2.png,C:/Users/Bautista/Downloads/PrecisionSkin/Classes/Acne/evolv_gallery-zoskin-patient4-before-2.png,partial_face,train,evolv_gallery-zoskin-patient4-before-2.png,pseudo-label + correct (training),False,,False,False
upscaled_655_png.rf.c3ac254328e0ce605f2d8e371cca5374.jpg,C:/Users/Bautista/Downloads/PrecisionSkin/Classes/Acne/upscaled_655_png.rf.c3ac254328e0ce605f2d8e371cca5374.jpg,close_up_facial,train,upscaled_655_png,pseudo-label + correct (training),False,,False,False
pigmentation_0_2136_jpeg.rf.c0e27b957d9dcaa5c936d7f4518e6a16.jpg,C:/Users/Bautista/Downloads/PrecisionSkin/Classes/Acne/pigmentation_0_2136_jpeg.rf.c0e27b957d9dcaa5c936d7f4518e6a16.jpg,partial_face,train,pigmentation_0_2136_jpeg,pseudo-label + correct (training),False,,False,False
upscaled_1976_png.rf.fc24816791c1f11152c8063832682a1b.jpg,C:/Users/Bautista/Downloads/PrecisionSkin/Classes/Acne/upscaled_1976_png.rf.fc24816791c1f11152c8063832682a1b.jpg,close_up_facial,train,upscaled_1976_png,pseudo-label + correct (training),False,,False,False
pigmentation_0_7263_jpeg.rf.03a37bbd108de2d818b3e100c0005c1c.jpg,C:/Users/Bautista/Downloads/PrecisionSkin/Classes/Acne/pigmentation_0_7263_jpeg.rf.03a37bbd108de2d818b3e100c0005c1c.jpg,partial_face,train,pigmentation_0_7263_jpeg,pseudo-label + correct (training),False,,False,False
-846461394306431814.png,C:/Users/Bautista/Downloads/PrecisionSkin/Classes/Acne/-846461394306431814.png,partial_face,train,-846461394306431814.png,pseudo-label + correct (training),False,,False,False
pigmentation_0_9275_jpeg.rf.1abee0d3ed8322972a1eaee6a4f83f03.jpg,C:/Users/Bautista/Downloads/PrecisionSkin/Classes/Acne/pigmentation_0_9275_jpeg.rf.1abee0d3ed8322972a1eaee6a4f83f03.jpg,partial_face,train,pigmentation_0_9275_jpeg,pseudo-label + correct (training),False,,False,False
Acne_128.jpg,C:/Users/Bautista/Downloads/PrecisionSkin/Classes/Acne/Acne_128.jpg,close_up_facial,train,acne_128.jpg,pseudo-label + correct (training),False,,False,False
Acne_56.jpg,C:/Users/Bautista/Downloads/PrecisionSkin/Classes/Acne/Acne_56.jpg,close_up_facial,train,acne_56.jpg,pseudo-label + correct (training),False,,False,False
6f47313bb4aa44647c80e46385336467 - Copy.jpg,C:/Users/Bautista/Downloads/PrecisionSkin/Classes/Acne/6f47313bb4aa44647c80e46385336467 - Copy.jpg,partial_face,train,6f47313bb4aa44647c80e46385336467 - copy.jpg,pseudo-label + correct (training),False,,False,False
aug_0_7235.jpg,C:/Users/Bautista/Downloads/PrecisionSkin/Classes/Acne/aug_0_7235.jpg,close_up_facial,train,aug_0_7235.jpg,pseudo-label + correct (training),False,,False,False
OIP (29).jpg,C:/Users/Bautista/Downloads/PrecisionSkin/Classes/Acne/OIP (29).jpg,close_up_facial,train,oip (29).jpg,pseudo-label + correct (training),False,,False,False
Acne_180.jpg,C:/Users/Bautista/Downloads/PrecisionSkin/Classes/Acne/Acne_180.jpg,close_up_facial,train,acne_180.jpg,pseudo-label + correct (training),False,,False,False
acne168.png,C:/Users/Bautista/Downloads/PrecisionSkin/Classes/Acne/acne168.png,close_up_facial,train,acne168.png,pseudo-label + correct (training),False,,False,False
Acne_45.jpg,C:/Users/Bautista/Downloads/PrecisionSkin/Classes/Acne/Acne_45.jpg,close_up_facial,train,acne_45.jpg,pseudo-label + correct (training),False,,False,False
8175644255989677430.png,C:/Users/Bautista/Downloads/PrecisionSkin/Classes/Acne/8175644255989677430.png,close_up_facial,train,8175644255989677430.png,pseudo-label + correct (training),False,,False,False
aug_194_51.png,C:/Users/Bautista/Downloads/PrecisionSkin/Classes/Acne/aug_194_51.png,close_up_facial,train,aug_194_51.png,pseudo-label + correct (training),False,,False,False
pigmentation_0_8122_jpeg.rf.51a4a099a19fbb8d06fdac52aa993c9e.jpg,C:/Users/Bautista/Downloads/PrecisionSkin/Classes/Acne/pigmentation_0_8122_jpeg.rf.51a4a099a19fbb8d06fdac52aa993c9e.jpg,close_up_facial,train,pigmentation_0_8122_jpeg,pseudo-label + correct (training),False,,False,False
acne-face-76__ProtectWyJQcm90ZWN0Il0_FocusFillWzI5NCwyMjIsIngiLDFd.jpeg,C:/Users/Bautista/Downloads/PrecisionSkin/Classes/Acne/acne-face-76__ProtectWyJQcm90ZWN0Il0_FocusFillWzI5NCwyMjIsIngiLDFd.jpeg,close_up_facial,train,acne-face-76__protectwyjqcm90zwn0il0_focusfillwzi5ncwymjisingildfd.jpeg,pseudo-label + correct (training),False,,False,False
perioral-dermatitis-26_jpg.rf.8742f3f299868535318ed043a5ca79db.jpg,C:/Users/Bautista/Downloads/PrecisionSkin/Classes/Acne/perioral-dermatitis-26_jpg.rf.8742f3f299868535318ed043a5ca79db.jpg,close_up_facial,train,perioral-dermatitis-26_jpg,pseudo-label + correct (training),False,,False,False
upscaled_376_png.rf.cd42eb0e95f7cefbf2db684e01ab3cac.jpg,C:/Users/Bautista/Downloads/PrecisionSkin/Classes/Acne/upscaled_376_png.rf.cd42eb0e95f7cefbf2db684e01ab3cac.jpg,close_up_facial,train,upscaled_376_png,pseudo-label + correct (training),False,,False,False
pigmentation_0_1229.jpeg,C:/Users/Bautista/Downloads/PrecisionSkin/Classes/Acne/pigmentation_0_1229.jpeg,close_up_facial,train,pigmentation_0_1229.jpeg,pseudo-label + correct (training),False,,False,False
upscaled_1875_png.rf.bb181f07569d2efe0fbe34433194bb8d.jpg,C:/Users/Bautista/Downloads/PrecisionSkin/Classes/Acne/upscaled_1875_png.rf.bb181f07569d2efe0fbe34433194bb8d.jpg,close_up_facial,train,upscaled_1875_png,pseudo-label + correct (training),False,,False,False
aug_53_28.png,C:/Users/Bautista/Downloads/PrecisionSkin/Classes/Acne/aug_53_28.png,partial_face,train,aug_53_28.png,pseudo-label + correct (training),False,,False,False
acne-closed-comedo-28_jpg.rf.68d73e7b02f75dca9eb3d52d154ce9cb.jpg,C:/Users/Bautista/Downloads/PrecisionSkin/Classes/Acne/acne-closed-comedo-28_jpg.rf.68d73e7b02f75dca9eb3d52d154ce9cb.jpg,partial_face,train,acne-closed-comedo-28_jpg,pseudo-label + correct (training),False,,False,False
acne-face-2-28__ProtectWyJQcm90ZWN0Il0_FocusFillWzI5NCwyMjIsIngiLDFd.jpeg,C:/Users/Bautista/Downloads/PrecisionSkin/Classes/Acne/acne-face-2-28__ProtectWyJQcm90ZWN0Il0_FocusFillWzI5NCwyMjIsIngiLDFd.jpeg,close_up_facial,train,acne-face-2-28__protectwyjqcm90zwn0il0_focusfillwzi5ncwymjisingildfd.jpeg,pseudo-label + correct (training),False,,False,False
upscaled_274_png.rf.8f38567a1ee93276402a2a729615ace9.jpg,C:/Users/Bautista/Downloads/PrecisionSkin/Classes/Acne/upscaled_274_png.rf.8f38567a1ee93276402a2a729615ace9.jpg,close_up_facial,train,upscaled_274_png,pseudo-label + correct (training),False,,False,False
acne34.png,C:/Users/Bautista/Downloads/PrecisionSkin/Classes/Acne/acne34.png,partial_face,train,acne34.png,pseudo-label + correct (training),False,,False,False
f7d8df8c60aa6b73bc15a59ad57c79a5_jpg.rf.6a7cfd521c8fd4f242c37bad659451e4.jpg,C:/Users/Bautista/Downloads/PrecisionSkin/Classes/Acne/f7d8df8c60aa6b73bc15a59ad57c79a5_jpg.rf.6a7cfd521c8fd4f242c37bad659451e4.jpg,close_up_facial,train,f7d8df8c60aa6b73bc15a59ad57c79a5_jpg,pseudo-label + correct (training),False,,False,False
upscaled_764_png.rf.1d3f03c65b9fb3fbc38166533a023b79.jpg,C:/Users/Bautista/Downloads/PrecisionSkin/Classes/Acne/upscaled_764_png.rf.1d3f03c65b9fb3fbc38166533a023b79.jpg,close_up_facial,train,upscaled_764_png,pseudo-label + correct (training),False,,False,False
upscaled_2090_png.rf.bc775372509e3cc89981284b0e8a88d6.jpg,C:/Users/Bautista/Downloads/PrecisionSkin/Classes/Acne/upscaled_2090_png.rf.bc775372509e3cc89981284b0e8a88d6.jpg,close_up_facial,train,upscaled_2090_png,pseudo-label + correct (training),False,,False,False
aug_131_acne-268-v2__ProtectWyJQcm90ZWN0Il0_FocusFillWzI5NCwyMjIsIngiLDFd.jpeg,C:/Users/Bautista/Downloads/PrecisionSkin/Classes/Acne/aug_131_acne-268-v2__ProtectWyJQcm90ZWN0Il0_FocusFillWzI5NCwyMjIsIngiLDFd.jpeg,partial_face,train,aug_131_acne-268-v2__protectwyjqcm90zwn0il0_focusfillwzi5ncwymjisingildfd.jpeg,pseudo-label + correct (training),False,,False,False
acne-closed-comedo-29_jpg.rf.c5dc3bfd64341c4478f14a79c5400fab.jpg,C:/Users/Bautista/Downloads/PrecisionSkin/Classes/Acne/acne-closed-comedo-29_jpg.rf.c5dc3bfd64341c4478f14a79c5400fab.jpg,close_up_facial,train,acne-closed-comedo-29_jpg,pseudo-label + correct (training),False,,False,False
aug_0_7837.jpg,C:/Users/Bautista/Downloads/PrecisionSkin/Classes/Acne/aug_0_7837.jpg,close_up_facial,train,aug_0_7837.jpg,pseudo-label + correct (training),False,,False,False
aug_0_725.jpg,C:/Users/Bautista/Downloads/PrecisionSkin/Classes/Acne/aug_0_725.jpg,close_up_facial,train,aug_0_725.jpg,pseudo-label + correct (training),False,,False,False
acne-closed-comedo-21 - Copy.jpg,C:/Users/Bautista/Downloads/PrecisionSkin/Classes/Acne/acne-closed-comedo-21 - Copy.jpg,partial_face,train,acne-closed-comedo-21 - copy.jpg,pseudo-label + correct (training),True,Acne,False,True
upscaled_2452_png.rf.71e486aa7befa5af494df35dafd3e908.jpg,C:/Users/Bautista/Downloads/PrecisionSkin/Classes/Acne/upscaled_2452_png.rf.71e486aa7befa5af494df35dafd3e908.jpg,close_up_facial,train,upscaled_2452_png,pseudo-label + correct (training),False,,False,False
C0024056-Acne_vulgaris.jpg,C:/Users/Bautista/Downloads/PrecisionSkin/Classes/Acne/C0024056-Acne_vulgaris.jpg,partial_face,train,c0024056-acne_vulgaris.jpg,pseudo-label + correct (training),False,,False,False
upscaled_1958_png.rf.8e73de317a5d536bda536b0bf513463e.jpg,C:/Users/Bautista/Downloads/PrecisionSkin/Classes/Acne/upscaled_1958_png.rf.8e73de317a5d536bda536b0bf513463e.jpg,close_up_facial,train,upscaled_1958_png,pseudo-label + correct (training),False,,False,False
R-14-_jpg.rf.1a29ddd7a406f4619cc05397c711e529.jpg,C:/Users/Bautista/Downloads/PrecisionSkin/Classes/Acne/R-14-_jpg.rf.1a29ddd7a406f4619cc05397c711e529.jpg,partial_face,train,r-14-_jpg,pseudo-label + correct (training),False,,False,False
upscaled_2634_png.rf.002ec4a66bab3f226d966bd12a6028c8.jpg,C:/Users/Bautista/Downloads/PrecisionSkin/Classes/Acne/upscaled_2634_png.rf.002ec4a66bab3f226d966bd12a6028c8.jpg,close_up_facial,train,upscaled_2634_png,pseudo-label + correct (training),False,,False,False
upscaled_2616_png.rf.2bad8acd0327e4801f8fb63bf0e65459.jpg,C:/Users/Bautista/Downloads/PrecisionSkin/Classes/Acne/upscaled_2616_png.rf.2bad8acd0327e4801f8fb63bf0e65459.jpg,close_up_facial,train,upscaled_2616_png,pseudo-label + correct (training),False,,False,False
pigmentation_0_3184_jpeg.rf.72c844e88a398296e4b99cf0aa99f816.jpg,C:/Users/Bautista/Downloads/PrecisionSkin/Classes/Acne/pigmentation_0_3184_jpeg.rf.72c844e88a398296e4b99cf0aa99f816.jpg,partial_face,train,pigmentation_0_3184_jpeg,pseudo-label + correct (training),False,,False,False
acne-face-2-8__ProtectWyJQcm90ZWN0Il0_FocusFillWzI5NCwyMjIsIngiLDFd_jpg.rf.5f86ab162fd061d8956a67455018a1f7.jpg,C:/Users/Bautista/Downloads/PrecisionSkin/Classes/Acne/acne-face-2-8__ProtectWyJQcm90ZWN0Il0_FocusFillWzI5NCwyMjIsIngiLDFd_jpg.rf.5f86ab162fd061d8956a67455018a1f7.jpg,close_up_facial,train,acne-face-2-8__protectwyjqcm90zwn0il0_focusfillwzi5ncwymjisingildfd_jpg,pseudo-label + correct (training),False,,False,False
362f516bc2be4f01904fb2950eb700f41_png.rf.20d0cbac43ba0d8c81d896d6590dd094.jpg,C:/Users/Bautista/Downloads/PrecisionSkin/Classes/Acne/362f516bc2be4f01904fb2950eb700f41_png.rf.20d0cbac43ba0d8c81d896d6590dd094.jpg,partial_face,train,362f516bc2be4f01904fb2950eb700f41_png,pseudo-label + correct (training),False,,False,False
acne-face-2-36__ProtectWyJQcm90ZWN0Il0_FocusFillWzI5NCwyMjIsIngiLDFd.jpeg,C:/Users/Bautista/Downloads/PrecisionSkin/Classes/Acne/acne-face-2-36__ProtectWyJQcm90ZWN0Il0_FocusFillWzI5NCwyMjIsIngiLDFd.jpeg,partial_face,train,acne-face-2-36__protectwyjqcm90zwn0il0_focusfillwzi5ncwymjisingildfd.jpeg,pseudo-label + correct (training),True,Acne,False,True
-7560225418262401613.png,C:/Users/Bautista/Downloads/PrecisionSkin/Classes/Acne/-7560225418262401613.png,close_up_facial,train,-7560225418262401613.png,pseudo-label + correct (training),False,,False,False
upscaled_715_png.rf.b2644930e4184bb567bd7d00e2d98850.jpg,C:/Users/Bautista/Downloads/PrecisionSkin/Classes/Acne/upscaled_715_png.rf.b2644930e4184bb567bd7d00e2d98850.jpg,close_up_facial,train,upscaled_715_png,pseudo-label + correct (training),False,,False,False
How-I-Cleared-My-Acne.png,C:/Users/Bautista/Downloads/PrecisionSkin/Classes/Acne/How-I-Cleared-My-Acne.png,partial_face,train,how-i-cleared-my-acne.png,pseudo-label + correct (training),False,,False,False
aug_119_pigmentation_0_435.jpeg,C:/Users/Bautista/Downloads/PrecisionSkin/Classes/Acne/aug_119_pigmentation_0_435.jpeg,partial_face,train,aug_119_pigmentation_0_435.jpeg,pseudo-label + correct (training),False,,False,False
aug_173_pigmentation_0_3018.jpeg,C:/Users/Bautista/Downloads/PrecisionSkin/Classes/Acne/aug_173_pigmentation_0_3018.jpeg,close_up_facial,train,aug_173_pigmentation_0_3018.jpeg,pseudo-label + correct (training),False,,False,False
acne-excoriated-13_jpg.rf.98e0a4f6e44ad8cd3900aaec96ca5c56.jpg,C:/Users/Bautista/Downloads/PrecisionSkin/Classes/Acne/acne-excoriated-13_jpg.rf.98e0a4f6e44ad8cd3900aaec96ca5c56.jpg,partial_face,train,acne-excoriated-13_jpg,pseudo-label + correct (training),True,Acne,False,True
upscaled_1027_png.rf.92cec5dfb8b07d27739c5252f052bf55.jpg,C:/Users/Bautista/Downloads/PrecisionSkin/Classes/Acne/upscaled_1027_png.rf.92cec5dfb8b07d27739c5252f052bf55.jpg,partial_face,train,upscaled_1027_png,pseudo-label + correct (training),False,,False,False
aug_0_6631.jpg,C:/Users/Bautista/Downloads/PrecisionSkin/Classes/Acne/aug_0_6631.jpg,close_up_facial,train,aug_0_6631.jpg,pseudo-label + correct (training),False,,False,False
upscaled_87_png.rf.9c46207cf6af61c6f298b025416da660.jpg,C:/Users/Bautista/Downloads/PrecisionSkin/Classes/Acne/upscaled_87_png.rf.9c46207cf6af61c6f298b025416da660.jpg,close_up_facial,train,upscaled_87_png,pseudo-label + correct (training),False,,False,False
Acne_14.jpg,C:/Users/Bautista/Downloads/PrecisionSkin/Classes/Acne/Acne_14.jpg,close_up_facial,train,acne_14.jpg,pseudo-label + correct (training),False,,False,False
aug_218_182.JPG,C:/Users/Bautista/Downloads/PrecisionSkin/Classes/Acne/aug_218_182.JPG,partial_face,train,aug_218_182.jpg,pseudo-label + correct (training),False,,False,False
pigmentation_0_5230_jpeg.rf.5f5f7635d1f8df8d90e24bcd5c33f9e2.jpg,C:/Users/Bautista/Downloads/PrecisionSkin/Classes/Acne/pigmentation_0_5230_jpeg.rf.5f5f7635d1f8df8d90e24bcd5c33f9e2.jpg,close_up_facial,train,pigmentation_0_5230_jpeg,pseudo-label + correct (training),False,,False,False
Acne_391.jpg,C:/Users/Bautista/Downloads/PrecisionSkin/Classes/Acne/Acne_391.jpg,close_up_facial,train,acne_391.jpg,pseudo-label + correct (training),False,,False,False
aug_0_3147.jpg,C:/Users/Bautista/Downloads/PrecisionSkin/Classes/Acne/aug_0_3147.jpg,close_up_facial,train,aug_0_3147.jpg,pseudo-label + correct (training),False,,False,False
How-I-Cleared-My-Acne_png.rf.9893e577fb722470582ad47e9072b5f6.jpg,C:/Users/Bautista/Downloads/PrecisionSkin/Classes/Acne/How-I-Cleared-My-Acne_png.rf.9893e577fb722470582ad47e9072b5f6.jpg,partial_face,train,how-i-cleared-my-acne_png,pseudo-label + correct (training),False,,False,False
aug_264_acne-089-v2__ProtectWyJQcm90ZWN0Il0_FocusFillWzI5NCwyMjIsIngiLDFd.jpeg,C:/Users/Bautista/Downloads/PrecisionSkin/Classes/Acne/aug_264_acne-089-v2__ProtectWyJQcm90ZWN0Il0_FocusFillWzI5NCwyMjIsIngiLDFd.jpeg,partial_face,train,aug_264_acne-089-v2__protectwyjqcm90zwn0il0_focusfillwzi5ncwymjisingildfd.jpeg,pseudo-label + correct (training),False,,False,False
Acne_338.jpg,C:/Users/Bautista/Downloads/PrecisionSkin/Classes/Acne/Acne_338.jpg,close_up_facial,train,acne_338.jpg,pseudo-label + correct (training),False,,False,False
Acne_133.jpg,C:/Users/Bautista/Downloads/PrecisionSkin/Classes/Acne/Acne_133.jpg,close_up_facial,train,acne_133.jpg,pseudo-label + correct (training),False,,False,False
pigmentation_0_2103_jpeg.rf.45d54034e1f2e3aa2efb1ffac79a44e1.jpg,C:/Users/Bautista/Downloads/PrecisionSkin/Classes/Acne/pigmentation_0_2103_jpeg.rf.45d54034e1f2e3aa2efb1ffac79a44e1.jpg,partial_face,train,pigmentation_0_2103_jpeg,pseudo-label + correct (training),False,,False,False
acne-face-13-1__ProtectWyJQcm90ZWN0Il0_FocusFillWzI5NCwyMjIsIngiLDFd_jpg.rf.f0927866601c8641f4af188b4012821f.jpg,C:/Users/Bautista/Downloads/PrecisionSkin/Classes/Acne/acne-face-13-1__ProtectWyJQcm90ZWN0Il0_FocusFillWzI5NCwyMjIsIngiLDFd_jpg.rf.f0927866601c8641f4af188b4012821f.jpg,close_up_facial,train,acne-face-13-1__protectwyjqcm90zwn0il0_focusfillwzi5ncwymjisingildfd_jpg,pseudo-label + correct (training),False,,False,False
upscaled_754_png.rf.8f7cf7191e38e0a34a02636c85b31148.jpg,C:/Users/Bautista/Downloads/PrecisionSkin/Classes/Acne/upscaled_754_png.rf.8f7cf7191e38e0a34a02636c85b31148.jpg,close_up_facial,train,upscaled_754_png,pseudo-label + correct (training),False,,False,False
upscaled_2561_png.rf.86828888ccdb58da32e03fbe21c24930.jpg,C:/Users/Bautista/Downloads/PrecisionSkin/Classes/Acne/upscaled_2561_png.rf.86828888ccdb58da32e03fbe21c24930.jpg,close_up_facial,train,upscaled_2561_png,pseudo-label + correct (training),False,,False,False
-2257696006675300248.png,C:/Users/Bautista/Downloads/PrecisionSkin/Classes/Acne/-2257696006675300248.png,close_up_facial,train,-2257696006675300248.png,pseudo-label + correct (training),False,,False,False
aug_197_How-I-Cleared-My-Acne.png,C:/Users/Bautista/Downloads/PrecisionSkin/Classes/Acne/aug_197_How-I-Cleared-My-Acne.png,partial_face,train,aug_197_how-i-cleared-my-acne.png,pseudo-label + correct (training),False,,False,False
upscaled_2654_png.rf.382b739d25de3c47edc85291c593e3fa.jpg,C:/Users/Bautista/Downloads/PrecisionSkin/Classes/Acne/upscaled_2654_png.rf.382b739d25de3c47edc85291c593e3fa.jpg,close_up_facial,train,upscaled_2654_png,pseudo-label + correct (training),False,,False,False
aug_0_2244.jpg,C:/Users/Bautista/Downloads/PrecisionSkin/Classes/Acne/aug_0_2244.jpg,close_up_facial,train,aug_0_2244.jpg,pseudo-label + correct (training),False,,False,False
Acne_235.jpg,C:/Users/Bautista/Downloads/PrecisionSkin/Classes/Acne/Acne_235.jpg,close_up_facial,train,acne_235.jpg,pseudo-label + correct (training),False,,False,False
upscaled_448_png.rf.bfaf1327ae90dc29dd67acc36bad170d.jpg,C:/Users/Bautista/Downloads/PrecisionSkin/Classes/Acne/upscaled_448_png.rf.bfaf1327ae90dc29dd67acc36bad170d.jpg,close_up_facial,train,upscaled_448_png,pseudo-label + correct (training),False,,False,False
pic_174_jpeg_jpg.rf.cb86fc39842345db0c4cb323813f1a7f.jpg,C:/Users/Bautista/Downloads/PrecisionSkin/Classes/Acne/pic_174_jpeg_jpg.rf.cb86fc39842345db0c4cb323813f1a7f.jpg,close_up_facial,train,pic_174_jpeg_jpg,pseudo-label + correct (training),False,,False,False
upscaled_742_png.rf.bb88fd8fc1def8e58029a13a20991d17.jpg,C:/Users/Bautista/Downloads/PrecisionSkin/Classes/Acne/upscaled_742_png.rf.bb88fd8fc1def8e58029a13a20991d17.jpg,close_up_facial,train,upscaled_742_png,pseudo-label + correct (training),False,,False,False
aug_0_575.jpg,C:/Users/Bautista/Downloads/PrecisionSkin/Classes/Acne/aug_0_575.jpg,close_up_facial,train,aug_0_575.jpg,pseudo-label + correct (training),False,,False,False
acne-face-1-4__ProtectWyJQcm90ZWN0Il0_FocusFillWzI5NCwyMjIsIngiLDFd_jpg.rf.3bbeb5f2ff95d42f0da3b3f4de0ce14e.jpg,C:/Users/Bautista/Downloads/PrecisionSkin/Classes/Acne/acne-face-1-4__ProtectWyJQcm90ZWN0Il0_FocusFillWzI5NCwyMjIsIngiLDFd_jpg.rf.3bbeb5f2ff95d42f0da3b3f4de0ce14e.jpg,partial_face,train,acne-face-1-4__protectwyjqcm90zwn0il0_focusfillwzi5ncwymjisingildfd_jpg,pseudo-label + correct (training),False,,False,False
upscaled_2213_png.rf.ff20b68e89b40a3c24c602d7cc8a6440.jpg,C:/Users/Bautista/Downloads/PrecisionSkin/Classes/Acne/upscaled_2213_png.rf.ff20b68e89b40a3c24c602d7cc8a6440.jpg,close_up_facial,train,upscaled_2213_png,pseudo-label + correct (training),False,,False,False
aug_0_8779.jpg,C:/Users/Bautista/Downloads/PrecisionSkin/Classes/Acne/aug_0_8779.jpg,close_up_facial,train,aug_0_8779.jpg,pseudo-label + correct (training),False,,False,False
ISS_20309_29682-copy-2-2048x1365_jpg.rf.ee1818ac6eb7f818c03d8359f08a3090.jpg,C:/Users/Bautista/Downloads/PrecisionSkin/Classes/Acne/ISS_20309_29682-copy-2-2048x1365_jpg.rf.ee1818ac6eb7f818c03d8359f08a3090.jpg,partial_face,train,iss_20309_29682-copy-2-2048x1365_jpg,pseudo-label + correct (training),False,,False,False
pigmentation_0_3062.jpeg,C:/Users/Bautista/Downloads/PrecisionSkin/Classes/Acne/pigmentation_0_3062.jpeg,partial_face,train,pigmentation_0_3062.jpeg,pseudo-label + correct (training),False,,False,False
pigmentation_0_796_jpeg.rf.e63ad8be69a82bfd626b752d4a4dcf14.jpg,C:/Users/Bautista/Downloads/PrecisionSkin/Classes/Acne/pigmentation_0_796_jpeg.rf.e63ad8be69a82bfd626b752d4a4dcf14.jpg,partial_face,train,pigmentation_0_796_jpeg,pseudo-label + correct (training),False,,False,False
upscaled_2823_png.rf.9f9ebf86cfa01db16189f05543e176cb.jpg,C:/Users/Bautista/Downloads/PrecisionSkin/Classes/Acne/upscaled_2823_png.rf.9f9ebf86cfa01db16189f05543e176cb.jpg,close_up_facial,train,upscaled_2823_png,pseudo-label + correct (training),False,,False,False
-5269458538164604429.png,C:/Users/Bautista/Downloads/PrecisionSkin/Classes/Acne/-5269458538164604429.png,partial_face,train,-5269458538164604429.png,pseudo-label + correct (training),False,,False,False
aug_334_acne-face-43__ProtectWyJQcm90ZWN0Il0_FocusFillWzI5NCwyMjIsIngiLDFd.jpeg,C:/Users/Bautista/Downloads/PrecisionSkin/Classes/Acne/aug_334_acne-face-43__ProtectWyJQcm90ZWN0Il0_FocusFillWzI5NCwyMjIsIngiLDFd.jpeg,close_up_facial,train,aug_334_acne-face-43__protectwyjqcm90zwn0il0_focusfillwzi5ncwymjisingildfd.jpeg,pseudo-label + correct (training),True,Acne,False,True
acne-face-2-9__ProtectWyJQcm90ZWN0Il0_FocusFillWzI5NCwyMjIsInkiLDg1XQ_jpg.rf.f01560d3ed05415f93c4d29c3adf6e0f.jpg,C:/Users/Bautista/Downloads/PrecisionSkin/Classes/Acne/acne-face-2-9__ProtectWyJQcm90ZWN0Il0_FocusFillWzI5NCwyMjIsInkiLDg1XQ_jpg.rf.f01560d3ed05415f93c4d29c3adf6e0f.jpg,close_up_facial,train,acne-face-2-9__protectwyjqcm90zwn0il0_focusfillwzi5ncwymjisinkildg1xq_jpg,pseudo-label + correct (training),False,,False,False
aug_123_pigmentation_0_435.jpeg,C:/Users/Bautista/Downloads/PrecisionSkin/Classes/Acne/aug_123_pigmentation_0_435.jpeg,partial_face,train,aug_123_pigmentation_0_435.jpeg,pseudo-label + correct (training),False,,False,False
upscaled_785_png.rf.90601aee23cfdd09214f7cfd0988cb7e.jpg,C:/Users/Bautista/Downloads/PrecisionSkin/Classes/Acne/upscaled_785_png.rf.90601aee23cfdd09214f7cfd0988cb7e.jpg,close_up_facial,train,upscaled_785_png,pseudo-label + correct (training),False,,False,False
R (41).jpg,C:/Users/Bautista/Downloads/PrecisionSkin/Classes/Acne/R (41).jpg,partial_face,train,r (41).jpg,pseudo-label + correct (training),False,,False,False
Acne_78.jpg,C:/Users/Bautista/Downloads/PrecisionSkin/Classes/Acne/Acne_78.jpg,close_up_facial,train,acne_78.jpg,pseudo-label + correct (training),False,,False,False
pigmentation_0_8793_jpeg.rf.7f77725894562ad354401de80af9a955.jpg,C:/Users/Bautista/Downloads/PrecisionSkin/Classes/Acne/pigmentation_0_8793_jpeg.rf.7f77725894562ad354401de80af9a955.jpg,close_up_facial,train,pigmentation_0_8793_jpeg,pseudo-label + correct (training),False,,False,False
pigmentation_0_2567_jpeg.rf.f84c88629029ece84c8d857690fa5dec.jpg,C:/Users/Bautista/Downloads/PrecisionSkin/Classes/Acne/pigmentation_0_2567_jpeg.rf.f84c88629029ece84c8d857690fa5dec.jpg,partial_face,train,pigmentation_0_2567_jpeg,pseudo-label + correct (training),False,,False,False
acne-face-38__ProtectWyJQcm90ZWN0Il0_FocusFillWzI5NCwyMjIsIngiLDFd_jpg.rf.5d6c51ace18408a016a189bbddd2ccdc.jpg,C:/Users/Bautista/Downloads/PrecisionSkin/Classes/Acne/acne-face-38__ProtectWyJQcm90ZWN0Il0_FocusFillWzI5NCwyMjIsIngiLDFd_jpg.rf.5d6c51ace18408a016a189bbddd2ccdc.jpg,close_up_facial,train,acne-face-38__protectwyjqcm90zwn0il0_focusfillwzi5ncwymjisingildfd_jpg,pseudo-label + correct (training),False,,False,False
upscaled_2323_png.rf.cd8600ee390a87dc8e88ad8be0c889a0.jpg,C:/Users/Bautista/Downloads/PrecisionSkin/Classes/Acne/upscaled_2323_png.rf.cd8600ee390a87dc8e88ad8be0c889a0.jpg,close_up_facial,train,upscaled_2323_png,pseudo-label + correct (training),False,,False,False
aug_64_pigmentation_0_1229.jpeg,C:/Users/Bautista/Downloads/PrecisionSkin/Classes/Acne/aug_64_pigmentation_0_1229.jpeg,partial_face,train,aug_64_pigmentation_0_1229.jpeg,pseudo-label + correct (training),False,,False,False
aug_292_pigmentation_0_5438.jpeg,C:/Users/Bautista/Downloads/PrecisionSkin/Classes/Acne/aug_292_pigmentation_0_5438.jpeg,close_up_facial,train,aug_292_pigmentation_0_5438.jpeg,pseudo-label + correct (training),False,,False,False
Acne_85.jpg,C:/Users/Bautista/Downloads/PrecisionSkin/Classes/Acne/Acne_85.jpg,close_up_facial,train,acne_85.jpg,pseudo-label + correct (training),False,,False,False
OIP-29-_jpg.rf.5c5bcc363413cd5c5f760ff1c2ccf947.jpg,C:/Users/Bautista/Downloads/PrecisionSkin/Classes/Acne/OIP-29-_jpg.rf.5c5bcc363413cd5c5f760ff1c2ccf947.jpg,partial_face,train,oip-29-_jpg,pseudo-label + correct (training),False,,False,False
aug_235_acne-excoriated-14.jpg,C:/Users/Bautista/Downloads/PrecisionSkin/Classes/Acne/aug_235_acne-excoriated-14.jpg,partial_face,train,aug_235_acne-excoriated-14.jpg,pseudo-label + correct (training),False,,False,False
upscaled_337_png.rf.3cf2bc130fc84327c9d6c4de0edd9603.jpg,C:/Users/Bautista/Downloads/PrecisionSkin/Classes/Acne/upscaled_337_png.rf.3cf2bc130fc84327c9d6c4de0edd9603.jpg,close_up_facial,train,upscaled_337_png,pseudo-label + correct (training),False,,False,False
upscaled_1530_png.rf.6b5eed7c72acacf8a41df53a4b69ae9d.jpg,C:/Users/Bautista/Downloads/PrecisionSkin/Classes/Acne/upscaled_1530_png.rf.6b5eed7c72acacf8a41df53a4b69ae9d.jpg,partial_face,train,upscaled_1530_png,pseudo-label + correct (training),False,,False,False
acne-cystic-17_jpg.rf.4441461fcf9bc033fe06e10d07bb6e66.jpg,C:/Users/Bautista/Downloads/PrecisionSkin/Classes/Acne/acne-cystic-17_jpg.rf.4441461fcf9bc033fe06e10d07bb6e66.jpg,close_up_facial,train,acne-cystic-17_jpg,pseudo-label + correct (training),False,,False,False
acne71.png,C:/Users/Bautista/Downloads/PrecisionSkin/Classes/Acne/acne71.png,partial_face,train,acne71.png,pseudo-label + correct (training),False,,False,False
pigmentation_0_9281_jpeg.rf.0477c93e359e5eff1018326b3da8fd29.jpg,C:/Users/Bautista/Downloads/PrecisionSkin/Classes/Acne/pigmentation_0_9281_jpeg.rf.0477c93e359e5eff1018326b3da8fd29.jpg,partial_face,train,pigmentation_0_9281_jpeg,pseudo-label + correct (training),False,,False,False
acne-face-3-2__ProtectWyJQcm90ZWN0Il0_FocusFillWzI5NCwyMjIsIngiLDE4XQ.jpeg,C:/Users/Bautista/Downloads/PrecisionSkin/Classes/Acne/acne-face-3-2__ProtectWyJQcm90ZWN0Il0_FocusFillWzI5NCwyMjIsIngiLDE4XQ.jpeg,close_up_facial,train,acne-face-3-2__protectwyjqcm90zwn0il0_focusfillwzi5ncwymjisingilde4xq.jpeg,pseudo-label + correct (training),False,,False,False
acne-face-1-7__ProtectWyJQcm90ZWN0Il0_FocusFillWzI5NCwyMjIsIngiLDFd.jpeg,C:/Users/Bautista/Downloads/PrecisionSkin/Classes/Acne/acne-face-1-7__ProtectWyJQcm90ZWN0Il0_FocusFillWzI5NCwyMjIsIngiLDFd.jpeg,close_up_facial,train,acne-face-1-7__protectwyjqcm90zwn0il0_focusfillwzi5ncwymjisingildfd.jpeg,pseudo-label + correct (training),False,,False,False
pigmentation_0_2784_jpeg.rf.e70dffea5cb9b0bd9e65a3922e8bd7c0.jpg,C:/Users/Bautista/Downloads/PrecisionSkin/Classes/Acne/pigmentation_0_2784_jpeg.rf.e70dffea5cb9b0bd9e65a3922e8bd7c0.jpg,close_up_facial,train,pigmentation_0_2784_jpeg,pseudo-label + correct (training),False,,False,False
Acne_349.jpg,C:/Users/Bautista/Downloads/PrecisionSkin/Classes/Acne/Acne_349.jpg,close_up_facial,train,acne_349.jpg,pseudo-label + correct (training),False,,False,False
766x415_Accutane_Side_Effects.jpg,C:/Users/Bautista/Downloads/PrecisionSkin/Classes/Acne/766x415_Accutane_Side_Effects.jpg,close_up_facial,train,766x415_accutane_side_effects.jpg,pseudo-label + correct (training),False,,False,False
aug_35_acne-pustular-8.jpg,C:/Users/Bautista/Downloads/PrecisionSkin/Classes/Acne/aug_35_acne-pustular-8.jpg,partial_face,train,aug_35_acne-pustular-8.jpg,pseudo-label + correct (training),True,Acne,False,True
upscaled_514_png.rf.20bce83d61bc81b52b46b402b0a2a047.jpg,C:/Users/Bautista/Downloads/PrecisionSkin/Classes/Acne/upscaled_514_png.rf.20bce83d61bc81b52b46b402b0a2a047.jpg,close_up_facial,train,upscaled_514_png,pseudo-label + correct (training),False,,False,False
acne-face-3-15__ProtectWyJQcm90ZWN0Il0_FocusFillWzI5NCwyMjIsInkiLDg1XQ_jpg.rf.ca538c8c44c8a6eb9eda2b355a584c0f.jpg,C:/Users/Bautista/Downloads/PrecisionSkin/Classes/Acne/acne-face-3-15__ProtectWyJQcm90ZWN0Il0_FocusFillWzI5NCwyMjIsInkiLDg1XQ_jpg.rf.ca538c8c44c8a6eb9eda2b355a584c0f.jpg,close_up_facial,train,acne-face-3-15__protectwyjqcm90zwn0il0_focusfillwzi5ncwymjisinkildg1xq_jpg,pseudo-label + correct (training),False,,False,False
acne-face-2-7__ProtectWyJQcm90ZWN0Il0_FocusFillWzI5NCwyMjIsIngiLDFd.jpeg,C:/Users/Bautista/Downloads/PrecisionSkin/Classes/Acne/acne-face-2-7__ProtectWyJQcm90ZWN0Il0_FocusFillWzI5NCwyMjIsIngiLDFd.jpeg,close_up_facial,train,acne-face-2-7__protectwyjqcm90zwn0il0_focusfillwzi5ncwymjisingildfd.jpeg,pseudo-label + correct (training),True,Acne,False,True
pigmentation_0_9193_jpeg.rf.d868e725d80bad38f39429883650f389.jpg,C:/Users/Bautista/Downloads/PrecisionSkin/Classes/Acne/pigmentation_0_9193_jpeg.rf.d868e725d80bad38f39429883650f389.jpg,close_up_facial,train,pigmentation_0_9193_jpeg,pseudo-label + correct (training),False,,False,False
Acne_17.jpg,C:/Users/Bautista/Downloads/PrecisionSkin/Classes/Acne/Acne_17.jpg,close_up_facial,train,acne_17.jpg,pseudo-label + correct (training),False,,False,False
pigmentation_0_797_jpeg.rf.3065ef869b5b4a7ef4a7ff61044a7299.jpg,C:/Users/Bautista/Downloads/PrecisionSkin/Classes/Acne/pigmentation_0_797_jpeg.rf.3065ef869b5b4a7ef4a7ff61044a7299.jpg,close_up_facial,train,pigmentation_0_797_jpeg,pseudo-label + correct (training),False,,False,False
aug_0_2624.jpg,C:/Users/Bautista/Downloads/PrecisionSkin/Classes/Acne/aug_0_2624.jpg,close_up_facial,train,aug_0_2624.jpg,pseudo-label + correct (training),False,,False,False
upscaled_2728_png.rf.3a2d6bc459fcbf640023629c69d66c3f.jpg,C:/Users/Bautista/Downloads/PrecisionSkin/Classes/Acne/upscaled_2728_png.rf.3a2d6bc459fcbf640023629c69d66c3f.jpg,close_up_facial,train,upscaled_2728_png,pseudo-label + correct (training),False,,False,False
GettyImages-552992761_thumb-1-_jpg.rf.a06c75db53e74ab328480d52ce8c7514.jpg,C:/Users/Bautista/Downloads/PrecisionSkin/Classes/Acne/GettyImages-552992761_thumb-1-_jpg.rf.a06c75db53e74ab328480d52ce8c7514.jpg,partial_face,train,gettyimages-552992761_thumb-1-_jpg,pseudo-label + correct (training),True,Acne,False,True
Acne_173.jpg,C:/Users/Bautista/Downloads/PrecisionSkin/Classes/Acne/Acne_173.jpg,close_up_facial,train,acne_173.jpg,pseudo-label + correct (training),False,,False,False
aug_85_post-370921-0-39350300-1389608977.jpg,C:/Users/Bautista/Downloads/PrecisionSkin/Classes/Acne/aug_85_post-370921-0-39350300-1389608977.jpg,partial_face,train,aug_85_post-370921-0-39350300-1389608977.jpg,pseudo-label + correct (training),False,,False,False
acne-face-40__ProtectWyJQcm90ZWN0Il0_FocusFillWzI5NCwyMjIsIngiLDFd.jpeg,C:/Users/Bautista/Downloads/PrecisionSkin/Classes/Acne/acne-face-40__ProtectWyJQcm90ZWN0Il0_FocusFillWzI5NCwyMjIsIngiLDFd.jpeg,close_up_facial,train,acne-face-40__protectwyjqcm90zwn0il0_focusfillwzi5ncwymjisingildfd.jpeg,pseudo-label + correct (training),False,,False,False
aug_12_acne-open-comedo-37.jpg,C:/Users/Bautista/Downloads/PrecisionSkin/Classes/Acne/aug_12_acne-open-comedo-37.jpg,partial_face,train,aug_12_acne-open-comedo-37.jpg,pseudo-label + correct (training),False,,False,False
pigmentation_0_1724_jpeg.rf.843b33116f22ec5a58f4793f807934b5.jpg,C:/Users/Bautista/Downloads/PrecisionSkin/Classes/Acne/pigmentation_0_1724_jpeg.rf.843b33116f22ec5a58f4793f807934b5.jpg,partial_face,train,pigmentation_0_1724_jpeg,pseudo-label + correct (training),False,,False,False
upscaled_1105_png.rf.90b77a27f6e54c10c822f88525fbd24a.jpg,C:/Users/Bautista/Downloads/PrecisionSkin/Classes/Acne/upscaled_1105_png.rf.90b77a27f6e54c10c822f88525fbd24a.jpg,close_up_facial,train,upscaled_1105_png,pseudo-label + correct (training),False,,False,False
acne-face-13__ProtectWyJQcm90ZWN0Il0_FocusFillWzI5NCwyMjIsIngiLDFd.jpeg,C:/Users/Bautista/Downloads/PrecisionSkin/Classes/Acne/acne-face-13__ProtectWyJQcm90ZWN0Il0_FocusFillWzI5NCwyMjIsIngiLDFd.jpeg,partial_face,train,acne-face-13__protectwyjqcm90zwn0il0_focusfillwzi5ncwymjisingildfd.jpeg,pseudo-label + correct (training),True,Acne,False,True
acne-vulgaris-0001__ProtectWyJQcm90ZWN0Il0_FocusFillWzI5NCwyMjIsIngiLDFd.jpeg,C:/Users/Bautista/Downloads/PrecisionSkin/Classes/Acne/acne-vulgaris-0001__ProtectWyJQcm90ZWN0Il0_FocusFillWzI5NCwyMjIsIngiLDFd.jpeg,close_up_facial,train,acne-vulgaris-0001__protectwyjqcm90zwn0il0_focusfillwzi5ncwymjisingildfd.jpeg,pseudo-label + correct (training),True,Acne,False,True
7b5781acbf8cf3ef59928bf1fd56df9eC-r23ac1983a0274adecccb505518971ace1_jpg.rf.3d4338dfbd6221d5399a2e727e468817.jpg,C:/Users/Bautista/Downloads/PrecisionSkin/Classes/Acne/7b5781acbf8cf3ef59928bf1fd56df9eC-r23ac1983a0274adecccb505518971ace1_jpg.rf.3d4338dfbd6221d5399a2e727e468817.jpg,full_face,train,7b5781acbf8cf3ef59928bf1fd56df9ec-r23ac1983a0274adecccb505518971ace1_jpg,pseudo-label + correct (training),False,,False,False
2 (2).jpg,C:/Users/Bautista/Downloads/PrecisionSkin/Classes/Acne/2 (2).jpg,partial_face,train,2 (2).jpg,pseudo-label + correct (training),False,,False,False
20_before1-Copy_jpg.rf.43c49f9665723a69391c203a6e90c6a6.jpg,C:/Users/Bautista/Downloads/PrecisionSkin/Classes/Acne/20_before1-Copy_jpg.rf.43c49f9665723a69391c203a6e90c6a6.jpg,partial_face,train,20_before1-copy_jpg,pseudo-label + correct (training),False,,False,False
Acne_313.jpg,C:/Users/Bautista/Downloads/PrecisionSkin/Classes/Acne/Acne_313.jpg,partial_face,train,acne_313.jpg,pseudo-label + correct (training),False,,False,False
acne69.png,C:/Users/Bautista/Downloads/PrecisionSkin/Classes/Acne/acne69.png,close_up_facial,train,acne69.png,pseudo-label + correct (training),False,,False,False
upscaled_231_png.rf.74c89e8f7ada5d76e2a414062e2b9115.jpg,C:/Users/Bautista/Downloads/PrecisionSkin/Classes/Acne/upscaled_231_png.rf.74c89e8f7ada5d76e2a414062e2b9115.jpg,close_up_facial,train,upscaled_231_png,pseudo-label + correct (training),False,,False,False
upscaled_23_png.rf.a4d911552e4dba61c331b51d7721272b.jpg,C:/Users/Bautista/Downloads/PrecisionSkin/Classes/Acne/upscaled_23_png.rf.a4d911552e4dba61c331b51d7721272b.jpg,close_up_facial,train,upscaled_23_png,pseudo-label + correct (training),False,,False,False
pigmentation_0_6078.jpeg,C:/Users/Bautista/Downloads/PrecisionSkin/Classes/Acne/pigmentation_0_6078.jpeg,partial_face,train,pigmentation_0_6078.jpeg,pseudo-label + correct (training),False,,False,False
aug_0_9170.jpg,C:/Users/Bautista/Downloads/PrecisionSkin/Classes/Acne/aug_0_9170.jpg,close_up_facial,train,aug_0_9170.jpg,pseudo-label + correct (training),False,,False,False
aug_0_7672.jpg,C:/Users/Bautista/Downloads/PrecisionSkin/Classes/Acne/aug_0_7672.jpg,close_up_facial,train,aug_0_7672.jpg,pseudo-label + correct (training),False,,False,False
image.jpg.6c7b19523bdd5a48c8fca69fcd0edf2d.jpg,C:/Users/Bautista/Downloads/PrecisionSkin/Classes/Acne/image.jpg.6c7b19523bdd5a48c8fca69fcd0edf2d.jpg,close_up_facial,train,image.jpg.6c7b19523bdd5a48c8fca69fcd0edf2d.jpg,pseudo-label + correct (training),False,,False,False
aug_40_179__ProtectWyJQcm90ZWN0Il0_FocusFillWzI5NCwyMjIsIngiLDFd.jpeg,C:/Users/Bautista/Downloads/PrecisionSkin/Classes/Acne/aug_40_179__ProtectWyJQcm90ZWN0Il0_FocusFillWzI5NCwyMjIsIngiLDFd.jpeg,close_up_facial,train,aug_40_179__protectwyjqcm90zwn0il0_focusfillwzi5ncwymjisingildfd.jpeg,pseudo-label + correct (training),False,,False,False
upscaled_394_png.rf.6d634d54fa7957d6cbe1cf09a89c635e.jpg,C:/Users/Bautista/Downloads/PrecisionSkin/Classes/Acne/upscaled_394_png.rf.6d634d54fa7957d6cbe1cf09a89c635e.jpg,close_up_facial,train,upscaled_394_png,pseudo-label + correct (training),False,,False,False
acne127.png,C:/Users/Bautista/Downloads/PrecisionSkin/Classes/Acne/acne127.png,close_up_facial,train,acne127.png,pseudo-label + correct (training),False,,False,False
aug_0_2567.jpg,C:/Users/Bautista/Downloads/PrecisionSkin/Classes/Acne/aug_0_2567.jpg,close_up_facial,train,aug_0_2567.jpg,pseudo-label + correct (training),False,,False,False
-2272409399626570947.png,C:/Users/Bautista/Downloads/PrecisionSkin/Classes/Acne/-2272409399626570947.png,full_face,train,-2272409399626570947.png,pseudo-label + correct (training),False,,False,False
acne-face-1-38__ProtectWyJQcm90ZWN0Il0_FocusFillWzI5NCwyMjIsIngiLDFd.jpeg,C:/Users/Bautista/Downloads/PrecisionSkin/Classes/Acne/acne-face-1-38__ProtectWyJQcm90ZWN0Il0_FocusFillWzI5NCwyMjIsIngiLDFd.jpeg,close_up_facial,train,acne-face-1-38__protectwyjqcm90zwn0il0_focusfillwzi5ncwymjisingildfd.jpeg,pseudo-label + correct (training),False,,False,False
Acne_167.jpg,C:/Users/Bautista/Downloads/PrecisionSkin/Classes/Acne/Acne_167.jpg,close_up_facial,train,acne_167.jpg,pseudo-label + correct (training),False,,False,False
R (2).png,C:/Users/Bautista/Downloads/PrecisionSkin/Classes/Acne/R (2).png,partial_face,train,r (2).png,pseudo-label + correct (training),False,,False,False
acne-face-25__ProtectWyJQcm90ZWN0Il0_FocusFillWzI5NCwyMjIsIngiLDE4XQ_jpg.rf.83e1ceb376e6f02dc7b99002ead06bc8.jpg,C:/Users/Bautista/Downloads/PrecisionSkin/Classes/Acne/acne-face-25__ProtectWyJQcm90ZWN0Il0_FocusFillWzI5NCwyMjIsIngiLDE4XQ_jpg.rf.83e1ceb376e6f02dc7b99002ead06bc8.jpg,close_up_facial,train,acne-face-25__protectwyjqcm90zwn0il0_focusfillwzi5ncwymjisingilde4xq_jpg,pseudo-label + correct (training),False,,False,False
levle2_190_jpg.rf.82a1c50466d97a101605d2b8689b09a4.jpg,C:/Users/Bautista/Downloads/PrecisionSkin/Classes/Acne/levle2_190_jpg.rf.82a1c50466d97a101605d2b8689b09a4.jpg,partial_face,train,levle2_190_jpg,pseudo-label + correct (training),False,,True,True
pigmentation_0_9461_jpeg.rf.4636e6f260f8116d88977c7a19682372.jpg,C:/Users/Bautista/Downloads/PrecisionSkin/Classes/Acne/pigmentation_0_9461_jpeg.rf.4636e6f260f8116d88977c7a19682372.jpg,close_up_facial,train,pigmentation_0_9461_jpeg,pseudo-label + correct (training),False,,False,False
upscaled_109_png.rf.9051f08d7ee8fde1e7da5ec871546064.jpg,C:/Users/Bautista/Downloads/PrecisionSkin/Classes/Acne/upscaled_109_png.rf.9051f08d7ee8fde1e7da5ec871546064.jpg,close_up_facial,train,upscaled_109_png,pseudo-label + correct (training),False,,False,False
acne-face-3-13__ProtectWyJQcm90ZWN0Il0_FocusFillWzI5NCwyMjIsIngiLDFd.jpeg,C:/Users/Bautista/Downloads/PrecisionSkin/Classes/Acne/acne-face-3-13__ProtectWyJQcm90ZWN0Il0_FocusFillWzI5NCwyMjIsIngiLDFd.jpeg,close_up_facial,train,acne-face-3-13__protectwyjqcm90zwn0il0_focusfillwzi5ncwymjisingildfd.jpeg,pseudo-label + correct (training),False,,False,False
aug_0_3686.jpg,C:/Users/Bautista/Downloads/PrecisionSkin/Classes/Acne/aug_0_3686.jpg,close_up_facial,train,aug_0_3686.jpg,pseudo-label + correct (training),False,,False,False
upscaled_467_png.rf.d6c6b799c13ef058923649daa8e0cbb9.jpg,C:/Users/Bautista/Downloads/PrecisionSkin/Classes/Acne/upscaled_467_png.rf.d6c6b799c13ef058923649daa8e0cbb9.jpg,close_up_facial,train,upscaled_467_png,pseudo-label + correct (training),False,,False,False
levle1_41_jpg.rf.3b627fba02908c64392db56c5a03ae23.jpg,C:/Users/Bautista/Downloads/PrecisionSkin/Classes/Acne/levle1_41_jpg.rf.3b627fba02908c64392db56c5a03ae23.jpg,partial_face,train,levle1_41_jpg,pseudo-label + correct (training),False,,True,True
F2.png,C:/Users/Bautista/Downloads/PrecisionSkin/Classes/Acne/F2.png,partial_face,train,f2.png,pseudo-label + correct (training),False,,False,False
pigmentation_0_7655_jpeg.rf.050f91bbe993b07d147760bbddc1b837.jpg,C:/Users/Bautista/Downloads/PrecisionSkin/Classes/Acne/pigmentation_0_7655_jpeg.rf.050f91bbe993b07d147760bbddc1b837.jpg,partial_face,train,pigmentation_0_7655_jpeg,pseudo-label + correct (training),False,,False,False
pigmentation_0_2886_jpeg.rf.848f6b8a042ed74eb169cfb10a5dec72.jpg,C:/Users/Bautista/Downloads/PrecisionSkin/Classes/Acne/pigmentation_0_2886_jpeg.rf.848f6b8a042ed74eb169cfb10a5dec72.jpg,close_up_facial,train,pigmentation_0_2886_jpeg,pseudo-label + correct (training),False,,False,False
aug_0_9377.jpg,C:/Users/Bautista/Downloads/PrecisionSkin/Classes/Acne/aug_0_9377.jpg,close_up_facial,train,aug_0_9377.jpg,pseudo-label + correct (training),False,,False,False
upscaled_2135_png.rf.60d308637b6973ac9bce8a4ee3aa2961.jpg,C:/Users/Bautista/Downloads/PrecisionSkin/Classes/Acne/upscaled_2135_png.rf.60d308637b6973ac9bce8a4ee3aa2961.jpg,close_up_facial,train,upscaled_2135_png,pseudo-label + correct (training),False,,False,False
Acne_13.jpg,C:/Users/Bautista/Downloads/PrecisionSkin/Classes/Acne/Acne_13.jpg,close_up_facial,train,acne_13.jpg,pseudo-label + correct (training),False,,False,False
upscaled_410_png.rf.a15321eddbdb8f3e739ead3f967d0d6f.jpg,C:/Users/Bautista/Downloads/PrecisionSkin/Classes/Acne/upscaled_410_png.rf.a15321eddbdb8f3e739ead3f967d0d6f.jpg,close_up_facial,train,upscaled_410_png,pseudo-label + correct (training),False,,False,False
aug_67_pigmentation_0_3669.jpeg,C:/Users/Bautista/Downloads/PrecisionSkin/Classes/Acne/aug_67_pigmentation_0_3669.jpeg,partial_face,train,aug_67_pigmentation_0_3669.jpeg,pseudo-label + correct (training),False,,False,False
upscaled_816_png.rf.d4545aff50a8541f131b9299c7a2ad7d.jpg,C:/Users/Bautista/Downloads/PrecisionSkin/Classes/Acne/upscaled_816_png.rf.d4545aff50a8541f131b9299c7a2ad7d.jpg,close_up_facial,train,upscaled_816_png,pseudo-label + correct (training),False,,False,False
aug_0_6302.jpg,C:/Users/Bautista/Downloads/PrecisionSkin/Classes/Acne/aug_0_6302.jpg,partial_face,train,aug_0_6302.jpg,pseudo-label + correct (training),False,,False,False
acne-face-55__ProtectWyJQcm90ZWN0Il0_FocusFillWzI5NCwyMjIsIngiLDFd.jpeg,C:/Users/Bautista/Downloads/PrecisionSkin/Classes/Acne/acne-face-55__ProtectWyJQcm90ZWN0Il0_FocusFillWzI5NCwyMjIsIngiLDFd.jpeg,close_up_facial,train,acne-face-55__protectwyjqcm90zwn0il0_focusfillwzi5ncwymjisingildfd.jpeg,pseudo-label + correct (training),False,,False,False
upscaled_1812_png.rf.0a448f443acee8b64a670969abfbe19c.jpg,C:/Users/Bautista/Downloads/PrecisionSkin/Classes/Acne/upscaled_1812_png.rf.0a448f443acee8b64a670969abfbe19c.jpg,close_up_facial,train,upscaled_1812_png,pseudo-label + correct (training),False,,False,False
OIP-4-_jpg.rf.7e1a2e4ad0b6e33f428236443101087a.jpg,C:/Users/Bautista/Downloads/PrecisionSkin/Classes/Acne/OIP-4-_jpg.rf.7e1a2e4ad0b6e33f428236443101087a.jpg,close_up_facial,train,oip-4-_jpg,pseudo-label + correct (training),False,,False,False
upscaled_403_png.rf.b7e73b4e1cb846f0998dc2790084f865.jpg,C:/Users/Bautista/Downloads/PrecisionSkin/Classes/Acne/upscaled_403_png.rf.b7e73b4e1cb846f0998dc2790084f865.jpg,close_up_facial,train,upscaled_403_png,pseudo-label + correct (training),False,,False,False
upscaled_1070_png.rf.46650c8ca9bf805cde4ffad3d89e9027.jpg,C:/Users/Bautista/Downloads/PrecisionSkin/Classes/Acne/upscaled_1070_png.rf.46650c8ca9bf805cde4ffad3d89e9027.jpg,close_up_facial,train,upscaled_1070_png,pseudo-label + correct (training),False,,False,False
upscaled_2335_png.rf.61d948dd905b55a46e1b76c927b93936.jpg,C:/Users/Bautista/Downloads/PrecisionSkin/Classes/Acne/upscaled_2335_png.rf.61d948dd905b55a46e1b76c927b93936.jpg,close_up_facial,train,upscaled_2335_png,pseudo-label + correct (training),False,,False,False
levle1_69_jpg.rf.5d0b1eadde1aac19ced7ce259844d52c.jpg,C:/Users/Bautista/Downloads/PrecisionSkin/Classes/Acne/levle1_69_jpg.rf.5d0b1eadde1aac19ced7ce259844d52c.jpg,partial_face,train,levle1_69_jpg,pseudo-label + correct (training),False,,True,True
acne33.png,C:/Users/Bautista/Downloads/PrecisionSkin/Classes/Acne/acne33.png,partial_face,train,acne33.png,pseudo-label + correct (training),False,,False,False
upscaled_2757_png.rf.41ff4a2937a310cac3869eb13dac2d63.jpg,C:/Users/Bautista/Downloads/PrecisionSkin/Classes/Acne/upscaled_2757_png.rf.41ff4a2937a310cac3869eb13dac2d63.jpg,close_up_facial,train,upscaled_2757_png,pseudo-label + correct (training),False,,False,False
Acne_193.jpg,C:/Users/Bautista/Downloads/PrecisionSkin/Classes/Acne/Acne_193.jpg,partial_face,train,acne_193.jpg,pseudo-label + correct (training),False,,False,False
acne-face-5-3__ProtectWyJQcm90ZWN0Il0_FocusFillWzI5NCwyMjIsIngiLDFd.jpeg,C:/Users/Bautista/Downloads/PrecisionSkin/Classes/Acne/acne-face-5-3__ProtectWyJQcm90ZWN0Il0_FocusFillWzI5NCwyMjIsIngiLDFd.jpeg,close_up_facial,train,acne-face-5-3__protectwyjqcm90zwn0il0_focusfillwzi5ncwymjisingildfd.jpeg,pseudo-label + correct (training),True,Acne,False,True
pigmentation_0_1805.jpeg,C:/Users/Bautista/Downloads/PrecisionSkin/Classes/Acne/pigmentation_0_1805.jpeg,partial_face,train,pigmentation_0_1805.jpeg,pseudo-label + correct (training),False,,False,False
Acne_342.jpg,C:/Users/Bautista/Downloads/PrecisionSkin/Classes/Acne/Acne_342.jpg,close_up_facial,train,acne_342.jpg,pseudo-label + correct (training),False,,False,False
acne-face-25-1__ProtectWyJQcm90ZWN0Il0_FocusFillWzI5NCwyMjIsInkiLDg1XQ.jpeg,C:/Users/Bautista/Downloads/PrecisionSkin/Classes/Acne/acne-face-25-1__ProtectWyJQcm90ZWN0Il0_FocusFillWzI5NCwyMjIsInkiLDg1XQ.jpeg,close_up_facial,train,acne-face-25-1__protectwyjqcm90zwn0il0_focusfillwzi5ncwymjisinkildg1xq.jpeg,pseudo-label + correct (training),True,Acne,False,True
acne10.png,C:/Users/Bautista/Downloads/PrecisionSkin/Classes/Acne/acne10.png,close_up_facial,train,acne10.png,pseudo-label + correct (training),True,Acne,False,True
unnamed-1-_jpg.rf.6ccbb269f86fc1ae4cea79b59895ba49.jpg,C:/Users/Bautista/Downloads/PrecisionSkin/Classes/Acne/unnamed-1-_jpg.rf.6ccbb269f86fc1ae4cea79b59895ba49.jpg,partial_face,train,unnamed-1-_jpg,pseudo-label + correct (training),False,,False,False
pigmentation_0_6657_jpeg.rf.042304a1fb28de07c3bf2b6148a612f2.jpg,C:/Users/Bautista/Downloads/PrecisionSkin/Classes/Acne/pigmentation_0_6657_jpeg.rf.042304a1fb28de07c3bf2b6148a612f2.jpg,partial_face,train,pigmentation_0_6657_jpeg,pseudo-label + correct (training),False,,False,False
acne-excoriated-22_jpg.rf.11e8cac22f729d9ca54b95c80d4a1118.jpg,C:/Users/Bautista/Downloads/PrecisionSkin/Classes/Acne/acne-excoriated-22_jpg.rf.11e8cac22f729d9ca54b95c80d4a1118.jpg,full_face,train,acne-excoriated-22_jpg,pseudo-label + correct (training),False,,False,False
acne-infantile-10.jpeg,C:/Users/Bautista/Downloads/PrecisionSkin/Classes/Acne/acne-infantile-10.jpeg,partial_face,train,acne-infantile-10.jpeg,pseudo-label + correct (training),False,,False,False
acne-face-29__ProtectWyJQcm90ZWN0Il0_FocusFillWzI5NCwyMjIsIngiLDFd_jpg.rf.3ac073e96073450911d9c339273b22a8.jpg,C:/Users/Bautista/Downloads/PrecisionSkin/Classes/Acne/acne-face-29__ProtectWyJQcm90ZWN0Il0_FocusFillWzI5NCwyMjIsIngiLDFd_jpg.rf.3ac073e96073450911d9c339273b22a8.jpg,partial_face,train,acne-face-29__protectwyjqcm90zwn0il0_focusfillwzi5ncwymjisingildfd_jpg,pseudo-label + correct (training),False,,False,False
Acne_76.jpg,C:/Users/Bautista/Downloads/PrecisionSkin/Classes/Acne/Acne_76.jpg,close_up_facial,train,acne_76.jpg,pseudo-label + correct (training),False,,False,False
upscaled_114_png.rf.1638d8376686f8ab93a92f95042ff8e2.jpg,C:/Users/Bautista/Downloads/PrecisionSkin/Classes/Acne/upscaled_114_png.rf.1638d8376686f8ab93a92f95042ff8e2.jpg,close_up_facial,train,upscaled_114_png,pseudo-label + correct (training),False,,False,False
upscaled_472_png.rf.b4f854835e7a7ca039b2fa36fe3149c3.jpg,C:/Users/Bautista/Downloads/PrecisionSkin/Classes/Acne/upscaled_472_png.rf.b4f854835e7a7ca039b2fa36fe3149c3.jpg,close_up_facial,train,upscaled_472_png,pseudo-label + correct (training),False,,False,False
55_jpg.rf.2601c80df0a28cb1612474445fecda82.jpg,C:/Users/Bautista/Downloads/PrecisionSkin/Classes/Acne/55_jpg.rf.2601c80df0a28cb1612474445fecda82.jpg,partial_face,train,55_jpg,pseudo-label + correct (training),False,,True,True
4755A9F700000578-5179985-Desperate_attempts_to_rid_herself_of_the_unsightly_pimples_have_-a-55_1513271096522_jpg.rf.51d617d1ae590aa72032f3a785b96373.jpg,C:/Users/Bautista/Downloads/PrecisionSkin/Classes/Acne/4755A9F700000578-5179985-Desperate_attempts_to_rid_herself_of_the_unsightly_pimples_have_-a-55_1513271096522_jpg.rf.51d617d1ae590aa72032f3a785b96373.jpg,full_face,train,4755a9f700000578-5179985-desperate_attempts_to_rid_herself_of_the_unsightly_pimples_have_-a-55_1513271096522_jpg,pseudo-label + correct (training),False,,False,False
upscaled_1712_png.rf.69f8719fb58e6eb8e46b4d1153675aae.jpg,C:/Users/Bautista/Downloads/PrecisionSkin/Classes/Acne/upscaled_1712_png.rf.69f8719fb58e6eb8e46b4d1153675aae.jpg,close_up_facial,train,upscaled_1712_png,pseudo-label + correct (training),False,,False,False
Acne_314.jpg,C:/Users/Bautista/Downloads/PrecisionSkin/Classes/Acne/Acne_314.jpg,close_up_facial,train,acne_314.jpg,pseudo-label + correct (training),False,,False,False
acne3.png,C:/Users/Bautista/Downloads/PrecisionSkin/Classes/Acne/acne3.png,partial_face,train,acne3.png,pseudo-label + correct (training),False,,False,False
aug_9_OIP (26).jpg,C:/Users/Bautista/Downloads/PrecisionSkin/Classes/Acne/aug_9_OIP (26).jpg,close_up_facial,train,aug_9_oip (26).jpg,pseudo-label + correct (training),False,,False,False
aug_180_pigmentation_0_2118.jpeg,C:/Users/Bautista/Downloads/PrecisionSkin/Classes/Acne/aug_180_pigmentation_0_2118.jpeg,close_up_facial,train,aug_180_pigmentation_0_2118.jpeg,pseudo-label + correct (training),False,,False,False
levle1_426_jpg.rf.f112841482e30c19a5cbe94173dabf93.jpg,C:/Users/Bautista/Downloads/PrecisionSkin/Classes/Acne/levle1_426_jpg.rf.f112841482e30c19a5cbe94173dabf93.jpg,full_face,train,levle1_426_jpg,pseudo-label + correct (training),False,,True,True
upscaled_1172_png.rf.a6e40ba58db2d3144d6b32e98e9e8e06.jpg,C:/Users/Bautista/Downloads/PrecisionSkin/Classes/Acne/upscaled_1172_png.rf.a6e40ba58db2d3144d6b32e98e9e8e06.jpg,close_up_facial,train,upscaled_1172_png,pseudo-label + correct (training),False,,False,False
R (38).jpg,C:/Users/Bautista/Downloads/PrecisionSkin/Classes/Acne/R (38).jpg,partial_face,train,r (38).jpg,pseudo-label + correct (training),False,,False,False
acne-open-comedo-2.jpeg,C:/Users/Bautista/Downloads/PrecisionSkin/Classes/Acne/acne-open-comedo-2.jpeg,close_up_facial,train,acne-open-comedo-2.jpeg,pseudo-label + correct (training),True,Acne,False,True
pigmentation_0_935_jpeg.rf.5bfcb4262db52ed1976cd4381fc09c48.jpg,C:/Users/Bautista/Downloads/PrecisionSkin/Classes/Acne/pigmentation_0_935_jpeg.rf.5bfcb4262db52ed1976cd4381fc09c48.jpg,close_up_facial,train,pigmentation_0_935_jpeg,pseudo-label + correct (training),False,,False,False
R-29-_jpg.rf.d8e37e8e838bdbe4e4493d41eba9251d.jpg,C:/Users/Bautista/Downloads/PrecisionSkin/Classes/Acne/R-29-_jpg.rf.d8e37e8e838bdbe4e4493d41eba9251d.jpg,partial_face,train,r-29-_jpg,pseudo-label + correct (training),False,,False,False
uaxnc5tsay351_jpg.rf.3fa3f3f2f8c5884f782a7d2073598786.jpg,C:/Users/Bautista/Downloads/PrecisionSkin/Classes/Acne/uaxnc5tsay351_jpg.rf.3fa3f3f2f8c5884f782a7d2073598786.jpg,partial_face,train,uaxnc5tsay351_jpg,pseudo-label + correct (training),False,,False,False
acne-face-1-27__ProtectWyJQcm90ZWN0Il0_FocusFillWzI5NCwyMjIsIngiLDFd.jpeg,C:/Users/Bautista/Downloads/PrecisionSkin/Classes/Acne/acne-face-1-27__ProtectWyJQcm90ZWN0Il0_FocusFillWzI5NCwyMjIsIngiLDFd.jpeg,close_up_facial,train,acne-face-1-27__protectwyjqcm90zwn0il0_focusfillwzi5ncwymjisingildfd.jpeg,pseudo-label + correct (training),True,Acne,False,True
pigmentation_0_7643_jpeg.rf.d77e04f0513e617e9e680d2d26aff021.jpg,C:/Users/Bautista/Downloads/PrecisionSkin/Classes/Acne/pigmentation_0_7643_jpeg.rf.d77e04f0513e617e9e680d2d26aff021.jpg,close_up_facial,train,pigmentation_0_7643_jpeg,pseudo-label + correct (training),False,,False,False
aug_187_16.jpg,C:/Users/Bautista/Downloads/PrecisionSkin/Classes/Acne/aug_187_16.jpg,partial_face,train,aug_187_16.jpg,pseudo-label + correct (training),False,,False,False
aug_0_7338.jpg,C:/Users/Bautista/Downloads/PrecisionSkin/Classes/Acne/aug_0_7338.jpg,partial_face,train,aug_0_7338.jpg,pseudo-label + correct (training),False,,False,False
IMG_8544-thumb-JPG-faf77397f165101fbe28d89642ac2fe3_jpg.rf.fdaa20822f424f9a0f16fc367bb02ede.jpg,C:/Users/Bautista/Downloads/PrecisionSkin/Classes/Acne/IMG_8544-thumb-JPG-faf77397f165101fbe28d89642ac2fe3_jpg.rf.fdaa20822f424f9a0f16fc367bb02ede.jpg,close_up_facial,train,img_8544-thumb-jpg-faf77397f165101fbe28d89642ac2fe3_jpg,pseudo-label + correct (training),False,,False,False
upscaled_589_png.rf.7eaa97e83da01910d4b5bcf7cd318461.jpg,C:/Users/Bautista/Downloads/PrecisionSkin/Classes/Acne/upscaled_589_png.rf.7eaa97e83da01910d4b5bcf7cd318461.jpg,close_up_facial,train,upscaled_589_png,pseudo-label + correct (training),False,,False,False
acne_treatment1 - Copy.png,C:/Users/Bautista/Downloads/PrecisionSkin/Classes/Acne/acne_treatment1 - Copy.png,partial_face,train,acne_treatment1 - copy.png,pseudo-label + correct (training),False,,False,False
aug_31_acne-open-comedo-43.jpeg,C:/Users/Bautista/Downloads/PrecisionSkin/Classes/Acne/aug_31_acne-open-comedo-43.jpeg,close_up_facial,train,aug_31_acne-open-comedo-43.jpeg,pseudo-label + correct (training),False,,False,False
aug_0_5826.jpg,C:/Users/Bautista/Downloads/PrecisionSkin/Classes/Acne/aug_0_5826.jpg,partial_face,train,aug_0_5826.jpg,pseudo-label + correct (training),False,,False,False
aug_0_2463.jpg,C:/Users/Bautista/Downloads/PrecisionSkin/Classes/Acne/aug_0_2463.jpg,close_up_facial,train,aug_0_2463.jpg,pseudo-label + correct (training),False,,False,False
Acne_284.jpg,C:/Users/Bautista/Downloads/PrecisionSkin/Classes/Acne/Acne_284.jpg,close_up_facial,train,acne_284.jpg,pseudo-label + correct (training),False,,False,False
2-53-_jpg.rf.e554fe11fb448e5decefe498e7915d32.jpg,C:/Users/Bautista/Downloads/PrecisionSkin/Classes/Acne/2-53-_jpg.rf.e554fe11fb448e5decefe498e7915d32.jpg,full_face,train,2-53-_jpg,pseudo-label + correct (training),False,,False,False
acne-face-1-23__ProtectWyJQcm90ZWN0Il0_FocusFillWzI5NCwyMjIsInkiLDg1XQ_jpg.rf.efc981a0e32cba5d39129703fdce1e5e.jpg,C:/Users/Bautista/Downloads/PrecisionSkin/Classes/Acne/acne-face-1-23__ProtectWyJQcm90ZWN0Il0_FocusFillWzI5NCwyMjIsInkiLDg1XQ_jpg.rf.efc981a0e32cba5d39129703fdce1e5e.jpg,close_up_facial,train,acne-face-1-23__protectwyjqcm90zwn0il0_focusfillwzi5ncwymjisinkildg1xq_jpg,pseudo-label + correct (training),False,,False,False
aug_0_4584.jpg,C:/Users/Bautista/Downloads/PrecisionSkin/Classes/Acne/aug_0_4584.jpg,close_up_facial,train,aug_0_4584.jpg,pseudo-label + correct (training),False,,False,False
acne-pustular-42_jpg.rf.286ca20de892f1ed3b3e34396336d2b9.jpg,C:/Users/Bautista/Downloads/PrecisionSkin/Classes/Acne/acne-pustular-42_jpg.rf.286ca20de892f1ed3b3e34396336d2b9.jpg,full_face,train,acne-pustular-42_jpg,pseudo-label + correct (training),True,Acne,False,True
Acne_325.jpg,C:/Users/Bautista/Downloads/PrecisionSkin/Classes/Acne/Acne_325.jpg,close_up_facial,train,acne_325.jpg,pseudo-label + correct (training),False,,False,False
acne-pustular-41.jpeg,C:/Users/Bautista/Downloads/PrecisionSkin/Classes/Acne/acne-pustular-41.jpeg,partial_face,train,acne-pustular-41.jpeg,pseudo-label + correct (training),True,Acne,False,True
levle1_562_jpg.rf.5cf285027a6bcfbb87d5d1224a90490d.jpg,C:/Users/Bautista/Downloads/PrecisionSkin/Classes/Acne/levle1_562_jpg.rf.5cf285027a6bcfbb87d5d1224a90490d.jpg,partial_face,train,levle1_562_jpg,pseudo-label + correct (training),False,,True,True
u06kz58buhi11.png,C:/Users/Bautista/Downloads/PrecisionSkin/Classes/Acne/u06kz58buhi11.png,partial_face,train,u06kz58buhi11.png,pseudo-label + correct (training),False,,False,False
upscaled_1809_png.rf.7849dbfb280c4a095fb4a2b4cfa468ed.jpg,C:/Users/Bautista/Downloads/PrecisionSkin/Classes/Acne/upscaled_1809_png.rf.7849dbfb280c4a095fb4a2b4cfa468ed.jpg,close_up_facial,train,upscaled_1809_png,pseudo-label + correct (training),False,,False,False
aug_101_acne-pustular-20.jpg,C:/Users/Bautista/Downloads/PrecisionSkin/Classes/Acne/aug_101_acne-pustular-20.jpg,close_up_facial,train,aug_101_acne-pustular-20.jpg,pseudo-label + correct (training),False,,False,False
aug_0_7522.jpg,C:/Users/Bautista/Downloads/PrecisionSkin/Classes/Acne/aug_0_7522.jpg,close_up_facial,train,aug_0_7522.jpg,pseudo-label + correct (training),False,,False,False
pigmentation_0_6566_jpeg.rf.d039573647295851bc0618b065666760.jpg,C:/Users/Bautista/Downloads/PrecisionSkin/Classes/Acne/pigmentation_0_6566_jpeg.rf.d039573647295851bc0618b065666760.jpg,partial_face,train,pigmentation_0_6566_jpeg,pseudo-label + correct (training),False,,False,False
pigmentation_0_1247_jpeg.rf.d328906afe0d1b725fc42799a9e8c027.jpg,C:/Users/Bautista/Downloads/PrecisionSkin/Classes/Acne/pigmentation_0_1247_jpeg.rf.d328906afe0d1b725fc42799a9e8c027.jpg,partial_face,train,pigmentation_0_1247_jpeg,pseudo-label + correct (training),False,,False,False
Acne_366.jpg,C:/Users/Bautista/Downloads/PrecisionSkin/Classes/Acne/Acne_366.jpg,close_up_facial,train,acne_366.jpg,pseudo-label + correct (training),False,,False,False
aug_125_5.jpg,C:/Users/Bautista/Downloads/PrecisionSkin/Classes/Acne/aug_125_5.jpg,partial_face,train,aug_125_5.jpg,pseudo-label + correct (training),False,,False,False
upscaled_0_png.rf.4a45e5ffda3950893de119c1cd3b8fbe.jpg,C:/Users/Bautista/Downloads/PrecisionSkin/Classes/Acne/upscaled_0_png.rf.4a45e5ffda3950893de119c1cd3b8fbe.jpg,close_up_facial,train,upscaled_0_png,pseudo-label + correct (training),False,,False,False
54a279bcec5a872af278da1d9a9f7337--clear-skin-acne.jpg,C:/Users/Bautista/Downloads/PrecisionSkin/Classes/Acne/54a279bcec5a872af278da1d9a9f7337--clear-skin-acne.jpg,partial_face,train,54a279bcec5a872af278da1d9a9f7337--clear-skin-acne.jpg,pseudo-label + correct (training),False,,False,False
pigmentation_0_961.jpeg,C:/Users/Bautista/Downloads/PrecisionSkin/Classes/Acne/pigmentation_0_961.jpeg,close_up_facial,validation,pigmentation_0_961.jpeg,pseudo-label + correct (validation),False,,False,False
upscaled_1115_png.rf.e015b3634be488150dc3e6d7d49bb5a9.jpg,C:/Users/Bautista/Downloads/PrecisionSkin/Classes/Acne/upscaled_1115_png.rf.e015b3634be488150dc3e6d7d49bb5a9.jpg,close_up_facial,validation,upscaled_1115_png,pseudo-label + correct (validation),False,,False,False
40_jpg.rf.f0bc16a8adefe2fad25bb317479fa962.jpg,C:/Users/Bautista/Downloads/PrecisionSkin/Classes/Acne/40_jpg.rf.f0bc16a8adefe2fad25bb317479fa962.jpg,close_up_facial,validation,40_jpg,pseudo-label + correct (validation),False,,True,True
pigmentation_0_2051_jpeg.rf.d21038ce11ec695bcdf5c6874f414ed6.jpg,C:/Users/Bautista/Downloads/PrecisionSkin/Classes/Acne/pigmentation_0_2051_jpeg.rf.d21038ce11ec695bcdf5c6874f414ed6.jpg,partial_face,validation,pigmentation_0_2051_jpeg,pseudo-label + correct (validation),False,,False,False
acne87.png,C:/Users/Bautista/Downloads/PrecisionSkin/Classes/Acne/acne87.png,close_up_facial,validation,acne87.png,pseudo-label + correct (validation),False,,False,False
2-53-1-Copy_jpg.rf.c31b584a28da2bd64cbb9502a78ae232.jpg,C:/Users/Bautista/Downloads/PrecisionSkin/Classes/Acne/2-53-1-Copy_jpg.rf.c31b584a28da2bd64cbb9502a78ae232.jpg,full_face,validation,2-53-1-copy_jpg,pseudo-label + correct (validation),False,,False,False
upscaled_1113_png.rf.9bebc6bef0a6e6dada31e073542d7ed7.jpg,C:/Users/Bautista/Downloads/PrecisionSkin/Classes/Acne/upscaled_1113_png.rf.9bebc6bef0a6e6dada31e073542d7ed7.jpg,close_up_facial,validation,upscaled_1113_png,pseudo-label + correct (validation),False,,False,False
aug_0_4679.jpg,C:/Users/Bautista/Downloads/PrecisionSkin/Classes/Acne/aug_0_4679.jpg,close_up_facial,validation,aug_0_4679.jpg,pseudo-label + correct (validation),False,,False,False
Before.jpg,C:/Users/Bautista/Downloads/PrecisionSkin/Classes/Acne/Before.jpg,close_up_facial,validation,before.jpg,pseudo-label + correct (validation),False,,False,False
aug_104_f297fe78c11b78d8907dceea58a45e41.jpg,C:/Users/Bautista/Downloads/PrecisionSkin/Classes/Acne/aug_104_f297fe78c11b78d8907dceea58a45e41.jpg,partial_face,validation,aug_104_f297fe78c11b78d8907dceea58a45e41.jpg,pseudo-label + correct (validation),False,,False,False
levle1_8_jpg.rf.5f09ab2833399a62c75a3923b18a5315.jpg,C:/Users/Bautista/Downloads/PrecisionSkin/Classes/Acne/levle1_8_jpg.rf.5f09ab2833399a62c75a3923b18a5315.jpg,close_up_facial,validation,levle1_8_jpg,pseudo-label + correct (validation),False,,True,True
pigmentation_0_1141_jpeg.rf.8824eebaeaa4312136b93f9b42c3b4a4.jpg,C:/Users/Bautista/Downloads/PrecisionSkin/Classes/Acne/pigmentation_0_1141_jpeg.rf.8824eebaeaa4312136b93f9b42c3b4a4.jpg,partial_face,validation,pigmentation_0_1141_jpeg,pseudo-label + correct (validation),False,,False,False
aug_187_28.png,C:/Users/Bautista/Downloads/PrecisionSkin/Classes/Acne/aug_187_28.png,close_up_facial,validation,aug_187_28.png,pseudo-label + correct (validation),False,,False,False
acne-face-1-44__ProtectWyJQcm90ZWN0Il0_FocusFillWzI5NCwyMjIsInkiLDg1XQ.jpeg,C:/Users/Bautista/Downloads/PrecisionSkin/Classes/Acne/acne-face-1-44__ProtectWyJQcm90ZWN0Il0_FocusFillWzI5NCwyMjIsInkiLDg1XQ.jpeg,close_up_facial,validation,acne-face-1-44__protectwyjqcm90zwn0il0_focusfillwzi5ncwymjisinkildg1xq.jpeg,pseudo-label + correct (validation),False,,False,False
acne21.png,C:/Users/Bautista/Downloads/PrecisionSkin/Classes/Acne/acne21.png,partial_face,validation,acne21.png,pseudo-label + correct (validation),False,,False,False
aug_0_5154.jpg,C:/Users/Bautista/Downloads/PrecisionSkin/Classes/Acne/aug_0_5154.jpg,close_up_facial,validation,aug_0_5154.jpg,pseudo-label + correct (validation),False,,False,False
Thirteen-ways-to-remove-acne-scars-quickly-in-one-day-1-_jpg.rf.30f3db7d62cb8b931ad3cb11d1023952.jpg,C:/Users/Bautista/Downloads/PrecisionSkin/Classes/Acne/Thirteen-ways-to-remove-acne-scars-quickly-in-one-day-1-_jpg.rf.30f3db7d62cb8b931ad3cb11d1023952.jpg,partial_face,validation,thirteen-ways-to-remove-acne-scars-quickly-in-one-day-1-_jpg,pseudo-label + correct (validation),False,,False,False
upscaled_603_png.rf.b7da7d5c3e4f11f8106b24e2f922f11a.jpg,C:/Users/Bautista/Downloads/PrecisionSkin/Classes/Acne/upscaled_603_png.rf.b7da7d5c3e4f11f8106b24e2f922f11a.jpg,close_up_facial,validation,upscaled_603_png,pseudo-label + correct (validation),False,,False,False
pigmentation_0_1729_jpeg.rf.17665f555493d99ea641a94ae675e4b7.jpg,C:/Users/Bautista/Downloads/PrecisionSkin/Classes/Acne/pigmentation_0_1729_jpeg.rf.17665f555493d99ea641a94ae675e4b7.jpg,full_face,validation,pigmentation_0_1729_jpeg,pseudo-label + correct (validation),False,,False,False
acne-excoriated-28.jpeg,C:/Users/Bautista/Downloads/PrecisionSkin/Classes/Acne/acne-excoriated-28.jpeg,full_face,validation,acne-excoriated-28.jpeg,pseudo-label + correct (validation),False,,False,False
aug_0_2191.jpg,C:/Users/Bautista/Downloads/PrecisionSkin/Classes/Acne/aug_0_2191.jpg,close_up_facial,validation,aug_0_2191.jpg,pseudo-label + correct (validation),False,,False,False
aug_0_8511.jpg,C:/Users/Bautista/Downloads/PrecisionSkin/Classes/Acne/aug_0_8511.jpg,partial_face,validation,aug_0_8511.jpg,pseudo-label + correct (validation),False,,False,False
upscaled_1496_png.rf.119b7bc869a6443dbe17b57a2c24007f.jpg,C:/Users/Bautista/Downloads/PrecisionSkin/Classes/Acne/upscaled_1496_png.rf.119b7bc869a6443dbe17b57a2c24007f.jpg,close_up_facial,validation,upscaled_1496_png,pseudo-label + correct (validation),False,,False,False
upscaled_1537_png.rf.5752e5c221fc1ad3a1b5517a55cb2741.jpg,C:/Users/Bautista/Downloads/PrecisionSkin/Classes/Acne/upscaled_1537_png.rf.5752e5c221fc1ad3a1b5517a55cb2741.jpg,partial_face,validation,upscaled_1537_png,pseudo-label + correct (validation),False,,False,False
aug_32_acne-open-comedo-41.jpg,C:/Users/Bautista/Downloads/PrecisionSkin/Classes/Acne/aug_32_acne-open-comedo-41.jpg,close_up_facial,validation,aug_32_acne-open-comedo-41.jpg,pseudo-label + correct (validation),True,Acne,False,True
upscaled_177_png.rf.28cce0e9f6b71efe127aeee2d52c5a1c.jpg,C:/Users/Bautista/Downloads/PrecisionSkin/Classes/Acne/upscaled_177_png.rf.28cce0e9f6b71efe127aeee2d52c5a1c.jpg,partial_face,validation,upscaled_177_png,pseudo-label + correct (validation),False,,False,False
acne-face-1-20__ProtectWyJQcm90ZWN0Il0_FocusFillWzI5NCwyMjIsIngiLDFd.jpeg,C:/Users/Bautista/Downloads/PrecisionSkin/Classes/Acne/acne-face-1-20__ProtectWyJQcm90ZWN0Il0_FocusFillWzI5NCwyMjIsIngiLDFd.jpeg,close_up_facial,validation,acne-face-1-20__protectwyjqcm90zwn0il0_focusfillwzi5ncwymjisingildfd.jpeg,pseudo-label + correct (validation),False,,False,False
upscaled_440_png.rf.2fe0040c6931a2c127f8e154ba70e112.jpg,C:/Users/Bautista/Downloads/PrecisionSkin/Classes/Acne/upscaled_440_png.rf.2fe0040c6931a2c127f8e154ba70e112.jpg,close_up_facial,validation,upscaled_440_png,pseudo-label + correct (validation),False,,False,False
acne-face-1-37__ProtectWyJQcm90ZWN0Il0_FocusFillWzI5NCwyMjIsIngiLDFd.jpeg,C:/Users/Bautista/Downloads/PrecisionSkin/Classes/Acne/acne-face-1-37__ProtectWyJQcm90ZWN0Il0_FocusFillWzI5NCwyMjIsIngiLDFd.jpeg,partial_face,validation,acne-face-1-37__protectwyjqcm90zwn0il0_focusfillwzi5ncwymjisingildfd.jpeg,pseudo-label + correct (validation),False,,False,False
upscaled_2794_png.rf.15b37a304097150ef97ee16c53ecfcca.jpg,C:/Users/Bautista/Downloads/PrecisionSkin/Classes/Acne/upscaled_2794_png.rf.15b37a304097150ef97ee16c53ecfcca.jpg,close_up_facial,validation,upscaled_2794_png,pseudo-label + correct (validation),False,,False,False
3640563448075598133.png,C:/Users/Bautista/Downloads/PrecisionSkin/Classes/Acne/3640563448075598133.png,close_up_facial,validation,3640563448075598133.png,pseudo-label + correct (validation),False,,False,False
aug_111_acne-face-12__ProtectWyJQcm90ZWN0Il0_FocusFillWzI5NCwyMjIsIngiLDFd.jpeg,C:/Users/Bautista/Downloads/PrecisionSkin/Classes/Acne/aug_111_acne-face-12__ProtectWyJQcm90ZWN0Il0_FocusFillWzI5NCwyMjIsIngiLDFd.jpeg,close_up_facial,validation,aug_111_acne-face-12__protectwyjqcm90zwn0il0_focusfillwzi5ncwymjisingildfd.jpeg,pseudo-label + correct (validation),False,,False,False
upscaled_1515_png.rf.4d8d94c4aab4a944922916ae84e88455.jpg,C:/Users/Bautista/Downloads/PrecisionSkin/Classes/Acne/upscaled_1515_png.rf.4d8d94c4aab4a944922916ae84e88455.jpg,close_up_facial,validation,upscaled_1515_png,pseudo-label + correct (validation),False,,False,False
08PerioralDerm11_jpg.rf.004e21761c248827c5d826f8964994a5.jpg,C:/Users/Bautista/Downloads/PrecisionSkin/Classes/Acne/08PerioralDerm11_jpg.rf.004e21761c248827c5d826f8964994a5.jpg,partial_face,validation,08perioralderm11_jpg,pseudo-label + correct (validation),False,,False,False
rosacea-58_jpg.rf.2516ac520d6b1fe4565f3aab5d5b2c4f.jpg,C:/Users/Bautista/Downloads/PrecisionSkin/Classes/Acne/rosacea-58_jpg.rf.2516ac520d6b1fe4565f3aab5d5b2c4f.jpg,full_face,validation,rosacea-58_jpg,pseudo-label + correct (validation),False,,False,False
acne-closed-comedo-10_jpg.rf.899ced924106c836ba01e8b289f95891.jpg,C:/Users/Bautista/Downloads/PrecisionSkin/Classes/Acne/acne-closed-comedo-10_jpg.rf.899ced924106c836ba01e8b289f95891.jpg,full_face,validation,acne-closed-comedo-10_jpg,pseudo-label + correct (validation),False,,False,False
IMG_2145-1.jpg,C:/Users/Bautista/Downloads/PrecisionSkin/Classes/Acne/IMG_2145-1.jpg,partial_face,validation,img_2145-1.jpg,pseudo-label + correct (validation),False,,False,False
pigmentation_0_3064_jpeg.rf.5ebdb01818847725fa7e27d62c24b91d.jpg,C:/Users/Bautista/Downloads/PrecisionSkin/Classes/Acne/pigmentation_0_3064_jpeg.rf.5ebdb01818847725fa7e27d62c24b91d.jpg,partial_face,validation,pigmentation_0_3064_jpeg,pseudo-label + correct (validation),False,,False,False
resize.jpg,C:/Users/Bautista/Downloads/PrecisionSkin/Classes/Acne/resize.jpg,partial_face,validation,resize.jpg,pseudo-label + correct (validation),False,,False,False
aug_363_pigmentation_0_5203.jpeg,C:/Users/Bautista/Downloads/PrecisionSkin/Classes/Acne/aug_363_pigmentation_0_5203.jpeg,partial_face,validation,aug_363_pigmentation_0_5203.jpeg,pseudo-label + correct (validation),False,,False,False
12_jpg.rf.81815597daf36f9c6c4192864e6b0830.jpg,C:/Users/Bautista/Downloads/PrecisionSkin/Classes/Acne/12_jpg.rf.81815597daf36f9c6c4192864e6b0830.jpg,partial_face,validation,12_jpg,pseudo-label + correct (validation),False,,True,True
aug_0_6855.jpg,C:/Users/Bautista/Downloads/PrecisionSkin/Classes/Acne/aug_0_6855.jpg,close_up_facial,validation,aug_0_6855.jpg,pseudo-label + correct (validation),False,,False,False
acne-pustular-41_jpg.rf.640a38ffd30064e2daa998e3033eb139.jpg,C:/Users/Bautista/Downloads/PrecisionSkin/Classes/Acne/acne-pustular-41_jpg.rf.640a38ffd30064e2daa998e3033eb139.jpg,partial_face,validation,acne-pustular-41_jpg,pseudo-label + correct (validation),True,Acne,False,True
upscaled_1682_png.rf.310c620cba22d4d10a09595622cb6af9.jpg,C:/Users/Bautista/Downloads/PrecisionSkin/Classes/Acne/upscaled_1682_png.rf.310c620cba22d4d10a09595622cb6af9.jpg,close_up_facial,validation,upscaled_1682_png,pseudo-label + correct (validation),False,,False,False
aug_192_acne-face-5-5__ProtectWyJQcm90ZWN0Il0_FocusFillWzI5NCwyMjIsIngiLDFd.jpeg,C:/Users/Bautista/Downloads/PrecisionSkin/Classes/Acne/aug_192_acne-face-5-5__ProtectWyJQcm90ZWN0Il0_FocusFillWzI5NCwyMjIsIngiLDFd.jpeg,close_up_facial,validation,aug_192_acne-face-5-5__protectwyjqcm90zwn0il0_focusfillwzi5ncwymjisingildfd.jpeg,pseudo-label + correct (validation),False,,False,False
tumblr_npa77rk2UW1r8l3gko1_400-1-_png.rf.e4486484e07eb065e217df38dd18c986.jpg,C:/Users/Bautista/Downloads/PrecisionSkin/Classes/Acne/tumblr_npa77rk2UW1r8l3gko1_400-1-_png.rf.e4486484e07eb065e217df38dd18c986.jpg,partial_face,validation,tumblr_npa77rk2uw1r8l3gko1_400-1-_png,pseudo-label + correct (validation),False,,False,False
aug_0_2681.jpg,C:/Users/Bautista/Downloads/PrecisionSkin/Classes/Acne/aug_0_2681.jpg,close_up_facial,validation,aug_0_2681.jpg,pseudo-label + correct (validation),False,,False,False
aug_30_55.jpg,C:/Users/Bautista/Downloads/PrecisionSkin/Classes/Acne/aug_30_55.jpg,partial_face,validation,aug_30_55.jpg,pseudo-label + correct (validation),False,,False,False
pigmentation_0_5039_jpeg.rf.835d6cc07b1f24d206a680998f1d7eb8.jpg,C:/Users/Bautista/Downloads/PrecisionSkin/Classes/Acne/pigmentation_0_5039_jpeg.rf.835d6cc07b1f24d206a680998f1d7eb8.jpg,partial_face,validation,pigmentation_0_5039_jpeg,pseudo-label + correct (validation),False,,False,False
levle2_134_jpg.rf.8348bb529e5805178da762beec29fa31.jpg,C:/Users/Bautista/Downloads/PrecisionSkin/Classes/Acne/levle2_134_jpg.rf.8348bb529e5805178da762beec29fa31.jpg,full_face,validation,levle2_134_jpg,pseudo-label + correct (validation),False,,True,True
aug_217_acne-face-1-4__ProtectWyJQcm90ZWN0Il0_FocusFillWzI5NCwyMjIsIngiLDFd.jpeg,C:/Users/Bautista/Downloads/PrecisionSkin/Classes/Acne/aug_217_acne-face-1-4__ProtectWyJQcm90ZWN0Il0_FocusFillWzI5NCwyMjIsIngiLDFd.jpeg,partial_face,validation,aug_217_acne-face-1-4__protectwyjqcm90zwn0il0_focusfillwzi5ncwymjisingildfd.jpeg,pseudo-label + correct (validation),False,,False,False
aug_0_642.jpg,C:/Users/Bautista/Downloads/PrecisionSkin/Classes/Acne/aug_0_642.jpg,close_up_facial,validation,aug_0_642.jpg,pseudo-label + correct (validation),False,,False,False
pigmentation_0_3597_jpeg.rf.cea4060c53c90675529510b1960b2c34.jpg,C:/Users/Bautista/Downloads/PrecisionSkin/Classes/Acne/pigmentation_0_3597_jpeg.rf.cea4060c53c90675529510b1960b2c34.jpg,partial_face,validation,pigmentation_0_3597_jpeg,pseudo-label + correct (validation),False,,False,False
OIP-7-_jpg.rf.a8301c492258de43600945dd2904d2cd.jpg,C:/Users/Bautista/Downloads/PrecisionSkin/Classes/Acne/OIP-7-_jpg.rf.a8301c492258de43600945dd2904d2cd.jpg,partial_face,validation,oip-7-_jpg,pseudo-label + correct (validation),False,,False,False
pigmentation_0_8582_jpeg.rf.96d5759cd411c6bd58e50b0f9c5201f1.jpg,C:/Users/Bautista/Downloads/PrecisionSkin/Classes/Acne/pigmentation_0_8582_jpeg.rf.96d5759cd411c6bd58e50b0f9c5201f1.jpg,partial_face,validation,pigmentation_0_8582_jpeg,pseudo-label + correct (validation),False,,False,False
levle1_430_jpg.rf.17a2b3836e192a380b2ac73a6ec8a55a.jpg,C:/Users/Bautista/Downloads/PrecisionSkin/Classes/Acne/levle1_430_jpg.rf.17a2b3836e192a380b2ac73a6ec8a55a.jpg,full_face,validation,levle1_430_jpg,pseudo-label + correct (validation),False,,True,True
upscaled_94_png.rf.aedd42936bd0e08d6459e020116ea637.jpg,C:/Users/Bautista/Downloads/PrecisionSkin/Classes/Acne/upscaled_94_png.rf.aedd42936bd0e08d6459e020116ea637.jpg,close_up_facial,validation,upscaled_94_png,pseudo-label + correct (validation),False,,False,False
levle1_596_jpg.rf.a791679b043eecd335842ca5b9f49736.jpg,C:/Users/Bautista/Downloads/PrecisionSkin/Classes/Acne/levle1_596_jpg.rf.a791679b043eecd335842ca5b9f49736.jpg,full_face,validation,levle1_596_jpg,pseudo-label + correct (validation),False,,True,True
pigmentation_0_3903_jpeg.rf.4cc4cfe7ead57d77d4107100ee3533eb.jpg,C:/Users/Bautista/Downloads/PrecisionSkin/Classes/Acne/pigmentation_0_3903_jpeg.rf.4cc4cfe7ead57d77d4107100ee3533eb.jpg,close_up_facial,validation,pigmentation_0_3903_jpeg,pseudo-label + correct (validation),False,,False,False
14_jpg.rf.f1d6d4afa4d43d6b1fe591161764a3ea.jpg,C:/Users/Bautista/Downloads/PrecisionSkin/Classes/Acne/14_jpg.rf.f1d6d4afa4d43d6b1fe591161764a3ea.jpg,full_face,validation,14_jpg,pseudo-label + correct (validation),False,,True,True
pigmentation_0_1346_jpeg.rf.cb99799af660d6b011ef9be95bb2dce6.jpg,C:/Users/Bautista/Downloads/PrecisionSkin/Classes/Acne/pigmentation_0_1346_jpeg.rf.cb99799af660d6b011ef9be95bb2dce6.jpg,close_up_facial,validation,pigmentation_0_1346_jpeg,pseudo-label + correct (validation),False,,False,False
R-41-_jpg.rf.748263604b12d5c3582e3a424c5f1d48.jpg,C:/Users/Bautista/Downloads/PrecisionSkin/Classes/Acne/R-41-_jpg.rf.748263604b12d5c3582e3a424c5f1d48.jpg,close_up_facial,validation,r-41-_jpg,pseudo-label + correct (validation),False,,False,False
upscaled_667_png.rf.8261ea8f440eea3454cba9e57830da54.jpg,C:/Users/Bautista/Downloads/PrecisionSkin/Classes/Acne/upscaled_667_png.rf.8261ea8f440eea3454cba9e57830da54.jpg,close_up_facial,validation,upscaled_667_png,pseudo-label + correct (validation),False,,False,False
acne-face-1-52__ProtectWyJQcm90ZWN0Il0_FocusFillWzI5NCwyMjIsIngiLDFd.jpeg,C:/Users/Bautista/Downloads/PrecisionSkin/Classes/Acne/acne-face-1-52__ProtectWyJQcm90ZWN0Il0_FocusFillWzI5NCwyMjIsIngiLDFd.jpeg,partial_face,validation,acne-face-1-52__protectwyjqcm90zwn0il0_focusfillwzi5ncwymjisingildfd.jpeg,pseudo-label + correct (validation),False,,False,False
6246276572404245701.png,C:/Users/Bautista/Downloads/PrecisionSkin/Classes/Acne/6246276572404245701.png,close_up_facial,validation,6246276572404245701.png,pseudo-label + correct (validation),False,,False,False
Acne_340.jpg,C:/Users/Bautista/Downloads/PrecisionSkin/Classes/Acne/Acne_340.jpg,close_up_facial,validation,acne_340.jpg,pseudo-label + correct (validation),False,,False,False
28.png,C:/Users/Bautista/Downloads/PrecisionSkin/Classes/Acne/28.png,close_up_facial,validation,28.png,pseudo-label + correct (validation),False,,False,False
upscaled_2477_png.rf.bf968af400a8702515dfbad122e0a59c.jpg,C:/Users/Bautista/Downloads/PrecisionSkin/Classes/Acne/upscaled_2477_png.rf.bf968af400a8702515dfbad122e0a59c.jpg,close_up_facial,validation,upscaled_2477_png,pseudo-label + correct (validation),False,,False,False
acne-face-1-39__ProtectWyJQcm90ZWN0Il0_FocusFillWzI5NCwyMjIsInkiLDg1XQ.jpeg,C:/Users/Bautista/Downloads/PrecisionSkin/Classes/Acne/acne-face-1-39__ProtectWyJQcm90ZWN0Il0_FocusFillWzI5NCwyMjIsInkiLDg1XQ.jpeg,close_up_facial,validation,acne-face-1-39__protectwyjqcm90zwn0il0_focusfillwzi5ncwymjisinkildg1xq.jpeg,pseudo-label + correct (validation),True,Acne,False,True
upscaled_397_png.rf.f122a0f77536d0b14c0d42d73777deba.jpg,C:/Users/Bautista/Downloads/PrecisionSkin/Classes/Acne/upscaled_397_png.rf.f122a0f77536d0b14c0d42d73777deba.jpg,close_up_facial,validation,upscaled_397_png,pseudo-label + correct (validation),False,,False,False
aug_249_acne-open-comedo-22.jpg,C:/Users/Bautista/Downloads/PrecisionSkin/Classes/Acne/aug_249_acne-open-comedo-22.jpg,close_up_facial,validation,aug_249_acne-open-comedo-22.jpg,pseudo-label + correct (validation),False,,False,False
pigmentation_0_3040.jpeg,C:/Users/Bautista/Downloads/PrecisionSkin/Classes/Acne/pigmentation_0_3040.jpeg,close_up_facial,validation,pigmentation_0_3040.jpeg,pseudo-label + correct (validation),False,,False,False
aug_159_acne-face-1-45__ProtectWyJQcm90ZWN0Il0_FocusFillWzI5NCwyMjIsIngiLDFd.jpeg,C:/Users/Bautista/Downloads/PrecisionSkin/Classes/Acne/aug_159_acne-face-1-45__ProtectWyJQcm90ZWN0Il0_FocusFillWzI5NCwyMjIsIngiLDFd.jpeg,close_up_facial,validation,aug_159_acne-face-1-45__protectwyjqcm90zwn0il0_focusfillwzi5ncwymjisingildfd.jpeg,pseudo-label + correct (validation),False,,False,False
acne-cystic-123_jpg.rf.4971c16f6d09bda1addd5b1223beac51.jpg,C:/Users/Bautista/Downloads/PrecisionSkin/Classes/Acne/acne-cystic-123_jpg.rf.4971c16f6d09bda1addd5b1223beac51.jpg,partial_face,validation,acne-cystic-123_jpg,pseudo-label + correct (validation),False,,False,False
aug_0_946.jpg,C:/Users/Bautista/Downloads/PrecisionSkin/Classes/Acne/aug_0_946.jpg,close_up_facial,validation,aug_0_946.jpg,pseudo-label + correct (validation),False,,False,False
pigmentation_0_1017.jpeg,C:/Users/Bautista/Downloads/PrecisionSkin/Classes/Acne/pigmentation_0_1017.jpeg,partial_face,validation,pigmentation_0_1017.jpeg,pseudo-label + correct (validation),False,,False,False
upscaled_2318_png.rf.0858eb8a88eb0a68aa4a31689001dda9.jpg,C:/Users/Bautista/Downloads/PrecisionSkin/Classes/Acne/upscaled_2318_png.rf.0858eb8a88eb0a68aa4a31689001dda9.jpg,close_up_facial,validation,upscaled_2318_png,pseudo-label + correct (validation),False,,False,False
levle1_59_jpg.rf.8228eaeba74f0a1a07e1eb833540af92.jpg,C:/Users/Bautista/Downloads/PrecisionSkin/Classes/Acne/levle1_59_jpg.rf.8228eaeba74f0a1a07e1eb833540af92.jpg,partial_face,validation,levle1_59_jpg,pseudo-label + correct (validation),False,,True,True
aug_96_acne11.jpg,C:/Users/Bautista/Downloads/PrecisionSkin/Classes/Acne/aug_96_acne11.jpg,partial_face,validation,aug_96_acne11.jpg,pseudo-label + correct (validation),False,,False,False
aug_246_acne-face-36__ProtectWyJQcm90ZWN0Il0_FocusFillWzI5NCwyMjIsIngiLDFd.jpeg,C:/Users/Bautista/Downloads/PrecisionSkin/Classes/Acne/aug_246_acne-face-36__ProtectWyJQcm90ZWN0Il0_FocusFillWzI5NCwyMjIsIngiLDFd.jpeg,partial_face,validation,aug_246_acne-face-36__protectwyjqcm90zwn0il0_focusfillwzi5ncwymjisingildfd.jpeg,pseudo-label + correct (validation),False,,False,False
1rlnayp9x3n21111_png.rf.20b1219f5ed6a7411373ac5d88fb62dc.jpg,C:/Users/Bautista/Downloads/PrecisionSkin/Classes/Acne/1rlnayp9x3n21111_png.rf.20b1219f5ed6a7411373ac5d88fb62dc.jpg,partial_face,validation,1rlnayp9x3n21111_png,pseudo-label + correct (validation),False,,False,False
aug_177_acne-face-3-10__ProtectWyJQcm90ZWN0Il0_FocusFillWzI5NCwyMjIsInkiLDg1XQ.jpeg,C:/Users/Bautista/Downloads/PrecisionSkin/Classes/Acne/aug_177_acne-face-3-10__ProtectWyJQcm90ZWN0Il0_FocusFillWzI5NCwyMjIsInkiLDg1XQ.jpeg,close_up_facial,validation,aug_177_acne-face-3-10__protectwyjqcm90zwn0il0_focusfillwzi5ncwymjisinkildg1xq.jpeg,pseudo-label + correct (validation),False,,False,False
C0384489-Nodular_acne.jpg,C:/Users/Bautista/Downloads/PrecisionSkin/Classes/Acne/C0384489-Nodular_acne.jpg,partial_face,validation,c0384489-nodular_acne.jpg,pseudo-label + correct (validation),True,Acne,False,True
aug_66_OIP (31).jpg,C:/Users/Bautista/Downloads/PrecisionSkin/Classes/Acne/aug_66_OIP (31).jpg,partial_face,validation,aug_66_oip (31).jpg,pseudo-label + correct (validation),False,,False,False
pigmentation_0_7896_jpeg.rf.50bdb1780c339c92e7d93812094cda64.jpg,C:/Users/Bautista/Downloads/PrecisionSkin/Classes/Acne/pigmentation_0_7896_jpeg.rf.50bdb1780c339c92e7d93812094cda64.jpg,partial_face,validation,pigmentation_0_7896_jpeg,pseudo-label + correct (validation),False,,False,False
upscaled_1163_png.rf.e44157541a42a0086cc60fd9dcf0b03b.jpg,C:/Users/Bautista/Downloads/PrecisionSkin/Classes/Acne/upscaled_1163_png.rf.e44157541a42a0086cc60fd9dcf0b03b.jpg,close_up_facial,validation,upscaled_1163_png,pseudo-label + correct (validation),False,,False,False
acne-infantile-12.jpeg,C:/Users/Bautista/Downloads/PrecisionSkin/Classes/Acne/acne-infantile-12.jpeg,partial_face,validation,acne-infantile-12.jpeg,pseudo-label + correct (validation),False,,False,False
IMG_0062_JPG_jpg.rf.3ba7d79db489c49956e0f667ce235d42.jpg,C:/Users/Bautista/Downloads/PrecisionSkin/Classes/Acne/IMG_0062_JPG_jpg.rf.3ba7d79db489c49956e0f667ce235d42.jpg,close_up_facial,validation,img_0062_jpg_jpg,pseudo-label + correct (validation),False,,False,False
acne-cystic-132.jpeg,C:/Users/Bautista/Downloads/PrecisionSkin/Classes/Acne/acne-cystic-132.jpeg,partial_face,validation,acne-cystic-132.jpeg,pseudo-label + correct (validation),False,,False,False
upscaled_1358_png.rf.3ddcaafa5a1e0c26a9617e34b3b9fd4b.jpg,C:/Users/Bautista/Downloads/PrecisionSkin/Classes/Acne/upscaled_1358_png.rf.3ddcaafa5a1e0c26a9617e34b3b9fd4b.jpg,close_up_facial,validation,upscaled_1358_png,pseudo-label + correct (validation),False,,False,False
pigmentation_0_9953_jpeg.rf.d3ec73b8adc808d83aa314ce335487cb.jpg,C:/Users/Bautista/Downloads/PrecisionSkin/Classes/Acne/pigmentation_0_9953_jpeg.rf.d3ec73b8adc808d83aa314ce335487cb.jpg,partial_face,validation,pigmentation_0_9953_jpeg,pseudo-label + correct (validation),False,,False,False
pigmentation_0_7309_jpeg.rf.e9a8d28232cc0a27da9933c0025e3924.jpg,C:/Users/Bautista/Downloads/PrecisionSkin/Classes/Acne/pigmentation_0_7309_jpeg.rf.e9a8d28232cc0a27da9933c0025e3924.jpg,partial_face,validation,pigmentation_0_7309_jpeg,pseudo-label + correct (validation),False,,False,False
acne-face-3-9__ProtectWyJQcm90ZWN0Il0_FocusFillWzI5NCwyMjIsIngiLDFd_jpg.rf.3bcf94b77646adb579ad96352d75a6cc.jpg,C:/Users/Bautista/Downloads/PrecisionSkin/Classes/Acne/acne-face-3-9__ProtectWyJQcm90ZWN0Il0_FocusFillWzI5NCwyMjIsIngiLDFd_jpg.rf.3bcf94b77646adb579ad96352d75a6cc.jpg,close_up_facial,validation,acne-face-3-9__protectwyjqcm90zwn0il0_focusfillwzi5ncwymjisingildfd_jpg,pseudo-label + correct (validation),False,,False,False
upscaled_986_png.rf.4362646660a1de1c52e808805035e7ea.jpg,C:/Users/Bautista/Downloads/PrecisionSkin/Classes/Acne/upscaled_986_png.rf.4362646660a1de1c52e808805035e7ea.jpg,close_up_facial,validation,upscaled_986_png,pseudo-label + correct (validation),False,,False,False
acne-open-comedo-73.jpeg,C:/Users/Bautista/Downloads/PrecisionSkin/Classes/Acne/acne-open-comedo-73.jpeg,partial_face,validation,acne-open-comedo-73.jpeg,pseudo-label + correct (validation),False,,False,False
upscaled_69_png.rf.59d5e84dec2ea305077ce69ccbd65dcd.jpg,C:/Users/Bautista/Downloads/PrecisionSkin/Classes/Acne/upscaled_69_png.rf.59d5e84dec2ea305077ce69ccbd65dcd.jpg,close_up_facial,validation,upscaled_69_png,pseudo-label + correct (validation),False,,False,False
upscaled_519_png.rf.b79e3f2facb3576a5a21462a4aab0522.jpg,C:/Users/Bautista/Downloads/PrecisionSkin/Classes/Acne/upscaled_519_png.rf.b79e3f2facb3576a5a21462a4aab0522.jpg,close_up_facial,validation,upscaled_519_png,pseudo-label + correct (validation),False,,False,False
aug_268_acne-face-6-5__ProtectWyJQcm90ZWN0Il0_FocusFillWzI5NCwyMjIsInkiLDVd.jpeg,C:/Users/Bautista/Downloads/PrecisionSkin/Classes/Acne/aug_268_acne-face-6-5__ProtectWyJQcm90ZWN0Il0_FocusFillWzI5NCwyMjIsInkiLDVd.jpeg,close_up_facial,validation,aug_268_acne-face-6-5__protectwyjqcm90zwn0il0_focusfillwzi5ncwymjisinkildvd.jpeg,pseudo-label + correct (validation),False,,False,False
Acne_372.jpg,C:/Users/Bautista/Downloads/PrecisionSkin/Classes/Acne/Acne_372.jpg,close_up_facial,validation,acne_372.jpg,pseudo-label + correct (validation),False,,False,False
Acne_70.jpg,C:/Users/Bautista/Downloads/PrecisionSkin/Classes/Acne/Acne_70.jpg,close_up_facial,validation,acne_70.jpg,pseudo-label + correct (validation),False,,False,False
upscaled_2027_png.rf.b11f32f9b9cf3eb50579f8f60c64e529.jpg,C:/Users/Bautista/Downloads/PrecisionSkin/Classes/Acne/upscaled_2027_png.rf.b11f32f9b9cf3eb50579f8f60c64e529.jpg,close_up_facial,validation,upscaled_2027_png,pseudo-label + correct (validation),False,,False,False
upscaled_1166_png.rf.9d780095bbd71601a014f32d98ab77a8.jpg,C:/Users/Bautista/Downloads/PrecisionSkin/Classes/Acne/upscaled_1166_png.rf.9d780095bbd71601a014f32d98ab77a8.jpg,close_up_facial,validation,upscaled_1166_png,pseudo-label + correct (validation),False,,False,False
upscaled_20_png.rf.fe60497a69ab206fba5b3a214b6bb808.jpg,C:/Users/Bautista/Downloads/PrecisionSkin/Classes/Acne/upscaled_20_png.rf.fe60497a69ab206fba5b3a214b6bb808.jpg,close_up_facial,validation,upscaled_20_png,pseudo-label + correct (validation),False,,False,False
Rosacea-2-Dr-Ben-Barankin-4-e1417628132564-400x302_jpg.rf.d65369f04a25deac372977491435814c.jpg,C:/Users/Bautista/Downloads/PrecisionSkin/Classes/Acne/Rosacea-2-Dr-Ben-Barankin-4-e1417628132564-400x302_jpg.rf.d65369f04a25deac372977491435814c.jpg,close_up_facial,validation,rosacea-2-dr-ben-barankin-4-e1417628132564-400x302_jpg,pseudo-label + correct (validation),False,,False,False
upscaled_524_png.rf.ea6d84d42548b3468a8cf93f70db5095.jpg,C:/Users/Bautista/Downloads/PrecisionSkin/Classes/Acne/upscaled_524_png.rf.ea6d84d42548b3468a8cf93f70db5095.jpg,close_up_facial,validation,upscaled_524_png,pseudo-label + correct (validation),False,,False,False
upscaled_692_png.rf.0fe31e41a3dceabd20a72b50d8963f7c.jpg,C:/Users/Bautista/Downloads/PrecisionSkin/Classes/Acne/upscaled_692_png.rf.0fe31e41a3dceabd20a72b50d8963f7c.jpg,close_up_facial,validation,upscaled_692_png,pseudo-label + correct (validation),False,,False,False
before-after-acne-treatment_jpg.rf.d556804745ce88eb96a3bbaabdbff7e7.jpg,C:/Users/Bautista/Downloads/PrecisionSkin/Classes/Acne/before-after-acne-treatment_jpg.rf.d556804745ce88eb96a3bbaabdbff7e7.jpg,close_up_facial,validation,before-after-acne-treatment_jpg,pseudo-label + correct (validation),False,,False,False
aug_0_586.jpg,C:/Users/Bautista/Downloads/PrecisionSkin/Classes/Acne/aug_0_586.jpg,partial_face,validation,aug_0_586.jpg,pseudo-label + correct (validation),False,,False,False
upscaled_1061_png.rf.7f20238a19a2925bf9f258c79a869e4c.jpg,C:/Users/Bautista/Downloads/PrecisionSkin/Classes/Acne/upscaled_1061_png.rf.7f20238a19a2925bf9f258c79a869e4c.jpg,close_up_facial,validation,upscaled_1061_png,pseudo-label + correct (validation),False,,False,False
pigmentation_0_1629_jpeg.rf.f4a3598fdf889a33e5704e88c6bc3c68.jpg,C:/Users/Bautista/Downloads/PrecisionSkin/Classes/Acne/pigmentation_0_1629_jpeg.rf.f4a3598fdf889a33e5704e88c6bc3c68.jpg,partial_face,validation,pigmentation_0_1629_jpeg,pseudo-label + correct (validation),False,,False,False
upscaled_2070_png.rf.13103f52d98bb9d9d744884d50bfbee7.jpg,C:/Users/Bautista/Downloads/PrecisionSkin/Classes/Acne/upscaled_2070_png.rf.13103f52d98bb9d9d744884d50bfbee7.jpg,close_up_facial,validation,upscaled_2070_png,pseudo-label + correct (validation),False,,False,False
OIP-20-_jpg.rf.d4edc91bb4530d58c7dc1150444f72c8.jpg,C:/Users/Bautista/Downloads/PrecisionSkin/Classes/Acne/OIP-20-_jpg.rf.d4edc91bb4530d58c7dc1150444f72c8.jpg,close_up_facial,validation,oip-20-_jpg,pseudo-label + correct (validation),True,Acne,False,True
pigmentation_0_961_jpeg.rf.80ae9794ea121f1150f970db8fe37d50.jpg,C:/Users/Bautista/Downloads/PrecisionSkin/Classes/Acne/pigmentation_0_961_jpeg.rf.80ae9794ea121f1150f970db8fe37d50.jpg,close_up_facial,validation,pigmentation_0_961_jpeg,pseudo-label + correct (validation),False,,False,False
gallery_205163_12842_79008_jpg.rf.dc1f19ae8071114ac848c7d36813c601.jpg,C:/Users/Bautista/Downloads/PrecisionSkin/Classes/Acne/gallery_205163_12842_79008_jpg.rf.dc1f19ae8071114ac848c7d36813c601.jpg,close_up_facial,validation,gallery_205163_12842_79008_jpg,pseudo-label + correct (validation),False,,False,False
pigmentation_0_1101_jpeg.rf.fa2cb4dffd5168864beb5400cd60e3cb.jpg,C:/Users/Bautista/Downloads/PrecisionSkin/Classes/Acne/pigmentation_0_1101_jpeg.rf.fa2cb4dffd5168864beb5400cd60e3cb.jpg,partial_face,validation,pigmentation_0_1101_jpeg,pseudo-label + correct (validation),False,,False,False
pigmentation_0_39.jpeg,C:/Users/Bautista/Downloads/PrecisionSkin/Classes/Acne/pigmentation_0_39.jpeg,partial_face,validation,pigmentation_0_39.jpeg,pseudo-label + correct (validation),False,,False,False
aug_224_OIP (29).jpg,C:/Users/Bautista/Downloads/PrecisionSkin/Classes/Acne/aug_224_OIP (29).jpg,partial_face,validation,aug_224_oip (29).jpg,pseudo-label + correct (validation),False,,False,False
pigmentation_0_1608_jpeg.rf.51c43dc2888634505bba4f994b99f99d.jpg,C:/Users/Bautista/Downloads/PrecisionSkin/Classes/Acne/pigmentation_0_1608_jpeg.rf.51c43dc2888634505bba4f994b99f99d.jpg,close_up_facial,validation,pigmentation_0_1608_jpeg,pseudo-label + correct (validation),False,,False,False
upscaled_710_png.rf.14b6dc35ec4897dc7d96bcdc7ea2d3c7.jpg,C:/Users/Bautista/Downloads/PrecisionSkin/Classes/Acne/upscaled_710_png.rf.14b6dc35ec4897dc7d96bcdc7ea2d3c7.jpg,close_up_facial,validation,upscaled_710_png,pseudo-label + correct (validation),False,,False,False
42_jpg.rf.ce04e573b781fd967c25a1b933a0b1b7.jpg,C:/Users/Bautista/Downloads/PrecisionSkin/Classes/Acne/42_jpg.rf.ce04e573b781fd967c25a1b933a0b1b7.jpg,partial_face,validation,42_jpg,pseudo-label + correct (validation),False,,True,True
acne-excoriated-28_jpg.rf.b5288113febc2cfb2a83e1b5ac39dec0.jpg,C:/Users/Bautista/Downloads/PrecisionSkin/Classes/Acne/acne-excoriated-28_jpg.rf.b5288113febc2cfb2a83e1b5ac39dec0.jpg,full_face,validation,acne-excoriated-28_jpg,pseudo-label + correct (validation),False,,False,False
acne63.png,C:/Users/Bautista/Downloads/PrecisionSkin/Classes/Acne/acne63.png,full_face,validation,acne63.png,pseudo-label + correct (validation),False,,False,False
pigmentation_0_3092_jpeg.rf.ed96bb05b90fd99de02131ea4122631b.jpg,C:/Users/Bautista/Downloads/PrecisionSkin/Classes/Acne/pigmentation_0_3092_jpeg.rf.ed96bb05b90fd99de02131ea4122631b.jpg,partial_face,validation,pigmentation_0_3092_jpeg,pseudo-label + correct (validation),False,,False,False
acne-face-8-3__ProtectWyJQcm90ZWN0Il0_FocusFillWzI5NCwyMjIsIngiLDFd_jpg.rf.f0e746cb79869f20c29967d5aafdf902.jpg,C:/Users/Bautista/Downloads/PrecisionSkin/Classes/Acne/acne-face-8-3__ProtectWyJQcm90ZWN0Il0_FocusFillWzI5NCwyMjIsIngiLDFd_jpg.rf.f0e746cb79869f20c29967d5aafdf902.jpg,close_up_facial,validation,acne-face-8-3__protectwyjqcm90zwn0il0_focusfillwzi5ncwymjisingildfd_jpg,pseudo-label + correct (validation),False,,False,False
upscaled_2669_png.rf.02c9e6a8019fddcf6e9864f8b56c97e5.jpg,C:/Users/Bautista/Downloads/PrecisionSkin/Classes/Acne/upscaled_2669_png.rf.02c9e6a8019fddcf6e9864f8b56c97e5.jpg,close_up_facial,validation,upscaled_2669_png,pseudo-label + correct (validation),False,,False,False
upscaled_1108_png.rf.7501931597145d4a8f04d066e6cddc10.jpg,C:/Users/Bautista/Downloads/PrecisionSkin/Classes/Acne/upscaled_1108_png.rf.7501931597145d4a8f04d066e6cddc10.jpg,close_up_facial,validation,upscaled_1108_png,pseudo-label + correct (validation),False,,False,False
aug_81_8.jpg,C:/Users/Bautista/Downloads/PrecisionSkin/Classes/Acne/aug_81_8.jpg,partial_face,validation,aug_81_8.jpg,pseudo-label + correct (validation),False,,False,False
acne-face-2-11__ProtectWyJQcm90ZWN0Il0_FocusFillWzI5NCwyMjIsIngiLDFd.jpeg,C:/Users/Bautista/Downloads/PrecisionSkin/Classes/Acne/acne-face-2-11__ProtectWyJQcm90ZWN0Il0_FocusFillWzI5NCwyMjIsIngiLDFd.jpeg,close_up_facial,validation,acne-face-2-11__protectwyjqcm90zwn0il0_focusfillwzi5ncwymjisingildfd.jpeg,pseudo-label + correct (validation),True,Acne,False,True
R-1-_jpg.rf.61b2485acf85c94ec3bb51ebb6c33a85.jpg,C:/Users/Bautista/Downloads/PrecisionSkin/Classes/Acne/R-1-_jpg.rf.61b2485acf85c94ec3bb51ebb6c33a85.jpg,close_up_facial,validation,r-1-_jpg,pseudo-label + correct (validation),False,,False,False
-4798455247921808934.png,C:/Users/Bautista/Downloads/PrecisionSkin/Classes/Acne/-4798455247921808934.png,close_up_facial,validation,-4798455247921808934.png,pseudo-label + correct (validation),False,,False,False
upscaled_699_png.rf.cca3c8a98273ab3127423c18e5ebcb0a.jpg,C:/Users/Bautista/Downloads/PrecisionSkin/Classes/Acne/upscaled_699_png.rf.cca3c8a98273ab3127423c18e5ebcb0a.jpg,partial_face,validation,upscaled_699_png,pseudo-label + correct (validation),False,,False,False
aug_0_3952.jpg,C:/Users/Bautista/Downloads/PrecisionSkin/Classes/Acne/aug_0_3952.jpg,close_up_facial,validation,aug_0_3952.jpg,pseudo-label + correct (validation),False,,False,False
upscaled_2464_png.rf.1e2cabadab7350507274542175c31506.jpg,C:/Users/Bautista/Downloads/PrecisionSkin/Classes/Acne/upscaled_2464_png.rf.1e2cabadab7350507274542175c31506.jpg,close_up_facial,validation,upscaled_2464_png,pseudo-label + correct (validation),False,,False,False
13 (1).jpg,C:/Users/Bautista/Downloads/PrecisionSkin/Classes/Acne/13 (1).jpg,close_up_facial,validation,13 (1).jpg,pseudo-label + correct (validation),True,Acne,False,True
acne-face-7-2__ProtectWyJQcm90ZWN0Il0_FocusFillWzI5NCwyMjIsIngiLDFd_jpg.rf.cbf9eaf4c1402a96129be8bf4af7a596.jpg,C:/Users/Bautista/Downloads/PrecisionSkin/Classes/Acne/acne-face-7-2__ProtectWyJQcm90ZWN0Il0_FocusFillWzI5NCwyMjIsIngiLDFd_jpg.rf.cbf9eaf4c1402a96129be8bf4af7a596.jpg,close_up_facial,validation,acne-face-7-2__protectwyjqcm90zwn0il0_focusfillwzi5ncwymjisingildfd_jpg,pseudo-label + correct (validation),False,,False,False
pigmentation_0_906_jpeg.rf.5dbf159f1f6c40c9d56dbe3a96baff50.jpg,C:/Users/Bautista/Downloads/PrecisionSkin/Classes/Acne/pigmentation_0_906_jpeg.rf.5dbf159f1f6c40c9d56dbe3a96baff50.jpg,close_up_facial,validation,pigmentation_0_906_jpeg,pseudo-label + correct (validation),False,,False,False
aug_281_pigmentation_0_2000.jpeg,C:/Users/Bautista/Downloads/PrecisionSkin/Classes/Acne/aug_281_pigmentation_0_2000.jpeg,partial_face,validation,aug_281_pigmentation_0_2000.jpeg,pseudo-label + correct (validation),False,,False,False
upscaled_1857_png.rf.d4a02186ebcbf15d7648dd1d5c3a8a40.jpg,C:/Users/Bautista/Downloads/PrecisionSkin/Classes/Acne/upscaled_1857_png.rf.d4a02186ebcbf15d7648dd1d5c3a8a40.jpg,close_up_facial,validation,upscaled_1857_png,pseudo-label + correct (validation),False,,False,False
pigmentation_0_1337.jpeg,C:/Users/Bautista/Downloads/PrecisionSkin/Classes/Acne/pigmentation_0_1337.jpeg,partial_face,validation,pigmentation_0_1337.jpeg,pseudo-label + correct (validation),False,,False,False
aug_0_6786.jpg,C:/Users/Bautista/Downloads/PrecisionSkin/Classes/Acne/aug_0_6786.jpg,close_up_facial,validation,aug_0_6786.jpg,pseudo-label + correct (validation),False,,False,False
pigmentation_0_7238_jpeg.rf.153a80482e5aac057c5f7e24bd2d0c7b.jpg,C:/Users/Bautista/Downloads/PrecisionSkin/Classes/Acne/pigmentation_0_7238_jpeg.rf.153a80482e5aac057c5f7e24bd2d0c7b.jpg,full_face,validation,pigmentation_0_7238_jpeg,pseudo-label + correct (validation),False,,False,False
acne-face-62__ProtectWyJQcm90ZWN0Il0_FocusFillWzI5NCwyMjIsIngiLDFd.jpeg,C:/Users/Bautista/Downloads/PrecisionSkin/Classes/Acne/acne-face-62__ProtectWyJQcm90ZWN0Il0_FocusFillWzI5NCwyMjIsIngiLDFd.jpeg,close_up_facial,validation,acne-face-62__protectwyjqcm90zwn0il0_focusfillwzi5ncwymjisingildfd.jpeg,pseudo-label + correct (validation),False,,False,False
upscaled_705_png.rf.c67c6c1ecf279a8d7ff152c2e8a12818.jpg,C:/Users/Bautista/Downloads/PrecisionSkin/Classes/Acne/upscaled_705_png.rf.c67c6c1ecf279a8d7ff152c2e8a12818.jpg,close_up_facial,validation,upscaled_705_png,pseudo-label + correct (validation),False,,False,False
levle1_445_jpg.rf.3acfff1a0224195c2739516bb2f89116.jpg,C:/Users/Bautista/Downloads/PrecisionSkin/Classes/Acne/levle1_445_jpg.rf.3acfff1a0224195c2739516bb2f89116.jpg,close_up_facial,validation,levle1_445_jpg,pseudo-label + correct (validation),False,,True,True
upscaled_2457_png.rf.60536b5e6dd269257063938b0d649dbe.jpg,C:/Users/Bautista/Downloads/PrecisionSkin/Classes/Acne/upscaled_2457_png.rf.60536b5e6dd269257063938b0d649dbe.jpg,close_up_facial,validation,upscaled_2457_png,pseudo-label + correct (validation),False,,False,False
levle1_437_jpg.rf.cb59925891f9b3710cd0e50555e85e40.jpg,C:/Users/Bautista/Downloads/PrecisionSkin/Classes/Acne/levle1_437_jpg.rf.cb59925891f9b3710cd0e50555e85e40.jpg,partial_face,validation,levle1_437_jpg,pseudo-label + correct (validation),False,,True,True
2-12-1_jpeg.rf.1343f1f101f50219d150e133c51353ae.jpg,C:/Users/Bautista/Downloads/PrecisionSkin/Classes/Acne/2-12-1_jpeg.rf.1343f1f101f50219d150e133c51353ae.jpg,close_up_facial,validation,2-12-1_jpeg,pseudo-label + correct (validation),True,Acne,False,True
R (12).jpg,C:/Users/Bautista/Downloads/PrecisionSkin/Classes/Acne/R (12).jpg,partial_face,validation,r (12).jpg,pseudo-label + correct (validation),False,,False,False
2.png,C:/Users/Bautista/Downloads/PrecisionSkin/Classes/Acne/2.png,full_face,validation,2.png,pseudo-label + correct (validation),False,,True,True
IMG_5758.jpg,C:/Users/Bautista/Downloads/PrecisionSkin/Classes/Acne/IMG_5758.jpg,close_up_facial,validation,img_5758.jpg,pseudo-label + correct (validation),False,,False,False
upscaled_2861_png.rf.acf58dc81fabaa062b6ff316b32f0832.jpg,C:/Users/Bautista/Downloads/PrecisionSkin/Classes/Acne/upscaled_2861_png.rf.acf58dc81fabaa062b6ff316b32f0832.jpg,close_up_facial,validation,upscaled_2861_png,pseudo-label + correct (validation),False,,False,False
upscaled_1125_png.rf.c516de98fc7571493cf8eb36f0af5469.jpg,C:/Users/Bautista/Downloads/PrecisionSkin/Classes/Acne/upscaled_1125_png.rf.c516de98fc7571493cf8eb36f0af5469.jpg,close_up_facial,validation,upscaled_1125_png,pseudo-label + correct (validation),False,,False,False
aug_0_1258.jpg,C:/Users/Bautista/Downloads/PrecisionSkin/Classes/Acne/aug_0_1258.jpg,close_up_facial,validation,aug_0_1258.jpg,pseudo-label + correct (validation),False,,False,False
levle0_526_jpg.rf.ef9e2e5124350f558c141ebbc97dc813.jpg,C:/Users/Bautista/Downloads/PrecisionSkin/Classes/Acne/levle0_526_jpg.rf.ef9e2e5124350f558c141ebbc97dc813.jpg,full_face,validation,levle0_526_jpg,pseudo-label + correct (validation),False,,True,True
upscaled_10_png.rf.ecd4508954741c51de99288f92e96deb.jpg,C:/Users/Bautista/Downloads/PrecisionSkin/Classes/Acne/upscaled_10_png.rf.ecd4508954741c51de99288f92e96deb.jpg,close_up_facial,validation,upscaled_10_png,pseudo-label + correct (validation),False,,False,False
acne-excoriated-29_jpg.rf.1059ed9a83cacf46cfcdc0254428feff.jpg,C:/Users/Bautista/Downloads/PrecisionSkin/Classes/Acne/acne-excoriated-29_jpg.rf.1059ed9a83cacf46cfcdc0254428feff.jpg,close_up_facial,validation,acne-excoriated-29_jpg,pseudo-label + correct (validation),False,,False,False
upscaled_2168_png.rf.bd9991ddc9b808f16c54c048d7456995.jpg,C:/Users/Bautista/Downloads/PrecisionSkin/Classes/Acne/upscaled_2168_png.rf.bd9991ddc9b808f16c54c048d7456995.jpg,close_up_facial,validation,upscaled_2168_png,pseudo-label + correct (validation),False,,False,False
acne-face-39__ProtectWyJQcm90ZWN0Il0_FocusFillWzI5NCwyMjIsIngiLDE5XQ.jpeg,C:/Users/Bautista/Downloads/PrecisionSkin/Classes/Acne/acne-face-39__ProtectWyJQcm90ZWN0Il0_FocusFillWzI5NCwyMjIsIngiLDE5XQ.jpeg,close_up_facial,validation,acne-face-39__protectwyjqcm90zwn0il0_focusfillwzi5ncwymjisingilde5xq.jpeg,pseudo-label + correct (validation),False,,False,False
acne-face-38__ProtectWyJQcm90ZWN0Il0_FocusFillWzI5NCwyMjIsIngiLDFd_jpg.rf.16a33f59f03826f9e1d61d4a30c5616b.jpg,C:/Users/Bautista/Downloads/PrecisionSkin/Classes/Acne/acne-face-38__ProtectWyJQcm90ZWN0Il0_FocusFillWzI5NCwyMjIsIngiLDFd_jpg.rf.16a33f59f03826f9e1d61d4a30c5616b.jpg,close_up_facial,validation,acne-face-38__protectwyjqcm90zwn0il0_focusfillwzi5ncwymjisingildfd_jpg,pseudo-label + correct (validation),False,,False,False
acne165.png,C:/Users/Bautista/Downloads/PrecisionSkin/Classes/Acne/acne165.png,close_up_facial,validation,acne165.png,pseudo-label + correct (validation),False,,False,False
upscaled_2803_png.rf.337a62225035af92bb9c8aecdb05fd8c.jpg,C:/Users/Bautista/Downloads/PrecisionSkin/Classes/Acne/upscaled_2803_png.rf.337a62225035af92bb9c8aecdb05fd8c.jpg,close_up_facial,validation,upscaled_2803_png,pseudo-label + correct (validation),False,,False,False
R-5-_jpg.rf.9aa8355a2c02d6e997343101a3fdc6ee.jpg,C:/Users/Bautista/Downloads/PrecisionSkin/Classes/Acne/R-5-_jpg.rf.9aa8355a2c02d6e997343101a3fdc6ee.jpg,partial_face,validation,r-5-_jpg,pseudo-label + correct (validation),False,,False,False
7b5781acbf8cf3ef59928bf1fd56df9eC!r23ac1983a0274adecccb505518971ace.jpg,C:/Users/Bautista/Downloads/PrecisionSkin/Classes/Acne/7b5781acbf8cf3ef59928bf1fd56df9eC!r23ac1983a0274adecccb505518971ace.jpg,full_face,validation,7b5781acbf8cf3ef59928bf1fd56df9ec!r23ac1983a0274adecccb505518971ace.jpg,pseudo-label + correct (validation),False,,False,False
aug_0_6502.jpg,C:/Users/Bautista/Downloads/PrecisionSkin/Classes/Acne/aug_0_6502.jpg,partial_face,validation,aug_0_6502.jpg,pseudo-label + correct (validation),False,,False,False
pigmentation_0_6836_jpeg.rf.58c084c6cf83371644f3526b3bae6cdb.jpg,C:/Users/Bautista/Downloads/PrecisionSkin/Classes/Acne/pigmentation_0_6836_jpeg.rf.58c084c6cf83371644f3526b3bae6cdb.jpg,partial_face,validation,pigmentation_0_6836_jpeg,pseudo-label + correct (validation),False,,False,False
aug_0_2836.jpg,C:/Users/Bautista/Downloads/PrecisionSkin/Classes/Acne/aug_0_2836.jpg,partial_face,validation,aug_0_2836.jpg,pseudo-label + correct (validation),False,,False,False
file.jpg,C:/Users/Bautista/Downloads/PrecisionSkin/Classes/Acne/file.jpg,partial_face,validation,file.jpg,pseudo-label + correct (validation),False,,False,False
upscaled_1031_png.rf.2071e05affe806ef680c59a6b6073c68.jpg,C:/Users/Bautista/Downloads/PrecisionSkin/Classes/Acne/upscaled_1031_png.rf.2071e05affe806ef680c59a6b6073c68.jpg,close_up_facial,validation,upscaled_1031_png,pseudo-label + correct (validation),False,,False,False
acne-face-2__ProtectWyJQcm90ZWN0Il0_FocusFillWzI5NCwyMjIsIngiLDFd.jpeg,C:/Users/Bautista/Downloads/PrecisionSkin/Classes/Acne/acne-face-2__ProtectWyJQcm90ZWN0Il0_FocusFillWzI5NCwyMjIsIngiLDFd.jpeg,close_up_facial,validation,acne-face-2__protectwyjqcm90zwn0il0_focusfillwzi5ncwymjisingildfd.jpeg,pseudo-label + correct (validation),True,Acne,False,True
upscaled_2550_png.rf.b760e7d7c82d223d42f927080a471698.jpg,C:/Users/Bautista/Downloads/PrecisionSkin/Classes/Acne/upscaled_2550_png.rf.b760e7d7c82d223d42f927080a471698.jpg,close_up_facial,validation,upscaled_2550_png,pseudo-label + correct (validation),False,,False,False
acne-face-28__ProtectWyJQcm90ZWN0Il0_FocusFillWzI5NCwyMjIsIngiLDFd_jpg.rf.82e7922fd49710adc2c040618d44c43b.jpg,C:/Users/Bautista/Downloads/PrecisionSkin/Classes/Acne/acne-face-28__ProtectWyJQcm90ZWN0Il0_FocusFillWzI5NCwyMjIsIngiLDFd_jpg.rf.82e7922fd49710adc2c040618d44c43b.jpg,close_up_facial,validation,acne-face-28__protectwyjqcm90zwn0il0_focusfillwzi5ncwymjisingildfd_jpg,pseudo-label + correct (validation),False,,False,False
upscaled_1102_png.rf.7ff97ec6db5f03691111989d301b5eef.jpg,C:/Users/Bautista/Downloads/PrecisionSkin/Classes/Acne/upscaled_1102_png.rf.7ff97ec6db5f03691111989d301b5eef.jpg,close_up_facial,validation,upscaled_1102_png,pseudo-label + correct (validation),False,,False,False
aug_212_acne-open-comedo-60.jpg,C:/Users/Bautista/Downloads/PrecisionSkin/Classes/Acne/aug_212_acne-open-comedo-60.jpg,close_up_facial,validation,aug_212_acne-open-comedo-60.jpg,pseudo-label + correct (validation),False,,False,False
acne-face-66__ProtectWyJQcm90ZWN0Il0_FocusFillWzI5NCwyMjIsIngiLDFd_jpg.rf.15fda1e4691d4f0188ef154dbdd0cb8a.jpg,C:/Users/Bautista/Downloads/PrecisionSkin/Classes/Acne/acne-face-66__ProtectWyJQcm90ZWN0Il0_FocusFillWzI5NCwyMjIsIngiLDFd_jpg.rf.15fda1e4691d4f0188ef154dbdd0cb8a.jpg,close_up_facial,validation,acne-face-66__protectwyjqcm90zwn0il0_focusfillwzi5ncwymjisingildfd_jpg,pseudo-label + correct (validation),False,,False,False
OIP-22-_jpg.rf.6871b4fe45540f17cb65d6e5ea587320.jpg,C:/Users/Bautista/Downloads/PrecisionSkin/Classes/Acne/OIP-22-_jpg.rf.6871b4fe45540f17cb65d6e5ea587320.jpg,close_up_facial,validation,oip-22-_jpg,pseudo-label + correct (validation),False,,False,False
aug_291_pigmentation_0_1101.jpeg,C:/Users/Bautista/Downloads/PrecisionSkin/Classes/Acne/aug_291_pigmentation_0_1101.jpeg,partial_face,validation,aug_291_pigmentation_0_1101.jpeg,pseudo-label + correct (validation),False,,False,False
upscaled_2832_png.rf.dd5ea51d5db2ebbbd5e0b6b84021e2e4.jpg,C:/Users/Bautista/Downloads/PrecisionSkin/Classes/Acne/upscaled_2832_png.rf.dd5ea51d5db2ebbbd5e0b6b84021e2e4.jpg,close_up_facial,validation,upscaled_2832_png,pseudo-label + correct (validation),False,,False,False
levle2_43_jpg.rf.15d034c9361ffe9f7359c48f86f5fd91.jpg,C:/Users/Bautista/Downloads/PrecisionSkin/Classes/Acne/levle2_43_jpg.rf.15d034c9361ffe9f7359c48f86f5fd91.jpg,partial_face,validation,levle2_43_jpg,pseudo-label + correct (validation),False,,True,True
acne-infantile-11.jpeg,C:/Users/Bautista/Downloads/PrecisionSkin/Classes/Acne/acne-infantile-11.jpeg,partial_face,validation,acne-infantile-11.jpeg,pseudo-label + correct (validation),False,,False,False
Acne_211.jpg,C:/Users/Bautista/Downloads/PrecisionSkin/Classes/Acne/Acne_211.jpg,close_up_facial,validation,acne_211.jpg,pseudo-label + correct (validation),False,,False,False
Acne_311.jpg,C:/Users/Bautista/Downloads/PrecisionSkin/Classes/Acne/Acne_311.jpg,close_up_facial,validation,acne_311.jpg,pseudo-label + correct (validation),False,,False,False
aug_0_3811.jpg,C:/Users/Bautista/Downloads/PrecisionSkin/Classes/Acne/aug_0_3811.jpg,partial_face,validation,aug_0_3811.jpg,pseudo-label + correct (validation),False,,False,False
aug_0_4888.jpg,C:/Users/Bautista/Downloads/PrecisionSkin/Classes/Acne/aug_0_4888.jpg,close_up_facial,validation,aug_0_4888.jpg,pseudo-label + correct (validation),False,,False,False
aug_115_acne-open-comedo-10.jpg,C:/Users/Bautista/Downloads/PrecisionSkin/Classes/Acne/aug_115_acne-open-comedo-10.jpg,close_up_facial,validation,aug_115_acne-open-comedo-10.jpg,pseudo-label + correct (validation),False,,False,False
upscaled_951_png.rf.9af280f3bb4e83539c81404d8a481b4b.jpg,C:/Users/Bautista/Downloads/PrecisionSkin/Classes/Acne/upscaled_951_png.rf.9af280f3bb4e83539c81404d8a481b4b.jpg,close_up_facial,validation,upscaled_951_png,pseudo-label + correct (validation),False,,False,False
acne-face-78__ProtectWyJQcm90ZWN0Il0_FocusFillWzI5NCwyMjIsIngiLDFd.jpeg,C:/Users/Bautista/Downloads/PrecisionSkin/Classes/Acne/acne-face-78__ProtectWyJQcm90ZWN0Il0_FocusFillWzI5NCwyMjIsIngiLDFd.jpeg,close_up_facial,validation,acne-face-78__protectwyjqcm90zwn0il0_focusfillwzi5ncwymjisingildfd.jpeg,pseudo-label + correct (validation),False,,False,False
levle1_366_jpg.rf.17a47d5a8e8a21c4beebe4722da745f0.jpg,C:/Users/Bautista/Downloads/PrecisionSkin/Classes/Acne/levle1_366_jpg.rf.17a47d5a8e8a21c4beebe4722da745f0.jpg,full_face,validation,levle1_366_jpg,pseudo-label + correct (validation),False,,True,True
levle1_560_jpg.rf.ca5f2c4fa02d80a4ffc4133a1022d8d3.jpg,C:/Users/Bautista/Downloads/PrecisionSkin/Classes/Acne/levle1_560_jpg.rf.ca5f2c4fa02d80a4ffc4133a1022d8d3.jpg,partial_face,validation,levle1_560_jpg,pseudo-label + correct (validation),False,,True,True
upscaled_2500_png.rf.66425e140d2bcb487a5146712ed60ed3.jpg,C:/Users/Bautista/Downloads/PrecisionSkin/Classes/Acne/upscaled_2500_png.rf.66425e140d2bcb487a5146712ed60ed3.jpg,close_up_facial,validation,upscaled_2500_png,pseudo-label + correct (validation),False,,False,False
aug_0_9285.jpg,C:/Users/Bautista/Downloads/PrecisionSkin/Classes/Acne/aug_0_9285.jpg,close_up_facial,validation,aug_0_9285.jpg,pseudo-label + correct (validation),False,,False,False
R (40).jpg,C:/Users/Bautista/Downloads/PrecisionSkin/Classes/Acne/R (40).jpg,close_up_facial,validation,r (40).jpg,pseudo-label + correct (validation),False,,False,False
aug_265_acne-face-12__ProtectWyJQcm90ZWN0Il0_FocusFillWzI5NCwyMjIsIngiLDFd.jpeg,C:/Users/Bautista/Downloads/PrecisionSkin/Classes/Acne/aug_265_acne-face-12__ProtectWyJQcm90ZWN0Il0_FocusFillWzI5NCwyMjIsIngiLDFd.jpeg,close_up_facial,validation,aug_265_acne-face-12__protectwyjqcm90zwn0il0_focusfillwzi5ncwymjisingildfd.jpeg,pseudo-label + correct (validation),False,,False,False
upscaled_1095_png.rf.b7fa99522b05245c0726713f7bdf0da6.jpg,C:/Users/Bautista/Downloads/PrecisionSkin/Classes/Acne/upscaled_1095_png.rf.b7fa99522b05245c0726713f7bdf0da6.jpg,close_up_facial,validation,upscaled_1095_png,pseudo-label + correct (validation),False,,False,False
7644532956662133916.png,C:/Users/Bautista/Downloads/PrecisionSkin/Classes/Acne/7644532956662133916.png,close_up_facial,validation,7644532956662133916.png,pseudo-label + correct (validation),False,,False,False
Before_jpg.rf.e6b27aa31e27221c22690b1fe457b92f.jpg,C:/Users/Bautista/Downloads/PrecisionSkin/Classes/Acne/Before_jpg.rf.e6b27aa31e27221c22690b1fe457b92f.jpg,partial_face,validation,before_jpg,pseudo-label + correct (validation),False,,False,False
upscaled_988_png.rf.b72cec5de13844ec2671260eaeccc3dd.jpg,C:/Users/Bautista/Downloads/PrecisionSkin/Classes/Acne/upscaled_988_png.rf.b72cec5de13844ec2671260eaeccc3dd.jpg,close_up_facial,validation,upscaled_988_png,pseudo-label + correct (validation),False,,False,False
upscaled_449_png.rf.477b898e822a198b961412be24c9971b.jpg,C:/Users/Bautista/Downloads/PrecisionSkin/Classes/Acne/upscaled_449_png.rf.477b898e822a198b961412be24c9971b.jpg,close_up_facial,validation,upscaled_449_png,pseudo-label + correct (validation),False,,False,False
acne-face-3-12__ProtectWyJQcm90ZWN0Il0_FocusFillWzI5NCwyMjIsIngiLDFd_jpg.rf.14a0824bfd4dd75166030e9bc6d65912.jpg,C:/Users/Bautista/Downloads/PrecisionSkin/Classes/Acne/acne-face-3-12__ProtectWyJQcm90ZWN0Il0_FocusFillWzI5NCwyMjIsIngiLDFd_jpg.rf.14a0824bfd4dd75166030e9bc6d65912.jpg,close_up_facial,validation,acne-face-3-12__protectwyjqcm90zwn0il0_focusfillwzi5ncwymjisingildfd_jpg,pseudo-label + correct (validation),False,,False,False
levle2_145_jpg.rf.828c59c96a90a5e95868d6506b1fedf4.jpg,C:/Users/Bautista/Downloads/PrecisionSkin/Classes/Acne/levle2_145_jpg.rf.828c59c96a90a5e95868d6506b1fedf4.jpg,partial_face,validation,levle2_145_jpg,pseudo-label + correct (validation),False,,True,True
aug_0_5482.jpg,C:/Users/Bautista/Downloads/PrecisionSkin/Classes/Acne/aug_0_5482.jpg,partial_face,validation,aug_0_5482.jpg,pseudo-label + correct (validation),False,,False,False
Acne_294.jpg,C:/Users/Bautista/Downloads/PrecisionSkin/Classes/Acne/Acne_294.jpg,partial_face,validation,acne_294.jpg,pseudo-label + correct (validation),False,,False,False
levle1_614_jpg.rf.5f134329143e1287d3e58097ef8b71e3.jpg,C:/Users/Bautista/Downloads/PrecisionSkin/Classes/Acne/levle1_614_jpg.rf.5f134329143e1287d3e58097ef8b71e3.jpg,partial_face,validation,levle1_614_jpg,pseudo-label + correct (validation),False,,True,True
-4048302593057484818.png,C:/Users/Bautista/Downloads/PrecisionSkin/Classes/Acne/-4048302593057484818.png,close_up_facial,validation,-4048302593057484818.png,pseudo-label + correct (validation),False,,False,False
upscaled_2179_png.rf.eee5650d5fabbddfc44d28aca40645c0.jpg,C:/Users/Bautista/Downloads/PrecisionSkin/Classes/Acne/upscaled_2179_png.rf.eee5650d5fabbddfc44d28aca40645c0.jpg,close_up_facial,validation,upscaled_2179_png,pseudo-label + correct (validation),False,,False,False
pigmentation_0_108_jpeg.rf.a0976c12a6333c26a3854a27792ee2f3.jpg,C:/Users/Bautista/Downloads/PrecisionSkin/Classes/Acne/pigmentation_0_108_jpeg.rf.a0976c12a6333c26a3854a27792ee2f3.jpg,partial_face,validation,pigmentation_0_108_jpeg,pseudo-label + correct (validation),False,,False,False
upscaled_2495_png.rf.c3fc69dd99f8406d288ef00a19993388.jpg,C:/Users/Bautista/Downloads/PrecisionSkin/Classes/Acne/upscaled_2495_png.rf.c3fc69dd99f8406d288ef00a19993388.jpg,close_up_facial,validation,upscaled_2495_png,pseudo-label + correct (validation),False,,False,False
acne-face-2-21__ProtectWyJQcm90ZWN0Il0_FocusFillWzI5NCwyMjIsInkiLDg1XQ.jpeg,C:/Users/Bautista/Downloads/PrecisionSkin/Classes/Acne/acne-face-2-21__ProtectWyJQcm90ZWN0Il0_FocusFillWzI5NCwyMjIsInkiLDg1XQ.jpeg,close_up_facial,validation,acne-face-2-21__protectwyjqcm90zwn0il0_focusfillwzi5ncwymjisinkildg1xq.jpeg,pseudo-label + correct (validation),False,,False,False
aug_14_pigmentation_0_2807.jpeg,C:/Users/Bautista/Downloads/PrecisionSkin/Classes/Acne/aug_14_pigmentation_0_2807.jpeg,partial_face,validation,aug_14_pigmentation_0_2807.jpeg,pseudo-label + correct (validation),False,,False,False
aug_41_pigmentation_0_75.jpeg,C:/Users/Bautista/Downloads/PrecisionSkin/Classes/Acne/aug_41_pigmentation_0_75.jpeg,close_up_facial,validation,aug_41_pigmentation_0_75.jpeg,pseudo-label + correct (validation),False,,False,False
2-13-111_jpeg.rf.6218afa39f90a14e03652261902a056b.jpg,C:/Users/Bautista/Downloads/PrecisionSkin/Classes/Acne/2-13-111_jpeg.rf.6218afa39f90a14e03652261902a056b.jpg,partial_face,validation,2-13-111_jpeg,pseudo-label + correct (validation),False,,False,False
OIP-14-_jpg.rf.40f496959092b8ca8f5cca134620c370.jpg,C:/Users/Bautista/Downloads/PrecisionSkin/Classes/Acne/OIP-14-_jpg.rf.40f496959092b8ca8f5cca134620c370.jpg,partial_face,validation,oip-14-_jpg,pseudo-label + correct (validation),False,,False,False
acne126.png,C:/Users/Bautista/Downloads/PrecisionSkin/Classes/Acne/acne126.png,close_up_facial,validation,acne126.png,pseudo-label + correct (validation),False,,False,False
aug_0_1521.jpg,C:/Users/Bautista/Downloads/PrecisionSkin/Classes/Acne/aug_0_1521.jpg,close_up_facial,validation,aug_0_1521.jpg,pseudo-label + correct (validation),False,,False,False
IMG_0138_JPG_jpg.rf.17581e72db1a189f04945f4025d13be8.jpg,C:/Users/Bautista/Downloads/PrecisionSkin/Classes/Acne/IMG_0138_JPG_jpg.rf.17581e72db1a189f04945f4025d13be8.jpg,close_up_facial,validation,img_0138_jpg_jpg,pseudo-label + correct (validation),False,,False,False
acne-face-1-31__ProtectWyJQcm90ZWN0Il0_FocusFillWzI5NCwyMjIsIngiLDFd.jpeg,C:/Users/Bautista/Downloads/PrecisionSkin/Classes/Acne/acne-face-1-31__ProtectWyJQcm90ZWN0Il0_FocusFillWzI5NCwyMjIsIngiLDFd.jpeg,close_up_facial,validation,acne-face-1-31__protectwyjqcm90zwn0il0_focusfillwzi5ncwymjisingildfd.jpeg,pseudo-label + correct (validation),False,,False,False
upscaled_1760_png.rf.045ea2c2e896810d31a3fece12a73853.jpg,C:/Users/Bautista/Downloads/PrecisionSkin/Classes/Acne/upscaled_1760_png.rf.045ea2c2e896810d31a3fece12a73853.jpg,close_up_facial,validation,upscaled_1760_png,pseudo-label + correct (validation),False,,False,False
aug_0_7770.jpg,C:/Users/Bautista/Downloads/PrecisionSkin/Classes/Acne/aug_0_7770.jpg,partial_face,validation,aug_0_7770.jpg,pseudo-label + correct (validation),False,,False,False
acne-pustular-23_jpg.rf.278a24abf3437d77aeddc44488f71564.jpg,C:/Users/Bautista/Downloads/PrecisionSkin/Classes/Acne/acne-pustular-23_jpg.rf.278a24abf3437d77aeddc44488f71564.jpg,close_up_facial,validation,acne-pustular-23_jpg,pseudo-label + correct (validation),True,Acne,False,True
acne-face-1-50__ProtectWyJQcm90ZWN0Il0_FocusFillWzI5NCwyMjIsIngiLDFd.jpeg,C:/Users/Bautista/Downloads/PrecisionSkin/Classes/Acne/acne-face-1-50__ProtectWyJQcm90ZWN0Il0_FocusFillWzI5NCwyMjIsIngiLDFd.jpeg,close_up_facial,validation,acne-face-1-50__protectwyjqcm90zwn0il0_focusfillwzi5ncwymjisingildfd.jpeg,pseudo-label + correct (validation),True,Acne,False,True
upscaled_799_png.rf.bed5a80b07a61f06dd35f4cda596f649.jpg,C:/Users/Bautista/Downloads/PrecisionSkin/Classes/Acne/upscaled_799_png.rf.bed5a80b07a61f06dd35f4cda596f649.jpg,close_up_facial,validation,upscaled_799_png,pseudo-label + correct (validation),False,,False,False
-8541325890788453938.png,C:/Users/Bautista/Downloads/PrecisionSkin/Classes/Acne/-8541325890788453938.png,partial_face,validation,-8541325890788453938.png,pseudo-label + correct (validation),False,,False,False
aug_161_acne-cystic-15.jpg,C:/Users/Bautista/Downloads/PrecisionSkin/Classes/Acne/aug_161_acne-cystic-15.jpg,close_up_facial,validation,aug_161_acne-cystic-15.jpg,pseudo-label + correct (validation),False,,False,False
upscaled_1303_png.rf.851dfd259619426de4316ce7d266f549.jpg,C:/Users/Bautista/Downloads/PrecisionSkin/Classes/Acne/upscaled_1303_png.rf.851dfd259619426de4316ce7d266f549.jpg,close_up_facial,validation,upscaled_1303_png,pseudo-label + correct (validation),False,,False,False
acne-infantile-13_jpg.rf.18d2dbf0212a6d657a58f74b984d5e68.jpg,C:/Users/Bautista/Downloads/PrecisionSkin/Classes/Acne/acne-infantile-13_jpg.rf.18d2dbf0212a6d657a58f74b984d5e68.jpg,close_up_facial,validation,acne-infantile-13_jpg,pseudo-label + correct (validation),False,,False,False
acne-face-59__ProtectWyJQcm90ZWN0Il0_FocusFillWzI5NCwyMjIsIngiLDFd.jpeg,C:/Users/Bautista/Downloads/PrecisionSkin/Classes/Acne/acne-face-59__ProtectWyJQcm90ZWN0Il0_FocusFillWzI5NCwyMjIsIngiLDFd.jpeg,close_up_facial,validation,acne-face-59__protectwyjqcm90zwn0il0_focusfillwzi5ncwymjisingildfd.jpeg,pseudo-label + correct (validation),True,Acne,False,True
perioral-dermatitis-88_jpg.rf.fcb5ee8410ddc6d443892d136c020f1d.jpg,C:/Users/Bautista/Downloads/PrecisionSkin/Classes/Acne/perioral-dermatitis-88_jpg.rf.fcb5ee8410ddc6d443892d136c020f1d.jpg,close_up_facial,validation,perioral-dermatitis-88_jpg,pseudo-label + correct (validation),False,,False,False
pigmentation_0_2967.jpeg,C:/Users/Bautista/Downloads/PrecisionSkin/Classes/Acne/pigmentation_0_2967.jpeg,close_up_facial,validation,pigmentation_0_2967.jpeg,pseudo-label + correct (validation),False,,False,False
IMG_3994.JPG.193268bd978993fbad84e920569ea5ed.jpg,C:/Users/Bautista/Downloads/PrecisionSkin/Classes/Acne/IMG_3994.JPG.193268bd978993fbad84e920569ea5ed.jpg,partial_face,validation,img_3994.jpg.193268bd978993fbad84e920569ea5ed.jpg,pseudo-label + correct (validation),False,,False,False
What-Is-Adult-Acne_jpg.rf.cb7e937542aa639deecd17ff6b4f6d46.jpg,C:/Users/Bautista/Downloads/PrecisionSkin/Classes/Acne/What-Is-Adult-Acne_jpg.rf.cb7e937542aa639deecd17ff6b4f6d46.jpg,partial_face,validation,what-is-adult-acne_jpg,pseudo-label + correct (validation),False,,False,False
upscaled_2408_png.rf.5f3370c224ed4b3c8e8b84cfc9c2f84a.jpg,C:/Users/Bautista/Downloads/PrecisionSkin/Classes/Acne/upscaled_2408_png.rf.5f3370c224ed4b3c8e8b84cfc9c2f84a.jpg,close_up_facial,validation,upscaled_2408_png,pseudo-label + correct (validation),False,,False,False
pigmentation_0_8716_jpeg.rf.ca2df9ab56f4a5bba381f5a277707cc4.jpg,C:/Users/Bautista/Downloads/PrecisionSkin/Classes/Acne/pigmentation_0_8716_jpeg.rf.ca2df9ab56f4a5bba381f5a277707cc4.jpg,close_up_facial,validation,pigmentation_0_8716_jpeg,pseudo-label + correct (validation),False,,False,False
upscaled_1106_png.rf.c01c1bea165106420f4c237f1a3f8722.jpg,C:/Users/Bautista/Downloads/PrecisionSkin/Classes/Acne/upscaled_1106_png.rf.c01c1bea165106420f4c237f1a3f8722.jpg,close_up_facial,validation,upscaled_1106_png,pseudo-label + correct (validation),False,,False,False
acne-face-2-1__ProtectWyJQcm90ZWN0Il0_FocusFillWzI5NCwyMjIsIngiLDFd.jpeg,C:/Users/Bautista/Downloads/PrecisionSkin/Classes/Acne/acne-face-2-1__ProtectWyJQcm90ZWN0Il0_FocusFillWzI5NCwyMjIsIngiLDFd.jpeg,close_up_facial,validation,acne-face-2-1__protectwyjqcm90zwn0il0_focusfillwzi5ncwymjisingildfd.jpeg,pseudo-label + correct (validation),False,,False,False
pigmentation_0_5062.jpeg,C:/Users/Bautista/Downloads/PrecisionSkin/Classes/Acne/pigmentation_0_5062.jpeg,partial_face,validation,pigmentation_0_5062.jpeg,pseudo-label + correct (validation),False,,False,False
acne-closed-comedo-29.jpg,C:/Users/Bautista/Downloads/PrecisionSkin/Classes/Acne/acne-closed-comedo-29.jpg,close_up_facial,validation,acne-closed-comedo-29.jpg,pseudo-label + correct (validation),False,,False,False
pigmentation_0_9993_jpeg.rf.f72ed9d8a2f8c14bb132b720aed6efa2.jpg,C:/Users/Bautista/Downloads/PrecisionSkin/Classes/Acne/pigmentation_0_9993_jpeg.rf.f72ed9d8a2f8c14bb132b720aed6efa2.jpg,partial_face,validation,pigmentation_0_9993_jpeg,pseudo-label + correct (validation),False,,False,False
141F6905-C813-7331-E18424112DBD5B0A_jpg.rf.3a70d36c07659f614260d7947647cbe4.jpg,C:/Users/Bautista/Downloads/PrecisionSkin/Classes/Acne/141F6905-C813-7331-E18424112DBD5B0A_jpg.rf.3a70d36c07659f614260d7947647cbe4.jpg,partial_face,test,141f6905-c813-7331-e18424112dbd5b0a_jpg,HAND-BOX ONLY (detector test set),False,,False,False
levle1_7_jpg.rf.ca1c0b0c6e92b7eb8e0a4c1daf73cf9b.jpg,C:/Users/Bautista/Downloads/PrecisionSkin/Classes/Acne/levle1_7_jpg.rf.ca1c0b0c6e92b7eb8e0a4c1daf73cf9b.jpg,partial_face,test,levle1_7_jpg,HAND-BOX ONLY (detector test set),False,,True,True
acne-cystic-121.jpeg,C:/Users/Bautista/Downloads/PrecisionSkin/Classes/Acne/acne-cystic-121.jpeg,full_face,test,acne-cystic-121.jpeg,HAND-BOX ONLY (detector test set),False,,False,False
levle1_352_jpg.rf.8207e881916928141075c78be09c6658.jpg,C:/Users/Bautista/Downloads/PrecisionSkin/Classes/Acne/levle1_352_jpg.rf.8207e881916928141075c78be09c6658.jpg,full_face,test,levle1_352_jpg,HAND-BOX ONLY (detector test set),False,,True,True
aug_266_acne-open-comedo-16.jpg,C:/Users/Bautista/Downloads/PrecisionSkin/Classes/Acne/aug_266_acne-open-comedo-16.jpg,close_up_facial,test,aug_266_acne-open-comedo-16.jpg,HAND-BOX ONLY (detector test set),False,,False,False
aug_0_6139.jpg,C:/Users/Bautista/Downloads/PrecisionSkin/Classes/Acne/aug_0_6139.jpg,partial_face,test,aug_0_6139.jpg,HAND-BOX ONLY (detector test set),False,,False,False
upscaled_841_png.rf.b6c55238a7939a97c6e3b1188f5abb75.jpg,C:/Users/Bautista/Downloads/PrecisionSkin/Classes/Acne/upscaled_841_png.rf.b6c55238a7939a97c6e3b1188f5abb75.jpg,close_up_facial,test,upscaled_841_png,HAND-BOX ONLY (detector test set),False,,False,False
pigmentation_0_1906.jpeg,C:/Users/Bautista/Downloads/PrecisionSkin/Classes/Acne/pigmentation_0_1906.jpeg,partial_face,test,pigmentation_0_1906.jpeg,HAND-BOX ONLY (detector test set),False,,False,False
acne-infantile-5.jpeg,C:/Users/Bautista/Downloads/PrecisionSkin/Classes/Acne/acne-infantile-5.jpeg,partial_face,test,acne-infantile-5.jpeg,HAND-BOX ONLY (detector test set),False,,False,False
aug_0_5298.jpg,C:/Users/Bautista/Downloads/PrecisionSkin/Classes/Acne/aug_0_5298.jpg,partial_face,test,aug_0_5298.jpg,HAND-BOX ONLY (detector test set),False,,False,False
aug_168_40279_2013_22_Fig4_HTML1.jpg,C:/Users/Bautista/Downloads/PrecisionSkin/Classes/Acne/aug_168_40279_2013_22_Fig4_HTML1.jpg,partial_face,test,aug_168_40279_2013_22_fig4_html1.jpg,HAND-BOX ONLY (detector test set),False,,False,False
upscaled_2450_png.rf.3f941b173e6655a09eadaa4ad49dc904.jpg,C:/Users/Bautista/Downloads/PrecisionSkin/Classes/Acne/upscaled_2450_png.rf.3f941b173e6655a09eadaa4ad49dc904.jpg,close_up_facial,test,upscaled_2450_png,HAND-BOX ONLY (detector test set),False,,False,False
10_jpg.rf.2be69049e12202b182b2122c4611f68f.jpg,C:/Users/Bautista/Downloads/PrecisionSkin/Classes/Acne/10_jpg.rf.2be69049e12202b182b2122c4611f68f.jpg,full_face,test,10_jpg,HAND-BOX ONLY (detector test set),False,,True,True
levle3_116_jpg.rf.16fbd99457a031dc988c7a52c36e75f9.jpg,C:/Users/Bautista/Downloads/PrecisionSkin/Classes/Acne/levle3_116_jpg.rf.16fbd99457a031dc988c7a52c36e75f9.jpg,partial_face,test,levle3_116_jpg,HAND-BOX ONLY (detector test set),False,,True,True
levle2_105_jpg.rf.a77d6fc31761619a0b9d9f6359c1669f.jpg,C:/Users/Bautista/Downloads/PrecisionSkin/Classes/Acne/levle2_105_jpg.rf.a77d6fc31761619a0b9d9f6359c1669f.jpg,partial_face,test,levle2_105_jpg,HAND-BOX ONLY (detector test set),False,,True,True
R (32).jpg,C:/Users/Bautista/Downloads/PrecisionSkin/Classes/Acne/R (32).jpg,partial_face,test,r (32).jpg,HAND-BOX ONLY (detector test set),False,,False,False
upscaled_1011_png.rf.fe97b63b7a55ed043b234d29ae860ba5.jpg,C:/Users/Bautista/Downloads/PrecisionSkin/Classes/Acne/upscaled_1011_png.rf.fe97b63b7a55ed043b234d29ae860ba5.jpg,partial_face,test,upscaled_1011_png,HAND-BOX ONLY (detector test set),False,,False,False
acne-face-5-1__ProtectWyJQcm90ZWN0Il0_FocusFillWzI5NCwyMjIsIngiLDFd.jpeg,C:/Users/Bautista/Downloads/PrecisionSkin/Classes/Acne/acne-face-5-1__ProtectWyJQcm90ZWN0Il0_FocusFillWzI5NCwyMjIsIngiLDFd.jpeg,close_up_facial,test,acne-face-5-1__protectwyjqcm90zwn0il0_focusfillwzi5ncwymjisingildfd.jpeg,HAND-BOX ONLY (detector test set),False,,False,False
levle1_638_jpg.rf.16b6dcc24a2b56bafcc3af631ce355d5.jpg,C:/Users/Bautista/Downloads/PrecisionSkin/Classes/Acne/levle1_638_jpg.rf.16b6dcc24a2b56bafcc3af631ce355d5.jpg,partial_face,test,levle1_638_jpg,HAND-BOX ONLY (detector test set),False,,True,True
aug_162_acne-face-6-4__ProtectWyJQcm90ZWN0Il0_FocusFillWzI5NCwyMjIsIngiLDFd.jpeg,C:/Users/Bautista/Downloads/PrecisionSkin/Classes/Acne/aug_162_acne-face-6-4__ProtectWyJQcm90ZWN0Il0_FocusFillWzI5NCwyMjIsIngiLDFd.jpeg,close_up_facial,test,aug_162_acne-face-6-4__protectwyjqcm90zwn0il0_focusfillwzi5ncwymjisingildfd.jpeg,HAND-BOX ONLY (detector test set),False,,False,False
levle3_133_jpg.rf.3c4e956d68e67b505b5f61db24a179b0.jpg,C:/Users/Bautista/Downloads/PrecisionSkin/Classes/Acne/levle3_133_jpg.rf.3c4e956d68e67b505b5f61db24a179b0.jpg,full_face,test,levle3_133_jpg,HAND-BOX ONLY (detector test set),False,,True,True
pigmentation_0_9106_jpeg.rf.7c5fb95ca2537ed09ca67153b35452f2.jpg,C:/Users/Bautista/Downloads/PrecisionSkin/Classes/Acne/pigmentation_0_9106_jpeg.rf.7c5fb95ca2537ed09ca67153b35452f2.jpg,partial_face,test,pigmentation_0_9106_jpeg,HAND-BOX ONLY (detector test set),False,,False,False
acne-face-46__ProtectWyJQcm90ZWN0Il0_FocusFillWzI5NCwyMjIsIngiLDFd_jpg.rf.5cff2468a6dce5b83aea1ba05871d52f.jpg,C:/Users/Bautista/Downloads/PrecisionSkin/Classes/Acne/acne-face-46__ProtectWyJQcm90ZWN0Il0_FocusFillWzI5NCwyMjIsIngiLDFd_jpg.rf.5cff2468a6dce5b83aea1ba05871d52f.jpg,partial_face,test,acne-face-46__protectwyjqcm90zwn0il0_focusfillwzi5ncwymjisingildfd_jpg,HAND-BOX ONLY (detector test set),False,,False,False
Acne_144.jpg,C:/Users/Bautista/Downloads/PrecisionSkin/Classes/Acne/Acne_144.jpg,partial_face,test,acne_144.jpg,HAND-BOX ONLY (detector test set),False,,False,False
upscaled_2831_png.rf.102347e114d6919082829046255ac666.jpg,C:/Users/Bautista/Downloads/PrecisionSkin/Classes/Acne/upscaled_2831_png.rf.102347e114d6919082829046255ac666.jpg,close_up_facial,test,upscaled_2831_png,HAND-BOX ONLY (detector test set),False,,False,False
OIP-6-_jpg.rf.2c7952151551cd5c67da91245b0be9f9.jpg,C:/Users/Bautista/Downloads/PrecisionSkin/Classes/Acne/OIP-6-_jpg.rf.2c7952151551cd5c67da91245b0be9f9.jpg,full_face,test,oip-6-_jpg,HAND-BOX ONLY (detector test set),False,,False,False
acne124.png,C:/Users/Bautista/Downloads/PrecisionSkin/Classes/Acne/acne124.png,close_up_facial,test,acne124.png,HAND-BOX ONLY (detector test set),False,,False,False
acne-closed-comedo-36.jpg,C:/Users/Bautista/Downloads/PrecisionSkin/Classes/Acne/acne-closed-comedo-36.jpg,partial_face,test,acne-closed-comedo-36.jpg,HAND-BOX ONLY (detector test set),False,,False,False
aug_0_3747.jpg,C:/Users/Bautista/Downloads/PrecisionSkin/Classes/Acne/aug_0_3747.jpg,close_up_facial,test,aug_0_3747.jpg,HAND-BOX ONLY (detector test set),False,,False,False
aug_0_4870.jpg,C:/Users/Bautista/Downloads/PrecisionSkin/Classes/Acne/aug_0_4870.jpg,close_up_facial,test,aug_0_4870.jpg,HAND-BOX ONLY (detector test set),False,,False,False
article-2060572-0EC482B900000578-464_1024x615_large_jpg.rf.cf7f1667ec208259bea3bf84a57fea0d.jpg,C:/Users/Bautista/Downloads/PrecisionSkin/Classes/Acne/article-2060572-0EC482B900000578-464_1024x615_large_jpg.rf.cf7f1667ec208259bea3bf84a57fea0d.jpg,close_up_facial,test,article-2060572-0ec482b900000578-464_1024x615_large_jpg,HAND-BOX ONLY (detector test set),False,,False,False
rosacea-53_jpg.rf.92f34bca625792069aed20546b4e7e50.jpg,C:/Users/Bautista/Downloads/PrecisionSkin/Classes/Acne/rosacea-53_jpg.rf.92f34bca625792069aed20546b4e7e50.jpg,full_face,test,rosacea-53_jpg,HAND-BOX ONLY (detector test set),False,,False,False
aug_175_acne-face-58__ProtectWyJQcm90ZWN0Il0_FocusFillWzI5NCwyMjIsIngiLDFd.jpeg,C:/Users/Bautista/Downloads/PrecisionSkin/Classes/Acne/aug_175_acne-face-58__ProtectWyJQcm90ZWN0Il0_FocusFillWzI5NCwyMjIsIngiLDFd.jpeg,close_up_facial,test,aug_175_acne-face-58__protectwyjqcm90zwn0il0_focusfillwzi5ncwymjisingildfd.jpeg,HAND-BOX ONLY (detector test set),False,,False,False
pigmentation_0_2009_jpeg.rf.edcfcfc1efa8aacb458098caef5fe08f.jpg,C:/Users/Bautista/Downloads/PrecisionSkin/Classes/Acne/pigmentation_0_2009_jpeg.rf.edcfcfc1efa8aacb458098caef5fe08f.jpg,full_face,test,pigmentation_0_2009_jpeg,HAND-BOX ONLY (detector test set),False,,False,False
aug_298_pigmentation_0_2515.jpeg,C:/Users/Bautista/Downloads/PrecisionSkin/Classes/Acne/aug_298_pigmentation_0_2515.jpeg,close_up_facial,test,aug_298_pigmentation_0_2515.jpeg,HAND-BOX ONLY (detector test set),False,,False,False
pigmentation_0_7974_jpeg.rf.253d361991dea0b7b7d780f3fd6738a8.jpg,C:/Users/Bautista/Downloads/PrecisionSkin/Classes/Acne/pigmentation_0_7974_jpeg.rf.253d361991dea0b7b7d780f3fd6738a8.jpg,partial_face,test,pigmentation_0_7974_jpeg,HAND-BOX ONLY (detector test set),False,,False,False
aug_0_3517.jpg,C:/Users/Bautista/Downloads/PrecisionSkin/Classes/Acne/aug_0_3517.jpg,close_up_facial,test,aug_0_3517.jpg,HAND-BOX ONLY (detector test set),False,,False,False
34_jpg.rf.655c8e5737eb8ff6777826be70c1153f.jpg,C:/Users/Bautista/Downloads/PrecisionSkin/Classes/Acne/34_jpg.rf.655c8e5737eb8ff6777826be70c1153f.jpg,close_up_facial,test,34_jpg,HAND-BOX ONLY (detector test set),False,,True,True
acne_jpg.rf.9e9801063ab7e941039cf40ebbcae32c.jpg,C:/Users/Bautista/Downloads/PrecisionSkin/Classes/Acne/acne_jpg.rf.9e9801063ab7e941039cf40ebbcae32c.jpg,partial_face,test,acne_jpg,HAND-BOX ONLY (detector test set),False,,False,False
aug_139_acne-face-3-3__ProtectWyJQcm90ZWN0Il0_FocusFillWzI5NCwyMjIsIngiLDFd.jpeg,C:/Users/Bautista/Downloads/PrecisionSkin/Classes/Acne/aug_139_acne-face-3-3__ProtectWyJQcm90ZWN0Il0_FocusFillWzI5NCwyMjIsIngiLDFd.jpeg,close_up_facial,test,aug_139_acne-face-3-3__protectwyjqcm90zwn0il0_focusfillwzi5ncwymjisingildfd.jpeg,HAND-BOX ONLY (detector test set),True,Acne,False,True
levle1_355_jpg.rf.3b0afe49f30d5370c16e0a22a4db0da6.jpg,C:/Users/Bautista/Downloads/PrecisionSkin/Classes/Acne/levle1_355_jpg.rf.3b0afe49f30d5370c16e0a22a4db0da6.jpg,close_up_facial,test,levle1_355_jpg,HAND-BOX ONLY (detector test set),False,,True,True
pigmentation_0_8918_jpeg.rf.e956ef4dcc1cee8a111e3246bfa643d2.jpg,C:/Users/Bautista/Downloads/PrecisionSkin/Classes/Acne/pigmentation_0_8918_jpeg.rf.e956ef4dcc1cee8a111e3246bfa643d2.jpg,full_face,test,pigmentation_0_8918_jpeg,HAND-BOX ONLY (detector test set),False,,False,False
Acne_71.jpg,C:/Users/Bautista/Downloads/PrecisionSkin/Classes/Acne/Acne_71.jpg,close_up_facial,test,acne_71.jpg,HAND-BOX ONLY (detector test set),False,,False,False
upscaled_2191_png.rf.ed52bd637b610f7bce5ae7e644324530.jpg,C:/Users/Bautista/Downloads/PrecisionSkin/Classes/Acne/upscaled_2191_png.rf.ed52bd637b610f7bce5ae7e644324530.jpg,close_up_facial,test,upscaled_2191_png,HAND-BOX ONLY (detector test set),False,,False,False
upscaled_521_png.rf.d5c9221c21b73abaf5d197cf3c5777d8.jpg,C:/Users/Bautista/Downloads/PrecisionSkin/Classes/Acne/upscaled_521_png.rf.d5c9221c21b73abaf5d197cf3c5777d8.jpg,close_up_facial,test,upscaled_521_png,HAND-BOX ONLY (detector test set),False,,False,False
upscaled_73_png.rf.d310211f786156106b34c52758666b3b.jpg,C:/Users/Bautista/Downloads/PrecisionSkin/Classes/Acne/upscaled_73_png.rf.d310211f786156106b34c52758666b3b.jpg,close_up_facial,test,upscaled_73_png,HAND-BOX ONLY (detector test set),False,,False,False
pigmentation_0_1101.jpeg,C:/Users/Bautista/Downloads/PrecisionSkin/Classes/Acne/pigmentation_0_1101.jpeg,partial_face,test,pigmentation_0_1101.jpeg,HAND-BOX ONLY (detector test set),False,,False,False
Acne_148.jpg,C:/Users/Bautista/Downloads/PrecisionSkin/Classes/Acne/Acne_148.jpg,close_up_facial,test,acne_148.jpg,HAND-BOX ONLY (detector test set),False,,False,False
pigmentation_0_2515_jpeg.rf.278c3bf548cb1ae1917d9442c128847f.jpg,C:/Users/Bautista/Downloads/PrecisionSkin/Classes/Acne/pigmentation_0_2515_jpeg.rf.278c3bf548cb1ae1917d9442c128847f.jpg,close_up_facial,test,pigmentation_0_2515_jpeg,HAND-BOX ONLY (detector test set),False,,False,False
pigmentation_0_6270_jpeg.rf.0dc4d079c04604a45fcab0875ab559c9.jpg,C:/Users/Bautista/Downloads/PrecisionSkin/Classes/Acne/pigmentation_0_6270_jpeg.rf.0dc4d079c04604a45fcab0875ab559c9.jpg,close_up_facial,test,pigmentation_0_6270_jpeg,HAND-BOX ONLY (detector test set),False,,False,False
pigmentation_0_5010_jpeg.rf.a0a97668d72bd67752234f16b1c313f0.jpg,C:/Users/Bautista/Downloads/PrecisionSkin/Classes/Acne/pigmentation_0_5010_jpeg.rf.a0a97668d72bd67752234f16b1c313f0.jpg,partial_face,test,pigmentation_0_5010_jpeg,HAND-BOX ONLY (detector test set),False,,False,False
GettyImages-552992761_header-1024x575_png.rf.d52551c26f5e856640949e8016047897.jpg,C:/Users/Bautista/Downloads/PrecisionSkin/Classes/Acne/GettyImages-552992761_header-1024x575_png.rf.d52551c26f5e856640949e8016047897.jpg,partial_face,test,gettyimages-552992761_header-1024x575_png,HAND-BOX ONLY (detector test set),True,Acne,False,True
acne-face-1-32__ProtectWyJQcm90ZWN0Il0_FocusFillWzI5NCwyMjIsIngiLDIwXQ_jpg.rf.82999dff0f684b0e4c8735e59e2bd48b.jpg,C:/Users/Bautista/Downloads/PrecisionSkin/Classes/Acne/acne-face-1-32__ProtectWyJQcm90ZWN0Il0_FocusFillWzI5NCwyMjIsIngiLDIwXQ_jpg.rf.82999dff0f684b0e4c8735e59e2bd48b.jpg,close_up_facial,test,acne-face-1-32__protectwyjqcm90zwn0il0_focusfillwzi5ncwymjisingildiwxq_jpg,HAND-BOX ONLY (detector test set),False,,False,False
upscaled_519_png.rf.915c41a03c940b69778c9d94a7779ff3.jpg,C:/Users/Bautista/Downloads/PrecisionSkin/Classes/Acne/upscaled_519_png.rf.915c41a03c940b69778c9d94a7779ff3.jpg,close_up_facial,test,upscaled_519_png,HAND-BOX ONLY (detector test set),False,,False,False
aug_47_pigmentation_0_789.jpeg,C:/Users/Bautista/Downloads/PrecisionSkin/Classes/Acne/aug_47_pigmentation_0_789.jpeg,close_up_facial,test,aug_47_pigmentation_0_789.jpeg,HAND-BOX ONLY (detector test set),False,,False,False
upscaled_1993_png.rf.74680b9059a6ef69deec0e2fc8f39c66.jpg,C:/Users/Bautista/Downloads/PrecisionSkin/Classes/Acne/upscaled_1993_png.rf.74680b9059a6ef69deec0e2fc8f39c66.jpg,close_up_facial,test,upscaled_1993_png,HAND-BOX ONLY (detector test set),False,,False,False
acne-205-v2__ProtectWyJQcm90ZWN0Il0_FocusFillWzI5NCwyMjIsIngiLDFd_JPG_jpg.rf.5cd61c5f295398489907433957d4eeae.jpg,C:/Users/Bautista/Downloads/PrecisionSkin/Classes/Acne/acne-205-v2__ProtectWyJQcm90ZWN0Il0_FocusFillWzI5NCwyMjIsIngiLDFd_JPG_jpg.rf.5cd61c5f295398489907433957d4eeae.jpg,close_up_facial,test,acne-205-v2__protectwyjqcm90zwn0il0_focusfillwzi5ncwymjisingildfd_jpg_jpg,HAND-BOX ONLY (detector test set),False,,False,False
upscaled_1779_png.rf.7057020e00af3fc933c8de53796d7e8b.jpg,C:/Users/Bautista/Downloads/PrecisionSkin/Classes/Acne/upscaled_1779_png.rf.7057020e00af3fc933c8de53796d7e8b.jpg,close_up_facial,test,upscaled_1779_png,HAND-BOX ONLY (detector test set),False,,False,False
R (16).jpg,C:/Users/Bautista/Downloads/PrecisionSkin/Classes/Acne/R (16).jpg,partial_face,test,r (16).jpg,HAND-BOX ONLY (detector test set),False,,False,False
upscaled_93_png.rf.48c4c5f4a7f1dabf6ff78b8dd9779038.jpg,C:/Users/Bautista/Downloads/PrecisionSkin/Classes/Acne/upscaled_93_png.rf.48c4c5f4a7f1dabf6ff78b8dd9779038.jpg,close_up_facial,test,upscaled_93_png,HAND-BOX ONLY (detector test set),False,,False,False
R (21).jpg,C:/Users/Bautista/Downloads/PrecisionSkin/Classes/Acne/R (21).jpg,partial_face,test,r (21).jpg,HAND-BOX ONLY (detector test set),False,,False,False
aug_0_6595.jpg,C:/Users/Bautista/Downloads/PrecisionSkin/Classes/Acne/aug_0_6595.jpg,close_up_facial,test,aug_0_6595.jpg,HAND-BOX ONLY (detector test set),False,,False,False
pigmentation_0_6226_jpeg.rf.46e2479fe8724287fe993e8726d5f20f.jpg,C:/Users/Bautista/Downloads/PrecisionSkin/Classes/Acne/pigmentation_0_6226_jpeg.rf.46e2479fe8724287fe993e8726d5f20f.jpg,close_up_facial,test,pigmentation_0_6226_jpeg,HAND-BOX ONLY (detector test set),False,,False,False
upscaled_2226_png.rf.11653f59b3b97633acb01d816b2d7b1f.jpg,C:/Users/Bautista/Downloads/PrecisionSkin/Classes/Acne/upscaled_2226_png.rf.11653f59b3b97633acb01d816b2d7b1f.jpg,close_up_facial,test,upscaled_2226_png,HAND-BOX ONLY (detector test set),False,,False,False
acne-scar-rfmicroneedling-smoothbeam-vbeam-4500-18yo-caucasian-female-obliqueview2-after-6treatments-new-jersey_png.rf.2a5744edc5603a477d26c08a0b97f69c.jpg,C:/Users/Bautista/Downloads/PrecisionSkin/Classes/Acne/acne-scar-rfmicroneedling-smoothbeam-vbeam-4500-18yo-caucasian-female-obliqueview2-after-6treatments-new-jersey_png.rf.2a5744edc5603a477d26c08a0b97f69c.jpg,full_face,test,acne-scar,HAND-BOX ONLY (detector test set),False,,False,False
levle1_50_jpg.rf.a830efdaf93349b034b9ff0fe9bd505e.jpg,C:/Users/Bautista/Downloads/PrecisionSkin/Classes/Acne/levle1_50_jpg.rf.a830efdaf93349b034b9ff0fe9bd505e.jpg,full_face,test,levle1_50_jpg,HAND-BOX ONLY (detector test set),False,,True,True
upscaled_684_png.rf.7cb927f7eed403aabc2fce6c410d283b.jpg,C:/Users/Bautista/Downloads/PrecisionSkin/Classes/Acne/upscaled_684_png.rf.7cb927f7eed403aabc2fce6c410d283b.jpg,close_up_facial,test,upscaled_684_png,HAND-BOX ONLY (detector test set),False,,False,False
aug_0_4671.jpg,C:/Users/Bautista/Downloads/PrecisionSkin/Classes/Acne/aug_0_4671.jpg,close_up_facial,test,aug_0_4671.jpg,HAND-BOX ONLY (detector test set),False,,False,False
upscaled_1934_png.rf.e52b0ab68e5a69479ad8b38cb4424049.jpg,C:/Users/Bautista/Downloads/PrecisionSkin/Classes/Acne/upscaled_1934_png.rf.e52b0ab68e5a69479ad8b38cb4424049.jpg,close_up_facial,test,upscaled_1934_png,HAND-BOX ONLY (detector test set),False,,False,False
acne-face-21-1__ProtectWyJQcm90ZWN0Il0_FocusFillWzI5NCwyMjIsIngiLDFd.jpeg,C:/Users/Bautista/Downloads/PrecisionSkin/Classes/Acne/acne-face-21-1__ProtectWyJQcm90ZWN0Il0_FocusFillWzI5NCwyMjIsIngiLDFd.jpeg,close_up_facial,test,acne-face-21-1__protectwyjqcm90zwn0il0_focusfillwzi5ncwymjisingildfd.jpeg,HAND-BOX ONLY (detector test set),False,,False,False
aug_0_4920.jpg,C:/Users/Bautista/Downloads/PrecisionSkin/Classes/Acne/aug_0_4920.jpg,close_up_facial,test,aug_0_4920.jpg,HAND-BOX ONLY (detector test set),False,,False,False
k92m6peqn1n31 (1).jpg,C:/Users/Bautista/Downloads/PrecisionSkin/Classes/Acne/k92m6peqn1n31 (1).jpg,partial_face,test,k92m6peqn1n31 (1).jpg,HAND-BOX ONLY (detector test set),False,,False,False
Acne_343.jpg,C:/Users/Bautista/Downloads/PrecisionSkin/Classes/Acne/Acne_343.jpg,close_up_facial,test,acne_343.jpg,HAND-BOX ONLY (detector test set),False,,False,False
aug_38_R (19).jpg,C:/Users/Bautista/Downloads/PrecisionSkin/Classes/Acne/aug_38_R (19).jpg,partial_face,test,aug_38_r (19).jpg,HAND-BOX ONLY (detector test set),False,,False,False
aug_0_985.jpg,C:/Users/Bautista/Downloads/PrecisionSkin/Classes/Acne/aug_0_985.jpg,partial_face,test,aug_0_985.jpg,HAND-BOX ONLY (detector test set),False,,False,False
upscaled_2006_png.rf.c68a7d8571736a5e45f6e495398d78cd.jpg,C:/Users/Bautista/Downloads/PrecisionSkin/Classes/Acne/upscaled_2006_png.rf.c68a7d8571736a5e45f6e495398d78cd.jpg,close_up_facial,test,upscaled_2006_png,HAND-BOX ONLY (detector test set),False,,False,False
pigmentation_0_9855_jpeg.rf.f7395b902bc376085abc014c0929ec77.jpg,C:/Users/Bautista/Downloads/PrecisionSkin/Classes/Acne/pigmentation_0_9855_jpeg.rf.f7395b902bc376085abc014c0929ec77.jpg,partial_face,test,pigmentation_0_9855_jpeg,HAND-BOX ONLY (detector test set),False,,False,False
upscaled_1686_png.rf.665e382a298f363fe9b31f421ea5ca49.jpg,C:/Users/Bautista/Downloads/PrecisionSkin/Classes/Acne/upscaled_1686_png.rf.665e382a298f363fe9b31f421ea5ca49.jpg,close_up_facial,test,upscaled_1686_png,HAND-BOX ONLY (detector test set),False,,False,False
upscaled_1387_png.rf.7298b6f229ee731b0cf310b22f027622.jpg,C:/Users/Bautista/Downloads/PrecisionSkin/Classes/Acne/upscaled_1387_png.rf.7298b6f229ee731b0cf310b22f027622.jpg,close_up_facial,test,upscaled_1387_png,HAND-BOX ONLY (detector test set),False,,False,False
acne-excoriated-8_jpg.rf.8119511428b3bba8c61e588cfd94b489.jpg,C:/Users/Bautista/Downloads/PrecisionSkin/Classes/Acne/acne-excoriated-8_jpg.rf.8119511428b3bba8c61e588cfd94b489.jpg,partial_face,test,acne-excoriated-8_jpg,HAND-BOX ONLY (detector test set),True,Acne,False,True
upscaled_1179_png.rf.b624f8b9b2f5e892c197eef982743eca.jpg,C:/Users/Bautista/Downloads/PrecisionSkin/Classes/Acne/upscaled_1179_png.rf.b624f8b9b2f5e892c197eef982743eca.jpg,close_up_facial,test,upscaled_1179_png,HAND-BOX ONLY (detector test set),False,,False,False
upscaled_2709_png.rf.587f8aa4483446d7cad1504ffbfc9f3c.jpg,C:/Users/Bautista/Downloads/PrecisionSkin/Classes/Acne/upscaled_2709_png.rf.587f8aa4483446d7cad1504ffbfc9f3c.jpg,close_up_facial,test,upscaled_2709_png,HAND-BOX ONLY (detector test set),False,,False,False
pigmentation_0_5540.jpeg,C:/Users/Bautista/Downloads/PrecisionSkin/Classes/Acne/pigmentation_0_5540.jpeg,partial_face,test,pigmentation_0_5540.jpeg,HAND-BOX ONLY (detector test set),False,,False,False
aug_0_2049.jpg,C:/Users/Bautista/Downloads/PrecisionSkin/Classes/Acne/aug_0_2049.jpg,close_up_facial,test,aug_0_2049.jpg,HAND-BOX ONLY (detector test set),False,,False,False
aug_0_2364.jpg,C:/Users/Bautista/Downloads/PrecisionSkin/Classes/Acne/aug_0_2364.jpg,partial_face,test,aug_0_2364.jpg,HAND-BOX ONLY (detector test set),False,,False,False
Acne_179.jpg,C:/Users/Bautista/Downloads/PrecisionSkin/Classes/Acne/Acne_179.jpg,close_up_facial,test,acne_179.jpg,HAND-BOX ONLY (detector test set),False,,False,False
aug_0_1557.jpg,C:/Users/Bautista/Downloads/PrecisionSkin/Classes/Acne/aug_0_1557.jpg,close_up_facial,test,aug_0_1557.jpg,HAND-BOX ONLY (detector test set),False,,False,False
pigmentation_0_3713_jpeg.rf.5a9df7bae2414fb9cbc7e39ab2bd28cf.jpg,C:/Users/Bautista/Downloads/PrecisionSkin/Classes/Acne/pigmentation_0_3713_jpeg.rf.5a9df7bae2414fb9cbc7e39ab2bd28cf.jpg,partial_face,test,pigmentation_0_3713_jpeg,HAND-BOX ONLY (detector test set),False,,False,False
pigmentation_0_6175_jpeg.rf.5c54e323895da99ff5d8496cc9b18a6c.jpg,C:/Users/Bautista/Downloads/PrecisionSkin/Classes/Acne/pigmentation_0_6175_jpeg.rf.5c54e323895da99ff5d8496cc9b18a6c.jpg,close_up_facial,test,pigmentation_0_6175_jpeg,HAND-BOX ONLY (detector test set),False,,False,False
milia-18_jpg.rf.103d62f0e737ab204e97c54c8db769a1.jpg,C:/Users/Bautista/Downloads/PrecisionSkin/Classes/Acne/milia-18_jpg.rf.103d62f0e737ab204e97c54c8db769a1.jpg,partial_face,test,milia-18_jpg,HAND-BOX ONLY (detector test set),False,,False,False
upscaled_1973_png.rf.d143dc34422bdc6e8c0d94abb51ed5b9.jpg,C:/Users/Bautista/Downloads/PrecisionSkin/Classes/Acne/upscaled_1973_png.rf.d143dc34422bdc6e8c0d94abb51ed5b9.jpg,close_up_facial,test,upscaled_1973_png,HAND-BOX ONLY (detector test set),False,,False,False
0_Skin.jpg,C:/Users/Bautista/Downloads/PrecisionSkin/Classes/Acne/0_Skin.jpg,partial_face,test,0_skin.jpg,HAND-BOX ONLY (detector test set),False,,False,False
upscaled_84_png.rf.ea4b93505aa8d9fc3013dde48aaf02f0.jpg,C:/Users/Bautista/Downloads/PrecisionSkin/Classes/Acne/upscaled_84_png.rf.ea4b93505aa8d9fc3013dde48aaf02f0.jpg,close_up_facial,test,upscaled_84_png,HAND-BOX ONLY (detector test set),False,,False,False
upscaled_2990_png.rf.d889060f2ac6d61d0b639e0d63167664.jpg,C:/Users/Bautista/Downloads/PrecisionSkin/Classes/Acne/upscaled_2990_png.rf.d889060f2ac6d61d0b639e0d63167664.jpg,close_up_facial,test,upscaled_2990_png,HAND-BOX ONLY (detector test set),False,,False,False
-9111307368692396870.png,C:/Users/Bautista/Downloads/PrecisionSkin/Classes/Acne/-9111307368692396870.png,partial_face,test,-9111307368692396870.png,HAND-BOX ONLY (detector test set),False,,False,False
pigmentation_0_6418_jpeg.rf.1059051759f0254f770bf59db258f4ca.jpg,C:/Users/Bautista/Downloads/PrecisionSkin/Classes/Acne/pigmentation_0_6418_jpeg.rf.1059051759f0254f770bf59db258f4ca.jpg,close_up_facial,test,pigmentation_0_6418_jpeg,HAND-BOX ONLY (detector test set),False,,False,False
IMG_0089_JPG_jpg.rf.17e2ad5c7fe0559eb460279aa9e511bd.jpg,C:/Users/Bautista/Downloads/PrecisionSkin/Classes/Acne/IMG_0089_JPG_jpg.rf.17e2ad5c7fe0559eb460279aa9e511bd.jpg,close_up_facial,test,img_0089_jpg_jpg,HAND-BOX ONLY (detector test set),False,,False,False
Acne_239.jpg,C:/Users/Bautista/Downloads/PrecisionSkin/Classes/Acne/Acne_239.jpg,close_up_facial,test,acne_239.jpg,HAND-BOX ONLY (detector test set),False,,False,False
acne-089-v2__ProtectWyJQcm90ZWN0Il0_FocusFillWzI5NCwyMjIsIngiLDFd.jpeg,C:/Users/Bautista/Downloads/PrecisionSkin/Classes/Acne/acne-089-v2__ProtectWyJQcm90ZWN0Il0_FocusFillWzI5NCwyMjIsIngiLDFd.jpeg,close_up_facial,test,acne-089-v2__protectwyjqcm90zwn0il0_focusfillwzi5ncwymjisingildfd.jpeg,HAND-BOX ONLY (detector test set),False,,False,False
acne164.png,C:/Users/Bautista/Downloads/PrecisionSkin/Classes/Acne/acne164.png,close_up_facial,test,acne164.png,HAND-BOX ONLY (detector test set),False,,False,False
upscaled_1969_png.rf.8daafb4d0f271da6ef13e5bac4dbce3b.jpg,C:/Users/Bautista/Downloads/PrecisionSkin/Classes/Acne/upscaled_1969_png.rf.8daafb4d0f271da6ef13e5bac4dbce3b.jpg,close_up_facial,test,upscaled_1969_png,HAND-BOX ONLY (detector test set),False,,False,False
upscaled_156_png.rf.768343e63572f8b2abb8ae3b87cac679.jpg,C:/Users/Bautista/Downloads/PrecisionSkin/Classes/Acne/upscaled_156_png.rf.768343e63572f8b2abb8ae3b87cac679.jpg,close_up_facial,test,upscaled_156_png,HAND-BOX ONLY (detector test set),False,,False,False
2-3-1_jpg.rf.5f7ad94e271aed632dfb030b4068c26d.jpg,C:/Users/Bautista/Downloads/PrecisionSkin/Classes/Acne/2-3-1_jpg.rf.5f7ad94e271aed632dfb030b4068c26d.jpg,partial_face,test,2-3-1_jpg,HAND-BOX ONLY (detector test set),False,,False,False
upscaled_1768_png.rf.3c0ce31f22c2ed88f7243dac293c04a4.jpg,C:/Users/Bautista/Downloads/PrecisionSkin/Classes/Acne/upscaled_1768_png.rf.3c0ce31f22c2ed88f7243dac293c04a4.jpg,close_up_facial,test,upscaled_1768_png,HAND-BOX ONLY (detector test set),False,,False,False
aug_290_Screenshot-2020-12-10-at-12.00.01-PM.png,C:/Users/Bautista/Downloads/PrecisionSkin/Classes/Acne/aug_290_Screenshot-2020-12-10-at-12.00.01-PM.png,partial_face,test,aug_290_screenshot-2020-12-10-at-12.00.01-pm.png,HAND-BOX ONLY (detector test set),False,,False,False
upscaled_2638_png.rf.6a2cea3b18099d6e3d16fc657647b0e2.jpg,C:/Users/Bautista/Downloads/PrecisionSkin/Classes/Acne/upscaled_2638_png.rf.6a2cea3b18099d6e3d16fc657647b0e2.jpg,close_up_facial,test,upscaled_2638_png,HAND-BOX ONLY (detector test set),False,,False,False
pigmentation_0_6784_jpeg.rf.84436316af25f0d9b6ba848b889cbf9c.jpg,C:/Users/Bautista/Downloads/PrecisionSkin/Classes/Acne/pigmentation_0_6784_jpeg.rf.84436316af25f0d9b6ba848b889cbf9c.jpg,partial_face,test,pigmentation_0_6784_jpeg,HAND-BOX ONLY (detector test set),False,,False,False
levle1_396_jpg.rf.181b3cf4580b8e4df5ce0359419ece71.jpg,C:/Users/Bautista/Downloads/PrecisionSkin/Classes/Acne/levle1_396_jpg.rf.181b3cf4580b8e4df5ce0359419ece71.jpg,partial_face,test,levle1_396_jpg,HAND-BOX ONLY (detector test set),False,,True,True
What-is-Cystic-Acne-and-Why-is-It-Caused (1).jpg,C:/Users/Bautista/Downloads/PrecisionSkin/Classes/Acne/What-is-Cystic-Acne-and-Why-is-It-Caused (1).jpg,partial_face,test,what-is-cystic-acne-and-why-is-it-caused (1).jpg,HAND-BOX ONLY (detector test set),False,,False,False
upscaled_332_png.rf.e7681b8592f3abe5f96cdcb881cdcdc5.jpg,C:/Users/Bautista/Downloads/PrecisionSkin/Classes/Acne/upscaled_332_png.rf.e7681b8592f3abe5f96cdcb881cdcdc5.jpg,close_up_facial,test,upscaled_332_png,HAND-BOX ONLY (detector test set),False,,False,False
aug_164_acne-face-23-1__ProtectWyJQcm90ZWN0Il0_FocusFillWzI5NCwyMjIsInkiLDg1XQ.jpeg,C:/Users/Bautista/Downloads/PrecisionSkin/Classes/Acne/aug_164_acne-face-23-1__ProtectWyJQcm90ZWN0Il0_FocusFillWzI5NCwyMjIsInkiLDg1XQ.jpeg,close_up_facial,test,aug_164_acne-face-23-1__protectwyjqcm90zwn0il0_focusfillwzi5ncwymjisinkildg1xq.jpeg,HAND-BOX ONLY (detector test set),False,,False,False
IMG_0201_JPG_jpg.rf.1504c499b801b713daa9717eda58271d.jpg,C:/Users/Bautista/Downloads/PrecisionSkin/Classes/Acne/IMG_0201_JPG_jpg.rf.1504c499b801b713daa9717eda58271d.jpg,close_up_facial,test,img_0201_jpg_jpg,HAND-BOX ONLY (detector test set),False,,False,False
upscaled_2243_png.rf.73e33bc9c74e6ff9964c7a70531dded1.jpg,C:/Users/Bautista/Downloads/PrecisionSkin/Classes/Acne/upscaled_2243_png.rf.73e33bc9c74e6ff9964c7a70531dded1.jpg,partial_face,test,upscaled_2243_png,HAND-BOX ONLY (detector test set),False,,False,False
Acne_165.jpg,C:/Users/Bautista/Downloads/PrecisionSkin/Classes/Acne/Acne_165.jpg,close_up_facial,test,acne_165.jpg,HAND-BOX ONLY (detector test set),False,,False,False
aug_30_acne-face-3-6__ProtectWyJQcm90ZWN0Il0_FocusFillWzI5NCwyMjIsIngiLDFd.jpeg,C:/Users/Bautista/Downloads/PrecisionSkin/Classes/Acne/aug_30_acne-face-3-6__ProtectWyJQcm90ZWN0Il0_FocusFillWzI5NCwyMjIsIngiLDFd.jpeg,partial_face,test,aug_30_acne-face-3-6__protectwyjqcm90zwn0il0_focusfillwzi5ncwymjisingildfd.jpeg,HAND-BOX ONLY (detector test set),False,,False,False
upscaled_1363_png.rf.901f42b6bc927a63f02e53875b4363f3.jpg,C:/Users/Bautista/Downloads/PrecisionSkin/Classes/Acne/upscaled_1363_png.rf.901f42b6bc927a63f02e53875b4363f3.jpg,close_up_facial,test,upscaled_1363_png,HAND-BOX ONLY (detector test set),False,,False,False
perioral-dermatitis-36_jpg.rf.e888fdd437565022d4d8bc0ceae6986c.jpg,C:/Users/Bautista/Downloads/PrecisionSkin/Classes/Acne/perioral-dermatitis-36_jpg.rf.e888fdd437565022d4d8bc0ceae6986c.jpg,full_face,test,perioral-dermatitis-36_jpg,HAND-BOX ONLY (detector test set),False,,False,False
pic_161_jpeg_jpg.rf.5e36c89e5594561655c2e1f0ec69d2dc.jpg,C:/Users/Bautista/Downloads/PrecisionSkin/Classes/Acne/pic_161_jpeg_jpg.rf.5e36c89e5594561655c2e1f0ec69d2dc.jpg,close_up_facial,test,pic_161_jpeg_jpg,HAND-BOX ONLY (detector test set),False,,False,False
pigmentation_0_2439_jpeg.rf.bc8ce137d353866626055350b7da2a3d.jpg,C:/Users/Bautista/Downloads/PrecisionSkin/Classes/Acne/pigmentation_0_2439_jpeg.rf.bc8ce137d353866626055350b7da2a3d.jpg,partial_face,test,pigmentation_0_2439_jpeg,HAND-BOX ONLY (detector test set),False,,False,False
large-IMG_3890-jpg-2720bb071697b81024bb71135ded7e76_jpg.rf.e2e6b63161301a597b64c08c28db40f4.jpg,C:/Users/Bautista/Downloads/PrecisionSkin/Classes/Acne/large-IMG_3890-jpg-2720bb071697b81024bb71135ded7e76_jpg.rf.e2e6b63161301a597b64c08c28db40f4.jpg,partial_face,test,large-img_3890-jpg-2720bb071697b81024bb71135ded7e76_jpg,HAND-BOX ONLY (detector test set),False,,False,False
syringoma_-148-_jpg.rf.caf9101c8e967ca2fac496dae6105678.jpg,C:/Users/Bautista/Downloads/PrecisionSkin/Classes/Acne/syringoma_-148-_jpg.rf.caf9101c8e967ca2fac496dae6105678.jpg,close_up_facial,test,syringoma_-148-_jpg,HAND-BOX ONLY (detector test set),False,,False,False
upscaled_2420_png.rf.468c9d1fc9dbd97eac60d8f1862197ae.jpg,C:/Users/Bautista/Downloads/PrecisionSkin/Classes/Acne/upscaled_2420_png.rf.468c9d1fc9dbd97eac60d8f1862197ae.jpg,close_up_facial,test,upscaled_2420_png,HAND-BOX ONLY (detector test set),False,,False,False
aug_69_acne-face-2-13__ProtectWyJQcm90ZWN0Il0_FocusFillWzI5NCwyMjIsIngiLDFd.jpeg,C:/Users/Bautista/Downloads/PrecisionSkin/Classes/Acne/aug_69_acne-face-2-13__ProtectWyJQcm90ZWN0Il0_FocusFillWzI5NCwyMjIsIngiLDFd.jpeg,partial_face,test,aug_69_acne-face-2-13__protectwyjqcm90zwn0il0_focusfillwzi5ncwymjisingildfd.jpeg,HAND-BOX ONLY (detector test set),True,Acne,False,True
upscaled_1874_png.rf.78b9fad4b91915be0a983b6264277c4e.jpg,C:/Users/Bautista/Downloads/PrecisionSkin/Classes/Acne/upscaled_1874_png.rf.78b9fad4b91915be0a983b6264277c4e.jpg,close_up_facial,test,upscaled_1874_png,HAND-BOX ONLY (detector test set),False,,False,False
acne-face-1-5__ProtectWyJQcm90ZWN0Il0_FocusFillWzI5NCwyMjIsIngiLDFd.jpeg,C:/Users/Bautista/Downloads/PrecisionSkin/Classes/Acne/acne-face-1-5__ProtectWyJQcm90ZWN0Il0_FocusFillWzI5NCwyMjIsIngiLDFd.jpeg,close_up_facial,test,acne-face-1-5__protectwyjqcm90zwn0il0_focusfillwzi5ncwymjisingildfd.jpeg,HAND-BOX ONLY (detector test set),True,Acne,False,True
pigmentation_0_4620_jpeg.rf.571aa3c9a7e1a532188e08186be15dc3.jpg,C:/Users/Bautista/Downloads/PrecisionSkin/Classes/Acne/pigmentation_0_4620_jpeg.rf.571aa3c9a7e1a532188e08186be15dc3.jpg,partial_face,test,pigmentation_0_4620_jpeg,HAND-BOX ONLY (detector test set),False,,False,False
OIP (26).jpg,C:/Users/Bautista/Downloads/PrecisionSkin/Classes/Acne/OIP (26).jpg,close_up_facial,test,oip (26).jpg,HAND-BOX ONLY (detector test set),False,,False,False
pigmentation_0_2886.jpeg,C:/Users/Bautista/Downloads/PrecisionSkin/Classes/Acne/pigmentation_0_2886.jpeg,close_up_facial,test,pigmentation_0_2886.jpeg,HAND-BOX ONLY (detector test set),False,,False,False
upscaled_2262_png.rf.8b82c3150b35019e2cc7f9c3d9bb426d.jpg,C:/Users/Bautista/Downloads/PrecisionSkin/Classes/Acne/upscaled_2262_png.rf.8b82c3150b35019e2cc7f9c3d9bb426d.jpg,close_up_facial,test,upscaled_2262_png,HAND-BOX ONLY (detector test set),False,,False,False
acne-face-3-12__ProtectWyJQcm90ZWN0Il0_FocusFillWzI5NCwyMjIsIngiLDFd.jpeg,C:/Users/Bautista/Downloads/PrecisionSkin/Classes/Acne/acne-face-3-12__ProtectWyJQcm90ZWN0Il0_FocusFillWzI5NCwyMjIsIngiLDFd.jpeg,close_up_facial,test,acne-face-3-12__protectwyjqcm90zwn0il0_focusfillwzi5ncwymjisingildfd.jpeg,HAND-BOX ONLY (detector test set),False,,False,False
acne-infantile-13.jpeg,C:/Users/Bautista/Downloads/PrecisionSkin/Classes/Acne/acne-infantile-13.jpeg,close_up_facial,test,acne-infantile-13.jpeg,HAND-BOX ONLY (detector test set),False,,False,False
upscaled_1131_png.rf.a3ca78c98224839715cb4006ea992c47.jpg,C:/Users/Bautista/Downloads/PrecisionSkin/Classes/Acne/upscaled_1131_png.rf.a3ca78c98224839715cb4006ea992c47.jpg,close_up_facial,test,upscaled_1131_png,HAND-BOX ONLY (detector test set),False,,False,False
aug_0_1855.jpg,C:/Users/Bautista/Downloads/PrecisionSkin/Classes/Acne/aug_0_1855.jpg,close_up_facial,test,aug_0_1855.jpg,HAND-BOX ONLY (detector test set),False,,False,False
Acne_367.jpg,C:/Users/Bautista/Downloads/PrecisionSkin/Classes/Acne/Acne_367.jpg,close_up_facial,test,acne_367.jpg,HAND-BOX ONLY (detector test set),False,,False,False
aug_45_acne-cystic-14.jpg,C:/Users/Bautista/Downloads/PrecisionSkin/Classes/Acne/aug_45_acne-cystic-14.jpg,close_up_facial,test,aug_45_acne-cystic-14.jpg,HAND-BOX ONLY (detector test set),False,,False,False
aug_0_7121.jpg,C:/Users/Bautista/Downloads/PrecisionSkin/Classes/Acne/aug_0_7121.jpg,close_up_facial,test,aug_0_7121.jpg,HAND-BOX ONLY (detector test set),False,,False,False
upscaled_973_png.rf.f41b00e6f7c19e13d211dae9d69344a7.jpg,C:/Users/Bautista/Downloads/PrecisionSkin/Classes/Acne/upscaled_973_png.rf.f41b00e6f7c19e13d211dae9d69344a7.jpg,close_up_facial,test,upscaled_973_png,HAND-BOX ONLY (detector test set),False,,False,False
acne-face-46__ProtectWyJQcm90ZWN0Il0_FocusFillWzI5NCwyMjIsIngiLDFd.jpeg,C:/Users/Bautista/Downloads/PrecisionSkin/Classes/Acne/acne-face-46__ProtectWyJQcm90ZWN0Il0_FocusFillWzI5NCwyMjIsIngiLDFd.jpeg,close_up_facial,test,acne-face-46__protectwyjqcm90zwn0il0_focusfillwzi5ncwymjisingildfd.jpeg,HAND-BOX ONLY (detector test set),False,,False,False
R (1).jpg,C:/Users/Bautista/Downloads/PrecisionSkin/Classes/Acne/R (1).jpg,close_up_facial,test,r (1).jpg,HAND-BOX ONLY (detector test set),False,,False,False
levle1_376_jpg.rf.5c71cb118a9eae929c781730b01574c0.jpg,C:/Users/Bautista/Downloads/PrecisionSkin/Classes/Acne/levle1_376_jpg.rf.5c71cb118a9eae929c781730b01574c0.jpg,full_face,test,levle1_376_jpg,HAND-BOX ONLY (detector test set),False,,True,True
acne-face-75__ProtectWyJQcm90ZWN0Il0_FocusFillWzI5NCwyMjIsIngiLDFd_jpg.rf.153fea7bf9d4b34f2bbfa2653ef9a09d.jpg,C:/Users/Bautista/Downloads/PrecisionSkin/Classes/Acne/acne-face-75__ProtectWyJQcm90ZWN0Il0_FocusFillWzI5NCwyMjIsIngiLDFd_jpg.rf.153fea7bf9d4b34f2bbfa2653ef9a09d.jpg,close_up_facial,test,acne-face-75__protectwyjqcm90zwn0il0_focusfillwzi5ncwymjisingildfd_jpg,HAND-BOX ONLY (detector test set),False,,False,False
acne-excoriated-22.jpeg,C:/Users/Bautista/Downloads/PrecisionSkin/Classes/Acne/acne-excoriated-22.jpeg,full_face,test,acne-excoriated-22.jpeg,HAND-BOX ONLY (detector test set),False,,False,False
Acne_110.jpg,C:/Users/Bautista/Downloads/PrecisionSkin/Classes/Acne/Acne_110.jpg,close_up_facial,test,acne_110.jpg,HAND-BOX ONLY (detector test set),False,,False,False
acne_vulgaris_png.rf.5712dc4c4ee95c3451d668fa6a264db7.jpg,C:/Users/Bautista/Downloads/PrecisionSkin/Classes/Acne/acne_vulgaris_png.rf.5712dc4c4ee95c3451d668fa6a264db7.jpg,partial_face,test,acne_vulgaris_png,HAND-BOX ONLY (detector test set),False,,False,False
pigmentation_0_362.jpeg,C:/Users/Bautista/Downloads/PrecisionSkin/Classes/Acne/pigmentation_0_362.jpeg,close_up_facial,test,pigmentation_0_362.jpeg,HAND-BOX ONLY (detector test set),False,,False,False
aug_0_6893.jpg,C:/Users/Bautista/Downloads/PrecisionSkin/Classes/Acne/aug_0_6893.jpg,close_up_facial,test,aug_0_6893.jpg,HAND-BOX ONLY (detector test set),False,,False,False
acne-open-comedo-63_jpg.rf.d5d1b530f29ae1febc66c93997f842f9.jpg,C:/Users/Bautista/Downloads/PrecisionSkin/Classes/Acne/acne-open-comedo-63_jpg.rf.d5d1b530f29ae1febc66c93997f842f9.jpg,partial_face,test,acne-open-comedo-63_jpg,HAND-BOX ONLY (detector test set),True,Acne,False,True
upscaled_2506_png.rf.6e1b8863130b16087ce00b1614696959.jpg,C:/Users/Bautista/Downloads/PrecisionSkin/Classes/Acne/upscaled_2506_png.rf.6e1b8863130b16087ce00b1614696959.jpg,close_up_facial,test,upscaled_2506_png,HAND-BOX ONLY (detector test set),False,,False,False
upscaled_1204_png.rf.fe04e16a7a58ccaf27b269811e524ae2.jpg,C:/Users/Bautista/Downloads/PrecisionSkin/Classes/Acne/upscaled_1204_png.rf.fe04e16a7a58ccaf27b269811e524ae2.jpg,close_up_facial,test,upscaled_1204_png,HAND-BOX ONLY (detector test set),False,,False,False
pigmentation_0_9800_jpeg.rf.7c45dcc20f81f8e08116738e0ee0138e.jpg,C:/Users/Bautista/Downloads/PrecisionSkin/Classes/Acne/pigmentation_0_9800_jpeg.rf.7c45dcc20f81f8e08116738e0ee0138e.jpg,close_up_facial,test,pigmentation_0_9800_jpeg,HAND-BOX ONLY (detector test set),False,,False,False
pigmentation_0_6440_jpeg.rf.4fc1f730ecd55a9c1a49423e72ed5000.jpg,C:/Users/Bautista/Downloads/PrecisionSkin/Classes/Acne/pigmentation_0_6440_jpeg.rf.4fc1f730ecd55a9c1a49423e72ed5000.jpg,close_up_facial,test,pigmentation_0_6440_jpeg,HAND-BOX ONLY (detector test set),False,,False,False
upscaled_549_png.rf.225658b247260c1433533e1b73bd3c4f.jpg,C:/Users/Bautista/Downloads/PrecisionSkin/Classes/Acne/upscaled_549_png.rf.225658b247260c1433533e1b73bd3c4f.jpg,close_up_facial,test,upscaled_549_png,HAND-BOX ONLY (detector test set),False,,False,False
pigmentation_0_1476_jpeg.rf.62c3cbdac63c888be7d63d8a18512b05.jpg,C:/Users/Bautista/Downloads/PrecisionSkin/Classes/Acne/pigmentation_0_1476_jpeg.rf.62c3cbdac63c888be7d63d8a18512b05.jpg,full_face,test,pigmentation_0_1476_jpeg,HAND-BOX ONLY (detector test set),False,,False,False
Acne_240.jpg,C:/Users/Bautista/Downloads/PrecisionSkin/Classes/Acne/Acne_240.jpg,close_up_facial,test,acne_240.jpg,HAND-BOX ONLY (detector test set),False,,False,False
4_jpg.rf.3c6277a67b1ea773fab803f84d6c9bb4.jpg,C:/Users/Bautista/Downloads/PrecisionSkin/Classes/Acne/4_jpg.rf.3c6277a67b1ea773fab803f84d6c9bb4.jpg,full_face,test,4_jpg,HAND-BOX ONLY (detector test set),False,,True,True
acne-face-3-5__ProtectWyJQcm90ZWN0Il0_FocusFillWzI5NCwyMjIsIngiLDE4XQ_jpg.rf.16229fbc313289d5aee8d2080d2d0190.jpg,C:/Users/Bautista/Downloads/PrecisionSkin/Classes/Acne/acne-face-3-5__ProtectWyJQcm90ZWN0Il0_FocusFillWzI5NCwyMjIsIngiLDE4XQ_jpg.rf.16229fbc313289d5aee8d2080d2d0190.jpg,close_up_facial,test,acne-face-3-5__protectwyjqcm90zwn0il0_focusfillwzi5ncwymjisingilde4xq_jpg,HAND-BOX ONLY (detector test set),False,,False,False
OIP-10-_jpg.rf.7463964826f2815960f0d9ecb440ae28.jpg,C:/Users/Bautista/Downloads/PrecisionSkin/Classes/Acne/OIP-10-_jpg.rf.7463964826f2815960f0d9ecb440ae28.jpg,full_face,test,oip-10-_jpg,HAND-BOX ONLY (detector test set),False,,False,False
levle1_477_jpg.rf.a7c366be3cd50d01bce56cab2b8cb3f6.jpg,C:/Users/Bautista/Downloads/PrecisionSkin/Classes/Acne/levle1_477_jpg.rf.a7c366be3cd50d01bce56cab2b8cb3f6.jpg,partial_face,test,levle1_477_jpg,HAND-BOX ONLY (detector test set),False,,True,True
OIP-19-_jpg.rf.0f3286809b57d0265540b6af17a27dc9.jpg,C:/Users/Bautista/Downloads/PrecisionSkin/Classes/Acne/OIP-19-_jpg.rf.0f3286809b57d0265540b6af17a27dc9.jpg,partial_face,test,oip-19-_jpg,HAND-BOX ONLY (detector test set),False,,False,False
upscaled_1981_png.rf.28a9cc69a8225319b851a82194481606.jpg,C:/Users/Bautista/Downloads/PrecisionSkin/Classes/Acne/upscaled_1981_png.rf.28a9cc69a8225319b851a82194481606.jpg,close_up_facial,test,upscaled_1981_png,HAND-BOX ONLY (detector test set),False,,False,False
levle1_483_jpg.rf.f0cc53c3260252f5f522d1a2c982d05a.jpg,C:/Users/Bautista/Downloads/PrecisionSkin/Classes/Acne/levle1_483_jpg.rf.f0cc53c3260252f5f522d1a2c982d05a.jpg,full_face,test,levle1_483_jpg,HAND-BOX ONLY (detector test set),False,,True,True
aug_29_acne-face-2-33__ProtectWyJQcm90ZWN0Il0_FocusFillWzI5NCwyMjIsIngiLDFd.jpeg,C:/Users/Bautista/Downloads/PrecisionSkin/Classes/Acne/aug_29_acne-face-2-33__ProtectWyJQcm90ZWN0Il0_FocusFillWzI5NCwyMjIsIngiLDFd.jpeg,close_up_facial,test,aug_29_acne-face-2-33__protectwyjqcm90zwn0il0_focusfillwzi5ncwymjisingildfd.jpeg,HAND-BOX ONLY (detector test set),False,,False,False
upscaled_1817_png.rf.b326b5bfa6994900235b9af1d4cfdc13.jpg,C:/Users/Bautista/Downloads/PrecisionSkin/Classes/Acne/upscaled_1817_png.rf.b326b5bfa6994900235b9af1d4cfdc13.jpg,close_up_facial,test,upscaled_1817_png,HAND-BOX ONLY (detector test set),False,,False,False
acne-excoriated-26_jpg.rf.4bf27f1cd731dac3020f578a1b26eead.jpg,C:/Users/Bautista/Downloads/PrecisionSkin/Classes/Acne/acne-excoriated-26_jpg.rf.4bf27f1cd731dac3020f578a1b26eead.jpg,partial_face,test,acne-excoriated-26_jpg,HAND-BOX ONLY (detector test set),False,,False,False
upscaled_1742_png.rf.6666101ed11e99481bd51f9145e5c183.jpg,C:/Users/Bautista/Downloads/PrecisionSkin/Classes/Acne/upscaled_1742_png.rf.6666101ed11e99481bd51f9145e5c183.jpg,close_up_facial,test,upscaled_1742_png,HAND-BOX ONLY (detector test set),False,,False,False
upscaled_200_png.rf.8327bbc64d3e228caddc379b2b7bdcdb.jpg,C:/Users/Bautista/Downloads/PrecisionSkin/Classes/Acne/upscaled_200_png.rf.8327bbc64d3e228caddc379b2b7bdcdb.jpg,close_up_facial,test,upscaled_200_png,HAND-BOX ONLY (detector test set),False,,False,False
-149370159562489829.png,C:/Users/Bautista/Downloads/PrecisionSkin/Classes/Acne/-149370159562489829.png,partial_face,test,-149370159562489829.png,HAND-BOX ONLY (detector test set),False,,False,False
aug_0_3201.jpg,C:/Users/Bautista/Downloads/PrecisionSkin/Classes/Acne/aug_0_3201.jpg,partial_face,test,aug_0_3201.jpg,HAND-BOX ONLY (detector test set),False,,False,False
levle1_399_jpg.rf.f02f0ec47c8671ed3e81c4c6b01facd6.jpg,C:/Users/Bautista/Downloads/PrecisionSkin/Classes/Acne/levle1_399_jpg.rf.f02f0ec47c8671ed3e81c4c6b01facd6.jpg,full_face,test,levle1_399_jpg,HAND-BOX ONLY (detector test set),False,,True,True
upscaled_984_png.rf.ef9f961c3834bae3c30ef6a9fd982ed7.jpg,C:/Users/Bautista/Downloads/PrecisionSkin/Classes/Acne/upscaled_984_png.rf.ef9f961c3834bae3c30ef6a9fd982ed7.jpg,close_up_facial,test,upscaled_984_png,HAND-BOX ONLY (detector test set),False,,False,False
acne-face-6-4__ProtectWyJQcm90ZWN0Il0_FocusFillWzI5NCwyMjIsIngiLDFd.jpeg,C:/Users/Bautista/Downloads/PrecisionSkin/Classes/Acne/acne-face-6-4__ProtectWyJQcm90ZWN0Il0_FocusFillWzI5NCwyMjIsIngiLDFd.jpeg,close_up_facial,test,acne-face-6-4__protectwyjqcm90zwn0il0_focusfillwzi5ncwymjisingildfd.jpeg,HAND-BOX ONLY (detector test set),False,,False,False
Acne_151.jpg,C:/Users/Bautista/Downloads/PrecisionSkin/Classes/Acne/Acne_151.jpg,close_up_facial,test,acne_151.jpg,HAND-BOX ONLY (detector test set),False,,False,False
levle2_140_jpg.rf.ccc74cc64db81c00ce2c9c5c3f774a5c.jpg,C:/Users/Bautista/Downloads/PrecisionSkin/Classes/Acne/levle2_140_jpg.rf.ccc74cc64db81c00ce2c9c5c3f774a5c.jpg,full_face,test,levle2_140_jpg,HAND-BOX ONLY (detector test set),False,,True,True
acne-comedones-57-v2__ProtectWyJQcm90ZWN0Il0_FocusFillWzI5NCwyMjIsIngiLDE3XQ.jpeg,C:/Users/Bautista/Downloads/PrecisionSkin/Classes/Acne/acne-comedones-57-v2__ProtectWyJQcm90ZWN0Il0_FocusFillWzI5NCwyMjIsIngiLDE3XQ.jpeg,partial_face,test,acne-comedones-57-v2__protectwyjqcm90zwn0il0_focusfillwzi5ncwymjisingilde3xq.jpeg,HAND-BOX ONLY (detector test set),False,,False,False
pigmentation_0_8668_jpeg.rf.e3cfcbe2c3adada40eedac88034792fb.jpg,C:/Users/Bautista/Downloads/PrecisionSkin/Classes/Acne/pigmentation_0_8668_jpeg.rf.e3cfcbe2c3adada40eedac88034792fb.jpg,close_up_facial,test,pigmentation_0_8668_jpeg,HAND-BOX ONLY (detector test set),False,,False,False
aug_152_acne-089-v2__ProtectWyJQcm90ZWN0Il0_FocusFillWzI5NCwyMjIsIngiLDFd.jpeg,C:/Users/Bautista/Downloads/PrecisionSkin/Classes/Acne/aug_152_acne-089-v2__ProtectWyJQcm90ZWN0Il0_FocusFillWzI5NCwyMjIsIngiLDFd.jpeg,close_up_facial,test,aug_152_acne-089-v2__protectwyjqcm90zwn0il0_focusfillwzi5ncwymjisingildfd.jpeg,HAND-BOX ONLY (detector test set),False,,False,False
upscaled_1746_png.rf.8e851882a2c3f94585fc856a27e58ca0.jpg,C:/Users/Bautista/Downloads/PrecisionSkin/Classes/Acne/upscaled_1746_png.rf.8e851882a2c3f94585fc856a27e58ca0.jpg,close_up_facial,test,upscaled_1746_png,HAND-BOX ONLY (detector test set),False,,False,False
acne121.png,C:/Users/Bautista/Downloads/PrecisionSkin/Classes/Acne/acne121.png,close_up_facial,test,acne121.png,HAND-BOX ONLY (detector test set),False,,False,False
pigmentation_0_1135_jpeg.rf.e4596925f3eecb29914c5aec5e2f17ca.jpg,C:/Users/Bautista/Downloads/PrecisionSkin/Classes/Acne/pigmentation_0_1135_jpeg.rf.e4596925f3eecb29914c5aec5e2f17ca.jpg,partial_face,test,pigmentation_0_1135_jpeg,HAND-BOX ONLY (detector test set),False,,False,False
rosacea-104_jpg.rf.65fe76b8a05a85df18d9e192eb2074c7.jpg,C:/Users/Bautista/Downloads/PrecisionSkin/Classes/Acne/rosacea-104_jpg.rf.65fe76b8a05a85df18d9e192eb2074c7.jpg,close_up_facial,test,rosacea-104_jpg,HAND-BOX ONLY (detector test set),False,,False,False
upscaled_2242_png.rf.8bfe071981e1fc1e523a5f4d2b8a76d0.jpg,C:/Users/Bautista/Downloads/PrecisionSkin/Classes/Acne/upscaled_2242_png.rf.8bfe071981e1fc1e523a5f4d2b8a76d0.jpg,close_up_facial,test,upscaled_2242_png,HAND-BOX ONLY (detector test set),False,,False,False
acne-face-20__ProtectWyJQcm90ZWN0Il0_FocusFillWzI5NCwyMjIsIngiLDE4XQ.jpeg,C:/Users/Bautista/Downloads/PrecisionSkin/Classes/Acne/acne-face-20__ProtectWyJQcm90ZWN0Il0_FocusFillWzI5NCwyMjIsIngiLDE4XQ.jpeg,close_up_facial,test,acne-face-20__protectwyjqcm90zwn0il0_focusfillwzi5ncwymjisingilde4xq.jpeg,HAND-BOX ONLY (detector test set),True,Acne,False,True
aug_0_9508.jpg,C:/Users/Bautista/Downloads/PrecisionSkin/Classes/Acne/aug_0_9508.jpg,close_up_facial,test,aug_0_9508.jpg,HAND-BOX ONLY (detector test set),False,,False,False
upscaled_737_png.rf.464bf96987f7f8bc08ae54429500e66f.jpg,C:/Users/Bautista/Downloads/PrecisionSkin/Classes/Acne/upscaled_737_png.rf.464bf96987f7f8bc08ae54429500e66f.jpg,close_up_facial,test,upscaled_737_png,HAND-BOX ONLY (detector test set),False,,False,False
acne-face-2-12__ProtectWyJQcm90ZWN0Il0_FocusFillWzI5NCwyMjIsIngiLDFd.jpeg,C:/Users/Bautista/Downloads/PrecisionSkin/Classes/Acne/acne-face-2-12__ProtectWyJQcm90ZWN0Il0_FocusFillWzI5NCwyMjIsIngiLDFd.jpeg,close_up_facial,test,acne-face-2-12__protectwyjqcm90zwn0il0_focusfillwzi5ncwymjisingildfd.jpeg,HAND-BOX ONLY (detector test set),True,Acne,False,True
upscaled_761_png.rf.ed7e065f5401e6b778264454b3b20c34.jpg,C:/Users/Bautista/Downloads/PrecisionSkin/Classes/Acne/upscaled_761_png.rf.ed7e065f5401e6b778264454b3b20c34.jpg,close_up_facial,test,upscaled_761_png,HAND-BOX ONLY (detector test set),False,,False,False
upscaled_2074_png.rf.a6077d5a825b81c8df2776b8595171ae.jpg,C:/Users/Bautista/Downloads/PrecisionSkin/Classes/Acne/upscaled_2074_png.rf.a6077d5a825b81c8df2776b8595171ae.jpg,partial_face,test,upscaled_2074_png,HAND-BOX ONLY (detector test set),False,,False,False
acne-face-2-13__ProtectWyJQcm90ZWN0Il0_FocusFillWzI5NCwyMjIsIngiLDFd.jpeg,C:/Users/Bautista/Downloads/PrecisionSkin/Classes/Acne/acne-face-2-13__ProtectWyJQcm90ZWN0Il0_FocusFillWzI5NCwyMjIsIngiLDFd.jpeg,close_up_facial,test,acne-face-2-13__protectwyjqcm90zwn0il0_focusfillwzi5ncwymjisingildfd.jpeg,HAND-BOX ONLY (detector test set),True,Acne,False,True
aug_0_9015.jpg,C:/Users/Bautista/Downloads/PrecisionSkin/Classes/Acne/aug_0_9015.jpg,partial_face,test,aug_0_9015.jpg,HAND-BOX ONLY (detector test set),False,,False,False
aug_339_aug_2_acne-pustular-29.jpg,C:/Users/Bautista/Downloads/PrecisionSkin/Classes/Acne/aug_339_aug_2_acne-pustular-29.jpg,close_up_facial,test,aug_339_aug_2_acne-pustular-29.jpg,HAND-BOX ONLY (detector test set),True,Acne,False,True
aug_68_acne-mechanica-1.jpg,C:/Users/Bautista/Downloads/PrecisionSkin/Classes/Acne/aug_68_acne-mechanica-1.jpg,close_up_facial,test,aug_68_acne-mechanica-1.jpg,HAND-BOX ONLY (detector test set),False,,False,False
pigmentation_0_2538.jpeg,C:/Users/Bautista/Downloads/PrecisionSkin/Classes/Acne/pigmentation_0_2538.jpeg,close_up_facial,test,pigmentation_0_2538.jpeg,HAND-BOX ONLY (detector test set),False,,False,False
upscaled_2882_png.rf.7d280f289fbec1887c5ef676eb9f0d2d.jpg,C:/Users/Bautista/Downloads/PrecisionSkin/Classes/Acne/upscaled_2882_png.rf.7d280f289fbec1887c5ef676eb9f0d2d.jpg,close_up_facial,test,upscaled_2882_png,HAND-BOX ONLY (detector test set),False,,False,False
f297fe78c11b78d8907dceea58a45e41.jpg,C:/Users/Bautista/Downloads/PrecisionSkin/Classes/Acne/f297fe78c11b78d8907dceea58a45e41.jpg,partial_face,test,f297fe78c11b78d8907dceea58a45e41.jpg,HAND-BOX ONLY (detector test set),False,,False,False
Acne_171.jpg,C:/Users/Bautista/Downloads/PrecisionSkin/Classes/Acne/Acne_171.jpg,close_up_facial,test,acne_171.jpg,HAND-BOX ONLY (detector test set),False,,False,False
levle2_142_jpg.rf.82e59053683eecf4c72b4e553c4e56fd.jpg,C:/Users/Bautista/Downloads/PrecisionSkin/Classes/Acne/levle2_142_jpg.rf.82e59053683eecf4c72b4e553c4e56fd.jpg,full_face,test,levle2_142_jpg,HAND-BOX ONLY (detector test set),False,,True,True
pigmentation_0_2483_jpeg.rf.84eba6c5ef75447c46c2ae5dd7e4a52e.jpg,C:/Users/Bautista/Downloads/PrecisionSkin/Classes/Acne/pigmentation_0_2483_jpeg.rf.84eba6c5ef75447c46c2ae5dd7e4a52e.jpg,partial_face,test,pigmentation_0_2483_jpeg,HAND-BOX ONLY (detector test set),False,,False,False
upscaled_1151_png.rf.3c86740b30a845270fdde1fb35d5b9bd.jpg,C:/Users/Bautista/Downloads/PrecisionSkin/Classes/Acne/upscaled_1151_png.rf.3c86740b30a845270fdde1fb35d5b9bd.jpg,close_up_facial,test,upscaled_1151_png,HAND-BOX ONLY (detector test set),False,,False,False
pigmentation_0_2298_jpeg.rf.61fe7b36e22b8c2638306e4215480b40.jpg,C:/Users/Bautista/Downloads/PrecisionSkin/Classes/Acne/pigmentation_0_2298_jpeg.rf.61fe7b36e22b8c2638306e4215480b40.jpg,partial_face,test,pigmentation_0_2298_jpeg,HAND-BOX ONLY (detector test set),False,,False,False
R-44-_jpg.rf.2dd494cdd29d9a6012826a6f99020219.jpg,C:/Users/Bautista/Downloads/PrecisionSkin/Classes/Acne/R-44-_jpg.rf.2dd494cdd29d9a6012826a6f99020219.jpg,partial_face,test,r-44-_jpg,HAND-BOX ONLY (detector test set),False,,False,False
aug_271_acne-open-comedo-20.jpg,C:/Users/Bautista/Downloads/PrecisionSkin/Classes/Acne/aug_271_acne-open-comedo-20.jpg,close_up_facial,test,aug_271_acne-open-comedo-20.jpg,HAND-BOX ONLY (detector test set),True,Acne,False,True
upscaled_1160_png.rf.06d017c65d42bbe94bd934cbf2411d69.jpg,C:/Users/Bautista/Downloads/PrecisionSkin/Classes/Acne/upscaled_1160_png.rf.06d017c65d42bbe94bd934cbf2411d69.jpg,close_up_facial,test,upscaled_1160_png,HAND-BOX ONLY (detector test set),False,,False,False
11118622-6820319-image-a-24_15528711043151_jpg.rf.1841d09e1616062c3f7fb5671bf1997c.jpg,C:/Users/Bautista/Downloads/PrecisionSkin/Classes/Acne/11118622-6820319-image-a-24_15528711043151_jpg.rf.1841d09e1616062c3f7fb5671bf1997c.jpg,full_face,test,11118622-6820319-image-a-24_15528711043151_jpg,HAND-BOX ONLY (detector test set),False,,False,False
R (13).jpg,C:/Users/Bautista/Downloads/PrecisionSkin/Classes/Acne/R (13).jpg,close_up_facial,test,r (13).jpg,HAND-BOX ONLY (detector test set),False,,False,False
Acne_82.jpg,C:/Users/Bautista/Downloads/PrecisionSkin/Classes/Acne/Acne_82.jpg,partial_face,test,acne_82.jpg,HAND-BOX ONLY (detector test set),False,,False,False
upscaled_103_png.rf.5f82de96bf2f51aa82d7c6aceb9d2eb7.jpg,C:/Users/Bautista/Downloads/PrecisionSkin/Classes/Acne/upscaled_103_png.rf.5f82de96bf2f51aa82d7c6aceb9d2eb7.jpg,close_up_facial,test,upscaled_103_png,HAND-BOX ONLY (detector test set),False,,False,False
acne196.png,C:/Users/Bautista/Downloads/PrecisionSkin/Classes/Acne/acne196.png,close_up_facial,test,acne196.png,HAND-BOX ONLY (detector test set),False,,False,False
acne-face-18__ProtectWyJQcm90ZWN0Il0_FocusFillWzI5NCwyMjIsIngiLDE4XQ.jpeg,C:/Users/Bautista/Downloads/PrecisionSkin/Classes/Acne/acne-face-18__ProtectWyJQcm90ZWN0Il0_FocusFillWzI5NCwyMjIsIngiLDE4XQ.jpeg,close_up_facial,test,acne-face-18__protectwyjqcm90zwn0il0_focusfillwzi5ncwymjisingilde4xq.jpeg,HAND-BOX ONLY (detector test set),True,Acne,False,True
levle1_384_jpg.rf.a6f3a896e8508d67f52c8e0393a2b970.jpg,C:/Users/Bautista/Downloads/PrecisionSkin/Classes/Acne/levle1_384_jpg.rf.a6f3a896e8508d67f52c8e0393a2b970.jpg,partial_face,test,levle1_384_jpg,HAND-BOX ONLY (detector test set),False,,True,True
IMG_8544.thumb.JPG.faf77397f165101fbe28d89642ac2fe3.jpg,C:/Users/Bautista/Downloads/PrecisionSkin/Classes/Acne/IMG_8544.thumb.JPG.faf77397f165101fbe28d89642ac2fe3.jpg,close_up_facial,test,img_8544.thumb.jpg.faf77397f165101fbe28d89642ac2fe3.jpg,HAND-BOX ONLY (detector test set),False,,False,False
pigmentation_0_2850_jpeg.rf.d52ddc1ba519a7d4965d920363a4913a.jpg,C:/Users/Bautista/Downloads/PrecisionSkin/Classes/Acne/pigmentation_0_2850_jpeg.rf.d52ddc1ba519a7d4965d920363a4913a.jpg,partial_face,test,pigmentation_0_2850_jpeg,HAND-BOX ONLY (detector test set),False,,False,False
rosacea-114_jpg.rf.2d8c6c1dd8c118568d23b447713e5b82.jpg,C:/Users/Bautista/Downloads/PrecisionSkin/Classes/Acne/rosacea-114_jpg.rf.2d8c6c1dd8c118568d23b447713e5b82.jpg,full_face,test,rosacea-114_jpg,HAND-BOX ONLY (detector test set),False,,False,False
pigmentation_0_1601_jpeg.rf.ef4834b215ad6fe8e770c0eb616c58b8.jpg,C:/Users/Bautista/Downloads/PrecisionSkin/Classes/Acne/pigmentation_0_1601_jpeg.rf.ef4834b215ad6fe8e770c0eb616c58b8.jpg,close_up_facial,test,pigmentation_0_1601_jpeg,HAND-BOX ONLY (detector test set),False,,False,False
levle1_466_jpg.rf.3bbebdf0e62a82af620c464453759098.jpg,C:/Users/Bautista/Downloads/PrecisionSkin/Classes/Acne/levle1_466_jpg.rf.3bbebdf0e62a82af620c464453759098.jpg,partial_face,test,levle1_466_jpg,HAND-BOX ONLY (detector test set),False,,True,True
aug_102_40.jpg,C:/Users/Bautista/Downloads/PrecisionSkin/Classes/Acne/aug_102_40.jpg,close_up_facial,test,aug_102_40.jpg,HAND-BOX ONLY (detector test set),False,,False,False
aug_0_7539.jpg,C:/Users/Bautista/Downloads/PrecisionSkin/Classes/Acne/aug_0_7539.jpg,partial_face,test,aug_0_7539.jpg,HAND-BOX ONLY (detector test set),False,,False,False
aug_311_acne-face-5-8__ProtectWyJQcm90ZWN0Il0_FocusFillWzI5NCwyMjIsIngiLDFd.jpeg,C:/Users/Bautista/Downloads/PrecisionSkin/Classes/Acne/aug_311_acne-face-5-8__ProtectWyJQcm90ZWN0Il0_FocusFillWzI5NCwyMjIsIngiLDFd.jpeg,close_up_facial,test,aug_311_acne-face-5-8__protectwyjqcm90zwn0il0_focusfillwzi5ncwymjisingildfd.jpeg,HAND-BOX ONLY (detector test set),False,,False,False
upscaled_171_png.rf.e052358700ae6e323709abbdd90746b3.jpg,C:/Users/Bautista/Downloads/PrecisionSkin/Classes/Acne/upscaled_171_png.rf.e052358700ae6e323709abbdd90746b3.jpg,partial_face,test,upscaled_171_png,HAND-BOX ONLY (detector test set),False,,False,False
upscaled_423_png.rf.eb5ba134156406001e93f3fd97a99859.jpg,C:/Users/Bautista/Downloads/PrecisionSkin/Classes/Acne/upscaled_423_png.rf.eb5ba134156406001e93f3fd97a99859.jpg,close_up_facial,test,upscaled_423_png,HAND-BOX ONLY (detector test set),False,,False,False
pc438phx95i41 (1).jpg,C:/Users/Bautista/Downloads/PrecisionSkin/Classes/Acne/pc438phx95i41 (1).jpg,partial_face,test,pc438phx95i41 (1).jpg,HAND-BOX ONLY (detector test set),False,,False,False
249823248533131936.png,C:/Users/Bautista/Downloads/PrecisionSkin/Classes/Acne/249823248533131936.png,close_up_facial,test,249823248533131936.png,HAND-BOX ONLY (detector test set),False,,False,False
aug_0_2970.jpg,C:/Users/Bautista/Downloads/PrecisionSkin/Classes/Acne/aug_0_2970.jpg,close_up_facial,test,aug_0_2970.jpg,HAND-BOX ONLY (detector test set),False,,False,False
acne-closed-comedo-17_jpg.rf.256da3a9704c5124cae14be8b2dfe742.jpg,C:/Users/Bautista/Downloads/PrecisionSkin/Classes/Acne/acne-closed-comedo-17_jpg.rf.256da3a9704c5124cae14be8b2dfe742.jpg,close_up_facial,test,acne-closed-comedo-17_jpg,HAND-BOX ONLY (detector test set),False,,False,False
acne-face-6-3__ProtectWyJQcm90ZWN0Il0_FocusFillWzI5NCwyMjIsIngiLDFd.jpeg,C:/Users/Bautista/Downloads/PrecisionSkin/Classes/Acne/acne-face-6-3__ProtectWyJQcm90ZWN0Il0_FocusFillWzI5NCwyMjIsIngiLDFd.jpeg,close_up_facial,test,acne-face-6-3__protectwyjqcm90zwn0il0_focusfillwzi5ncwymjisingildfd.jpeg,HAND-BOX ONLY (detector test set),True,Acne,False,True
aug_256_acne-face-2-7__ProtectWyJQcm90ZWN0Il0_FocusFillWzI5NCwyMjIsIngiLDFd.jpeg,C:/Users/Bautista/Downloads/PrecisionSkin/Classes/Acne/aug_256_acne-face-2-7__ProtectWyJQcm90ZWN0Il0_FocusFillWzI5NCwyMjIsIngiLDFd.jpeg,close_up_facial,test,aug_256_acne-face-2-7__protectwyjqcm90zwn0il0_focusfillwzi5ncwymjisingildfd.jpeg,HAND-BOX ONLY (detector test set),False,,False,False
R-15-_jpg.rf.4cbee6332479d0694d1e9a02220e787e.jpg,C:/Users/Bautista/Downloads/PrecisionSkin/Classes/Acne/R-15-_jpg.rf.4cbee6332479d0694d1e9a02220e787e.jpg,partial_face,test,r-15-_jpg,HAND-BOX ONLY (detector test set),False,,False,False
upscaled_877_png.rf.2eb8fc1a88750865655df07b2c1b5231.jpg,C:/Users/Bautista/Downloads/PrecisionSkin/Classes/Acne/upscaled_877_png.rf.2eb8fc1a88750865655df07b2c1b5231.jpg,close_up_facial,test,upscaled_877_png,HAND-BOX ONLY (detector test set),False,,False,False
upscaled_1190_png.rf.2d6f305cf8a4c15b3b211ab9ff83cdc7.jpg,C:/Users/Bautista/Downloads/PrecisionSkin/Classes/Acne/upscaled_1190_png.rf.2d6f305cf8a4c15b3b211ab9ff83cdc7.jpg,close_up_facial,test,upscaled_1190_png,HAND-BOX ONLY (detector test set),False,,False,False
upscaled_1727_png.rf.c4b7874cb4105481ea63a4f6ac827072.jpg,C:/Users/Bautista/Downloads/PrecisionSkin/Classes/Acne/upscaled_1727_png.rf.c4b7874cb4105481ea63a4f6ac827072.jpg,close_up_facial,test,upscaled_1727_png,HAND-BOX ONLY (detector test set),False,,False,False
acne-face-68__ProtectWyJQcm90ZWN0Il0_FocusFillWzI5NCwyMjIsIngiLDFd.jpeg,C:/Users/Bautista/Downloads/PrecisionSkin/Classes/Acne/acne-face-68__ProtectWyJQcm90ZWN0Il0_FocusFillWzI5NCwyMjIsIngiLDFd.jpeg,close_up_facial,test,acne-face-68__protectwyjqcm90zwn0il0_focusfillwzi5ncwymjisingildfd.jpeg,HAND-BOX ONLY (detector test set),False,,False,False
upscaled_1410_png.rf.5b71bec7f59fe3b78b1d5cc5d33da23c.jpg,C:/Users/Bautista/Downloads/PrecisionSkin/Classes/Acne/upscaled_1410_png.rf.5b71bec7f59fe3b78b1d5cc5d33da23c.jpg,close_up_facial,test,upscaled_1410_png,HAND-BOX ONLY (detector test set),False,,False,False
aug_0_7958.jpg,C:/Users/Bautista/Downloads/PrecisionSkin/Classes/Acne/aug_0_7958.jpg,partial_face,test,aug_0_7958.jpg,HAND-BOX ONLY (detector test set),False,,False,False
-535405253019946720.png,C:/Users/Bautista/Downloads/PrecisionSkin/Classes/Acne/-535405253019946720.png,close_up_facial,test,-535405253019946720.png,HAND-BOX ONLY (detector test set),False,,False,False
upscaled_2672_png.rf.57fb0053529b5a8a301bc8ecd2904e94.jpg,C:/Users/Bautista/Downloads/PrecisionSkin/Classes/Acne/upscaled_2672_png.rf.57fb0053529b5a8a301bc8ecd2904e94.jpg,close_up_facial,test,upscaled_2672_png,HAND-BOX ONLY (detector test set),False,,False,False
pigmentation_0_9085_jpeg.rf.13743491ce0e789fd7486467ddf1657d.jpg,C:/Users/Bautista/Downloads/PrecisionSkin/Classes/Acne/pigmentation_0_9085_jpeg.rf.13743491ce0e789fd7486467ddf1657d.jpg,partial_face,test,pigmentation_0_9085_jpeg,HAND-BOX ONLY (detector test set),False,,False,False
acne53.png,C:/Users/Bautista/Downloads/PrecisionSkin/Classes/Acne/acne53.png,full_face,test,acne53.png,HAND-BOX ONLY (detector test set),False,,False,False
upscaled_226_png.rf.5da4accc1d95da75928fad42ae84096e.jpg,C:/Users/Bautista/Downloads/PrecisionSkin/Classes/Acne/upscaled_226_png.rf.5da4accc1d95da75928fad42ae84096e.jpg,close_up_facial,test,upscaled_226_png,HAND-BOX ONLY (detector test set),False,,False,False
upscaled_2395_png.rf.a8dd0ff4501101127f1d24701ff7dfbd.jpg,C:/Users/Bautista/Downloads/PrecisionSkin/Classes/Acne/upscaled_2395_png.rf.a8dd0ff4501101127f1d24701ff7dfbd.jpg,partial_face,test,upscaled_2395_png,HAND-BOX ONLY (detector test set),False,,False,False
aug_34_acne-comedones-57-v2__ProtectWyJQcm90ZWN0Il0_FocusFillWzI5NCwyMjIsIngiLDE3XQ.jpeg,C:/Users/Bautista/Downloads/PrecisionSkin/Classes/Acne/aug_34_acne-comedones-57-v2__ProtectWyJQcm90ZWN0Il0_FocusFillWzI5NCwyMjIsIngiLDE3XQ.jpeg,partial_face,test,aug_34_acne-comedones-57-v2__protectwyjqcm90zwn0il0_focusfillwzi5ncwymjisingilde3xq.jpeg,HAND-BOX ONLY (detector test set),False,,False,False
R-12-_jpg.rf.b272833683f5b09c72856bd86e64d1ba.jpg,C:/Users/Bautista/Downloads/PrecisionSkin/Classes/Acne/R-12-_jpg.rf.b272833683f5b09c72856bd86e64d1ba.jpg,close_up_facial,test,r-12-_jpg,HAND-BOX ONLY (detector test set),False,,False,False
Acne_136.jpg,C:/Users/Bautista/Downloads/PrecisionSkin/Classes/Acne/Acne_136.jpg,close_up_facial,test,acne_136.jpg,HAND-BOX ONLY (detector test set),False,,False,False
pigmentation_0_1017_jpeg.rf.372ceb33603b23e9096e4f18294a1618.jpg,C:/Users/Bautista/Downloads/PrecisionSkin/Classes/Acne/pigmentation_0_1017_jpeg.rf.372ceb33603b23e9096e4f18294a1618.jpg,partial_face,test,pigmentation_0_1017_jpeg,HAND-BOX ONLY (detector test set),False,,False,False
levle1_63_jpg.rf.1793c7757d55f67694b22ea9aa77bb19.jpg,C:/Users/Bautista/Downloads/PrecisionSkin/Classes/Acne/levle1_63_jpg.rf.1793c7757d55f67694b22ea9aa77bb19.jpg,full_face,test,levle1_63_jpg,HAND-BOX ONLY (detector test set),False,,True,True
pigmentation_0_7786_jpeg.rf.2cef04575bcf92c8f82040c20de89044.jpg,C:/Users/Bautista/Downloads/PrecisionSkin/Classes/Acne/pigmentation_0_7786_jpeg.rf.2cef04575bcf92c8f82040c20de89044.jpg,partial_face,test,pigmentation_0_7786_jpeg,HAND-BOX ONLY (detector test set),False,,False,False
acne-face-7-3__ProtectWyJQcm90ZWN0Il0_FocusFillWzI5NCwyMjIsIngiLDFd.jpeg,C:/Users/Bautista/Downloads/PrecisionSkin/Classes/Acne/acne-face-7-3__ProtectWyJQcm90ZWN0Il0_FocusFillWzI5NCwyMjIsIngiLDFd.jpeg,close_up_facial,test,acne-face-7-3__protectwyjqcm90zwn0il0_focusfillwzi5ncwymjisingildfd.jpeg,HAND-BOX ONLY (detector test set),False,,False,False
19280a95363d065b1dfbc654e2853029_jpg.rf.5b280992c4ebcf58a7a890ea191ea6ba.jpg,C:/Users/Bautista/Downloads/PrecisionSkin/Classes/Acne/19280a95363d065b1dfbc654e2853029_jpg.rf.5b280992c4ebcf58a7a890ea191ea6ba.jpg,full_face,test,19280a95363d065b1dfbc654e2853029_jpg,HAND-BOX ONLY (detector test set),False,,False,False
upscaled_1091_png.rf.2c62b52304472d1153af912d82e00893.jpg,C:/Users/Bautista/Downloads/PrecisionSkin/Classes/Acne/upscaled_1091_png.rf.2c62b52304472d1153af912d82e00893.jpg,close_up_facial,test,upscaled_1091_png,HAND-BOX ONLY (detector test set),False,,False,False
acne-infantile-7_jpg.rf.f58d11897e04283cb97f7ca19386f882.jpg,C:/Users/Bautista/Downloads/PrecisionSkin/Classes/Acne/acne-infantile-7_jpg.rf.f58d11897e04283cb97f7ca19386f882.jpg,close_up_facial,test,acne-infantile-7_jpg,HAND-BOX ONLY (detector test set),False,,False,False
acne-face-3-15__ProtectWyJQcm90ZWN0Il0_FocusFillWzI5NCwyMjIsInkiLDg1XQ_jpg.rf.cca0356274aff5f30e44ab54b05359bc.jpg,C:/Users/Bautista/Downloads/PrecisionSkin/Classes/Acne/acne-face-3-15__ProtectWyJQcm90ZWN0Il0_FocusFillWzI5NCwyMjIsInkiLDg1XQ_jpg.rf.cca0356274aff5f30e44ab54b05359bc.jpg,close_up_facial,test,acne-face-3-15__protectwyjqcm90zwn0il0_focusfillwzi5ncwymjisinkildg1xq_jpg,HAND-BOX ONLY (detector test set),False,,False,False
4854642640078864338.png,C:/Users/Bautista/Downloads/PrecisionSkin/Classes/Acne/4854642640078864338.png,close_up_facial,test,4854642640078864338.png,HAND-BOX ONLY (detector test set),False,,False,False
upscaled_1853_png.rf.da2991b0437f1c673682c55f416c2f17.jpg,C:/Users/Bautista/Downloads/PrecisionSkin/Classes/Acne/upscaled_1853_png.rf.da2991b0437f1c673682c55f416c2f17.jpg,close_up_facial,test,upscaled_1853_png,HAND-BOX ONLY (detector test set),False,,False,False
R-40-_jpg.rf.6482b862f5bc3d66d04bd5d62379e824.jpg,C:/Users/Bautista/Downloads/PrecisionSkin/Classes/Acne/R-40-_jpg.rf.6482b862f5bc3d66d04bd5d62379e824.jpg,close_up_facial,test,r-40-_jpg,HAND-BOX ONLY (detector test set),False,,False,False
upscaled_2871_png.rf.2a4900994e5945431468a6eb21f2d29f.jpg,C:/Users/Bautista/Downloads/PrecisionSkin/Classes/Acne/upscaled_2871_png.rf.2a4900994e5945431468a6eb21f2d29f.jpg,close_up_facial,test,upscaled_2871_png,HAND-BOX ONLY (detector test set),False,,False,False
54a279bcec5a872af278da1d9a9f7337-clear-skin-acne_jpg.rf.3a151e5f9b742152c7b0046e8526d52d.jpg,C:/Users/Bautista/Downloads/PrecisionSkin/Classes/Acne/54a279bcec5a872af278da1d9a9f7337-clear-skin-acne_jpg.rf.3a151e5f9b742152c7b0046e8526d52d.jpg,partial_face,test,54a279bcec5a872af278da1d9a9f7337-clear-skin-acne_jpg,HAND-BOX ONLY (detector test set),False,,False,False
pigmentation_0_774_jpeg.rf.90813900d1e45a8f089103875614df3f.jpg,C:/Users/Bautista/Downloads/PrecisionSkin/Classes/Acne/pigmentation_0_774_jpeg.rf.90813900d1e45a8f089103875614df3f.jpg,partial_face,test,pigmentation_0_774_jpeg,HAND-BOX ONLY (detector test set),False,,False,False
upscaled_1793_png.rf.e653c4470e02e8f017d16ab937bcfe44.jpg,C:/Users/Bautista/Downloads/PrecisionSkin/Classes/Acne/upscaled_1793_png.rf.e653c4470e02e8f017d16ab937bcfe44.jpg,close_up_facial,test,upscaled_1793_png,HAND-BOX ONLY (detector test set),False,,False,False
acne1.png,C:/Users/Bautista/Downloads/PrecisionSkin/Classes/Acne/acne1.png,partial_face,test,acne1.png,HAND-BOX ONLY (detector test set),False,,False,False
acne-pustular-23.jpg,C:/Users/Bautista/Downloads/PrecisionSkin/Classes/Acne/acne-pustular-23.jpg,close_up_facial,test,acne-pustular-23.jpg,HAND-BOX ONLY (detector test set),True,Acne,False,True
acne-closed-comedo-28.jpeg,C:/Users/Bautista/Downloads/PrecisionSkin/Classes/Acne/acne-closed-comedo-28.jpeg,partial_face,test,acne-closed-comedo-28.jpeg,HAND-BOX ONLY (detector test set),False,,False,False
Acne_21.jpg,C:/Users/Bautista/Downloads/PrecisionSkin/Classes/Acne/Acne_21.jpg,close_up_facial,train,acne_21.jpg,pseudo-label + correct (training),False,,False,False
acne-pustular-42.jpeg,C:/Users/Bautista/Downloads/PrecisionSkin/Classes/Acne/acne-pustular-42.jpeg,full_face,train,acne-pustular-42.jpeg,pseudo-label + correct (training),True,Acne,False,True
acne-pustular-43.jpg,C:/Users/Bautista/Downloads/PrecisionSkin/Classes/Acne/acne-pustular-43.jpg,partial_face,validation,acne-pustular-43.jpg,pseudo-label + correct (validation),True,Acne,False,True
acne-cystic-123.jpg,C:/Users/Bautista/Downloads/PrecisionSkin/Classes/Acne/acne-cystic-123.jpg,close_up_facial,validation,acne-cystic-123.jpg,pseudo-label + correct (validation),False,,False,False
acne-excoriated-8.jpeg,C:/Users/Bautista/Downloads/PrecisionSkin/Classes/Acne/acne-excoriated-8.jpeg,partial_face,validation,acne-excoriated-8.jpeg,pseudo-label + correct (validation),True,Acne,False,True
acne-excoriated-26.jpeg,C:/Users/Bautista/Downloads/PrecisionSkin/Classes/Acne/acne-excoriated-26.jpeg,partial_face,test,acne-excoriated-26.jpeg,HAND-BOX ONLY (detector test set),False,,False,False
acne-infantile-8.jpeg,C:/Users/Bautista/Downloads/PrecisionSkin/Classes/Acne/acne-infantile-8.jpeg,close_up_facial,train,acne-infantile-8.jpeg,pseudo-label + correct (training),False,,False,False
acne-excoriated-29.jpg,C:/Users/Bautista/Downloads/PrecisionSkin/Classes/Acne/acne-excoriated-29.jpg,close_up_facial,test,acne-excoriated-29.jpg,HAND-BOX ONLY (detector test set),False,,False,False
acne-open-comedo-40.jpg,C:/Users/Bautista/Downloads/PrecisionSkin/Classes/Acne/acne-open-comedo-40.jpg,close_up_facial,validation,acne-open-comedo-40.jpg,pseudo-label + correct (validation),False,,False,False
acne-closed-comedo-3.jpg,C:/Users/Bautista/Downloads/PrecisionSkin/Classes/Acne/acne-closed-comedo-3.jpg,close_up_facial,validation,acne-closed-comedo-3.jpg,pseudo-label + correct (validation),False,,False,False
acne-cystic-127.jpg,C:/Users/Bautista/Downloads/PrecisionSkin/Classes/Acne/acne-cystic-127.jpg,partial_face,train,acne-cystic-127.jpg,pseudo-label + correct (training),False,,False,False
acne35.png,C:/Users/Bautista/Downloads/PrecisionSkin/Classes/Acne/acne35.png,close_up_facial,validation,acne35.png,pseudo-label + correct (validation),True,Acne,False,True
acne-pustular-7.jpeg,C:/Users/Bautista/Downloads/PrecisionSkin/Classes/Acne/acne-pustular-7.jpeg,partial_face,train,acne-pustular-7.jpeg,pseudo-label + correct (training),True,Acne,False,True
acne-pustular-24.jpg,C:/Users/Bautista/Downloads/PrecisionSkin/Classes/Acne/acne-pustular-24.jpg,close_up_facial,train,acne-pustular-24.jpg,pseudo-label + correct (training),True,Acne,False,True
acne16.png,C:/Users/Bautista/Downloads/PrecisionSkin/Classes/Acne/acne16.png,partial_face,validation,acne16.png,pseudo-label + correct (validation),False,,False,False
acne59.png,C:/Users/Bautista/Downloads/PrecisionSkin/Classes/Acne/acne59.png,partial_face,train,acne59.png,pseudo-label + correct (training),True,Acne,False,True
acne-pustular-9.jpg,C:/Users/Bautista/Downloads/PrecisionSkin/Classes/Acne/acne-pustular-9.jpg,close_up_facial,validation,acne-pustular-9.jpg,pseudo-label + correct (validation),False,,False,False
acne-open-comedo-38.jpeg,C:/Users/Bautista/Downloads/PrecisionSkin/Classes/Acne/acne-open-comedo-38.jpeg,close_up_facial,validation,acne-open-comedo-38.jpeg,pseudo-label + correct (validation),False,,False,False
acne-pustular-16.jpeg,C:/Users/Bautista/Downloads/PrecisionSkin/Classes/Acne/acne-pustular-16.jpeg,full_face,validation,acne-pustular-16.jpeg,pseudo-label + correct (validation),True,Acne,False,True
acne-excoriated-13.jpeg,C:/Users/Bautista/Downloads/PrecisionSkin/Classes/Acne/acne-excoriated-13.jpeg,partial_face,test,acne-excoriated-13.jpeg,HAND-BOX ONLY (detector test set),True,Acne,False,True
acne-open-comedo-41.jpg,C:/Users/Bautista/Downloads/PrecisionSkin/Classes/Acne/acne-open-comedo-41.jpg,close_up_facial,test,acne-open-comedo-41.jpg,HAND-BOX ONLY (detector test set),True,Acne,False,True
acne-pustular-21.jpg,C:/Users/Bautista/Downloads/PrecisionSkin/Classes/Acne/acne-pustular-21.jpg,partial_face,train,acne-pustular-21.jpg,pseudo-label + correct (training),True,Acne,False,True
33.jpg,C:/Users/Bautista/Downloads/PrecisionSkin/Classes/Acne/33.jpg,partial_face,test,33.jpg,HAND-BOX ONLY (detector test set),True,Acne,False,True
acne-infantile-15.jpg,C:/Users/Bautista/Downloads/PrecisionSkin/Classes/Acne/acne-infantile-15.jpg,partial_face,train,acne-infantile-15.jpg,pseudo-label + correct (training),False,,False,False
acne151.png,C:/Users/Bautista/Downloads/PrecisionSkin/Classes/Acne/acne151.png,close_up_facial,train,acne151.png,pseudo-label + correct (training),True,Acne,False,True
acne-pustular-8.jpg,C:/Users/Bautista/Downloads/PrecisionSkin/Classes/Acne/acne-pustular-8.jpg,partial_face,test,acne-pustular-8.jpg,HAND-BOX ONLY (detector test set),True,Acne,False,True
