filename,local_path_windows,image_type,classifier_split,source_photo_key,role_for_detector,has_boxed_twin,twin_condition,name_match,boxed_already
1_39.jpg,C:/Users/Bautista/Downloads/PrecisionSkin/Classes/Eczema/1_39.jpg,close_up_facial,train,1_39.jpg,pseudo-label + correct (training),False,,False,False
042792HB.jpg,C:/Users/Bautista/Downloads/PrecisionSkin/Classes/Eczema/042792HB.jpg,close_up_facial,train,042792hb.jpg,pseudo-label + correct (training),False,,False,False
eczema-herpticum05.jpg,C:/Users/Bautista/Downloads/PrecisionSkin/Classes/Eczema/eczema-herpticum05.jpg,partial_face,train,eczema-herpticum05.jpg,pseudo-label + correct (training),False,,False,False
2_25.jpg,C:/Users/Bautista/Downloads/PrecisionSkin/Classes/Eczema/2_25.jpg,close_up_facial,train,2_25.jpg,pseudo-label + correct (training),False,,False,False
2_3 kopyası.jpg,C:/Users/Bautista/Downloads/PrecisionSkin/Classes/Eczema/2_3 kopyası.jpg,partial_face,train,2_3 kopyası.jpg,pseudo-label + correct (training),False,,False,False
-1064371581402118828.png,C:/Users/Bautista/Downloads/PrecisionSkin/Classes/Eczema/-1064371581402118828.png,partial_face,train,-1064371581402118828.png,pseudo-label + correct (training),False,,False,False
-7480975812488266764.png,C:/Users/Bautista/Downloads/PrecisionSkin/Classes/Eczema/-7480975812488266764.png,close_up_facial,train,-7480975812488266764.png,pseudo-label + correct (training),False,,False,False
th-80-_jpeg.rf.5f80d829acefd4d68dc5461c24f5480e.jpg,C:/Users/Bautista/Downloads/PrecisionSkin/Classes/Eczema/th-80-_jpeg.rf.5f80d829acefd4d68dc5461c24f5480e.jpg,partial_face,train,th-80-_jpeg,pseudo-label + correct (training),False,,False,False
042810HB.jpg,C:/Users/Bautista/Downloads/PrecisionSkin/Classes/Eczema/042810HB.jpg,close_up_facial,train,042810hb.jpg,pseudo-label + correct (training),False,,False,False
th-91-_jpeg.rf.83a9178d3aa3ab85ec3aaee156c53758.jpg,C:/Users/Bautista/Downloads/PrecisionSkin/Classes/Eczema/th-91-_jpeg.rf.83a9178d3aa3ab85ec3aaee156c53758.jpg,partial_face,train,th-91-_jpeg,pseudo-label + correct (training),False,,False,False
-2180690318143429315.png,C:/Users/Bautista/Downloads/PrecisionSkin/Classes/Eczema/-2180690318143429315.png,close_up_facial,train,-2180690318143429315.png,pseudo-label + correct (training),False,,False,False
6_121.jpg,C:/Users/Bautista/Downloads/PrecisionSkin/Classes/Eczema/6_121.jpg,close_up_facial,train,6_121.jpg,pseudo-label + correct (training),False,,False,False
-8841534478189887460.png,C:/Users/Bautista/Downloads/PrecisionSkin/Classes/Eczema/-8841534478189887460.png,close_up_facial,train,-8841534478189887460.png,pseudo-label + correct (training),False,,False,False
istockphoto-1165036567-612x612_jpg.rf.9da4872c4081bd74a7d815f1c5eb7f66.jpg,C:/Users/Bautista/Downloads/PrecisionSkin/Classes/Eczema/istockphoto-1165036567-612x612_jpg.rf.9da4872c4081bd74a7d815f1c5eb7f66.jpg,partial_face,train,istockphoto-1165036567-612x612_jpg,pseudo-label + correct (training),False,,False,False
-8591900607351822719.png,C:/Users/Bautista/Downloads/PrecisionSkin/Classes/Eczema/-8591900607351822719.png,close_up_facial,train,-8591900607351822719.png,pseudo-label + correct (training),False,,False,False
14_jpg.rf.9993ea9a34d440aa9045d6734205b9d0.jpg,C:/Users/Bautista/Downloads/PrecisionSkin/Classes/Eczema/14_jpg.rf.9993ea9a34d440aa9045d6734205b9d0.jpg,partial_face,train,14_jpg,pseudo-label + correct (training),False,,True,True
20_jpg.rf.9baf78ae7b867c6e11bc6d0de1351513.jpg,C:/Users/Bautista/Downloads/PrecisionSkin/Classes/Eczema/20_jpg.rf.9baf78ae7b867c6e11bc6d0de1351513.jpg,partial_face,train,20_jpg,pseudo-label + correct (training),True,Eczema,True,True
2_18.jpg,C:/Users/Bautista/Downloads/PrecisionSkin/Classes/Eczema/2_18.jpg,partial_face,train,2_18.jpg,pseudo-label + correct (training),False,,False,False
aug_1214_eczema-lids-5.jpg,C:/Users/Bautista/Downloads/PrecisionSkin/Classes/Eczema/aug_1214_eczema-lids-5.jpg,partial_face,train,aug_1214_eczema-lids-5.jpg,pseudo-label + correct (training),False,,False,False
1301032748409854697.png,C:/Users/Bautista/Downloads/PrecisionSkin/Classes/Eczema/1301032748409854697.png,close_up_facial,train,1301032748409854697.png,pseudo-label + correct (training),False,,False,False
11_jpg.rf.6c0cbcc2fc7398b988f6da95222cc724.jpg,C:/Users/Bautista/Downloads/PrecisionSkin/Classes/Eczema/11_jpg.rf.6c0cbcc2fc7398b988f6da95222cc724.jpg,partial_face,train,11_jpg,pseudo-label + correct (training),False,,True,True
0_24.jpg,C:/Users/Bautista/Downloads/PrecisionSkin/Classes/Eczema/0_24.jpg,partial_face,train,0_24.jpg,pseudo-label + correct (training),True,Eczema,False,True
allergic-contact-dermatitis-0044.jpg,C:/Users/Bautista/Downloads/PrecisionSkin/Classes/Eczema/allergic-contact-dermatitis-0044.jpg,full_face,train,allergic-contact-dermatitis-0044.jpg,pseudo-label + correct (training),False,,False,False
2_35.jpg,C:/Users/Bautista/Downloads/PrecisionSkin/Classes/Eczema/2_35.jpg,partial_face,train,2_35.jpg,pseudo-label + correct (training),False,,False,False
-8687572105244774168.png,C:/Users/Bautista/Downloads/PrecisionSkin/Classes/Eczema/-8687572105244774168.png,close_up_facial,train,-8687572105244774168.png,pseudo-label + correct (training),False,,False,False
042754VB.jpg,C:/Users/Bautista/Downloads/PrecisionSkin/Classes/Eczema/042754VB.jpg,partial_face,train,042754vb.jpg,pseudo-label + correct (training),False,,False,False
-7787818251529360315.png,C:/Users/Bautista/Downloads/PrecisionSkin/Classes/Eczema/-7787818251529360315.png,close_up_facial,train,-7787818251529360315.png,pseudo-label + correct (training),False,,False,False
pityriasis-alba-0013.jpg,C:/Users/Bautista/Downloads/PrecisionSkin/Classes/Eczema/pityriasis-alba-0013.jpg,partial_face,train,pityriasis-alba-0013.jpg,pseudo-label + correct (training),False,,False,False
-7989858973254591615.png,C:/Users/Bautista/Downloads/PrecisionSkin/Classes/Eczema/-7989858973254591615.png,close_up_facial,train,-7989858973254591615.png,pseudo-label + correct (training),False,,False,False
39_jpg.rf.03c05ca7fbee28c8c04b004187653e58.jpg,C:/Users/Bautista/Downloads/PrecisionSkin/Classes/Eczema/39_jpg.rf.03c05ca7fbee28c8c04b004187653e58.jpg,partial_face,train,39_jpg,pseudo-label + correct (training),False,,True,True
Screenshot 2025-11-17 021334.png,C:/Users/Bautista/Downloads/PrecisionSkin/Classes/Eczema/Screenshot 2025-11-17 021334.png,partial_face,train,screenshot 2025-11-17 021334.png,pseudo-label + correct (training),False,,False,False
-8739886638448089494.png,C:/Users/Bautista/Downloads/PrecisionSkin/Classes/Eczema/-8739886638448089494.png,close_up_facial,train,-8739886638448089494.png,pseudo-label + correct (training),False,,False,False
4_11.jpg,C:/Users/Bautista/Downloads/PrecisionSkin/Classes/Eczema/4_11.jpg,close_up_facial,train,4_11.jpg,pseudo-label + correct (training),False,,False,False
Dermnet4_jpeg_jpg.rf.10e54b7a9c8ad0ce5adcda3b3cf7472f.jpg,C:/Users/Bautista/Downloads/PrecisionSkin/Classes/Eczema/Dermnet4_jpeg_jpg.rf.10e54b7a9c8ad0ce5adcda3b3cf7472f.jpg,close_up_facial,train,dermnet4_jpeg_jpg,pseudo-label + correct (training),False,,False,False
1615221607668977325.png,C:/Users/Bautista/Downloads/PrecisionSkin/Classes/Eczema/1615221607668977325.png,close_up_facial,train,1615221607668977325.png,pseudo-label + correct (training),False,,False,False
-6229655993797699310.png,C:/Users/Bautista/Downloads/PrecisionSkin/Classes/Eczema/-6229655993797699310.png,close_up_facial,train,-6229655993797699310.png,pseudo-label + correct (training),False,,False,False
c984131ae86f4a45a2ecc7ca2ac1359f_2066502701904_jpg.rf.43281ac54e9b06cf78f10e0ba443a968.jpg,C:/Users/Bautista/Downloads/PrecisionSkin/Classes/Eczema/c984131ae86f4a45a2ecc7ca2ac1359f_2066502701904_jpg.rf.43281ac54e9b06cf78f10e0ba443a968.jpg,partial_face,train,c984131ae86f4a45a2ecc7ca2ac1359f_2066502701904_jpg,pseudo-label + correct (training),False,,False,False
aug_3641_eczema-nummular-135.jpg,C:/Users/Bautista/Downloads/PrecisionSkin/Classes/Eczema/aug_3641_eczema-nummular-135.jpg,close_up_facial,train,aug_3641_eczema-nummular-135.jpg,pseudo-label + correct (training),False,,False,False
aug_1543_eczema-face-7.jpg,C:/Users/Bautista/Downloads/PrecisionSkin/Classes/Eczema/aug_1543_eczema-face-7.jpg,close_up_facial,train,aug_1543_eczema-face-7.jpg,pseudo-label + correct (training),False,,False,False
Gul-Hastaligi_jpeg_jpg.rf.6e19c46bc1b2431b0169e607e37f361e.jpg,C:/Users/Bautista/Downloads/PrecisionSkin/Classes/Eczema/Gul-Hastaligi_jpeg_jpg.rf.6e19c46bc1b2431b0169e607e37f361e.jpg,partial_face,train,gul-hastaligi_jpeg_jpg,pseudo-label + correct (training),False,,False,False
-8295744562871956484.png,C:/Users/Bautista/Downloads/PrecisionSkin/Classes/Eczema/-8295744562871956484.png,close_up_facial,train,-8295744562871956484.png,pseudo-label + correct (training),False,,False,False
-8702243674510187824.png,C:/Users/Bautista/Downloads/PrecisionSkin/Classes/Eczema/-8702243674510187824.png,close_up_facial,train,-8702243674510187824.png,pseudo-label + correct (training),False,,False,False
-2030903409484078916.png,C:/Users/Bautista/Downloads/PrecisionSkin/Classes/Eczema/-2030903409484078916.png,close_up_facial,train,-2030903409484078916.png,pseudo-label + correct (training),False,,False,False
th-92-_jpeg.rf.ac3ccb27d4a24ca04abcfd294e22b4c0.jpg,C:/Users/Bautista/Downloads/PrecisionSkin/Classes/Eczema/th-92-_jpeg.rf.ac3ccb27d4a24ca04abcfd294e22b4c0.jpg,partial_face,train,th-92-_jpeg,pseudo-label + correct (training),False,,False,False
-8351498747234518768.png,C:/Users/Bautista/Downloads/PrecisionSkin/Classes/Eczema/-8351498747234518768.png,partial_face,train,-8351498747234518768.png,pseudo-label + correct (training),False,,False,False
-4496469068484871833.png,C:/Users/Bautista/Downloads/PrecisionSkin/Classes/Eczema/-4496469068484871833.png,close_up_facial,train,-4496469068484871833.png,pseudo-label + correct (training),False,,False,False
resized_eczema-face-10_jpg.rf.3ce88135daa4b9f552d4c59b595b643b.jpg,C:/Users/Bautista/Downloads/PrecisionSkin/Classes/Eczema/resized_eczema-face-10_jpg.rf.3ce88135daa4b9f552d4c59b595b643b.jpg,partial_face,train,resized_eczema-face-10_jpg,pseudo-label + correct (training),True,Eczema,False,True
images-18-_jpeg.rf.bffa7cdf8682b0a74759160a4d8e1c98.jpg,C:/Users/Bautista/Downloads/PrecisionSkin/Classes/Eczema/images-18-_jpeg.rf.bffa7cdf8682b0a74759160a4d8e1c98.jpg,partial_face,train,images-18-_jpeg,pseudo-label + correct (training),True,Eczema,False,True
Gul-Hastaligi-4-_jpg.rf.2eceba6a7787352d931c5df187227fca.jpg,C:/Users/Bautista/Downloads/PrecisionSkin/Classes/Eczema/Gul-Hastaligi-4-_jpg.rf.2eceba6a7787352d931c5df187227fca.jpg,full_face,train,gul-hastaligi-4-_jpg,pseudo-label + correct (training),False,,False,False
-8378561516321812076.png,C:/Users/Bautista/Downloads/PrecisionSkin/Classes/Eczema/-8378561516321812076.png,close_up_facial,train,-8378561516321812076.png,pseudo-label + correct (training),False,,False,False
th-40-_jpeg.rf.7c694301ad04740bb5552bf892434b1d.jpg,C:/Users/Bautista/Downloads/PrecisionSkin/Classes/Eczema/th-40-_jpeg.rf.7c694301ad04740bb5552bf892434b1d.jpg,close_up_facial,train,th-40-_jpeg,pseudo-label + correct (training),False,,False,False
10_14.jpg,C:/Users/Bautista/Downloads/PrecisionSkin/Classes/Eczema/10_14.jpg,partial_face,train,10_14.jpg,pseudo-label + correct (training),False,,False,False
042811VB.jpg,C:/Users/Bautista/Downloads/PrecisionSkin/Classes/Eczema/042811VB.jpg,partial_face,train,042811vb.jpg,pseudo-label + correct (training),False,,False,False
3Eczema3-022.jpg,C:/Users/Bautista/Downloads/PrecisionSkin/Classes/Eczema/3Eczema3-022.jpg,partial_face,train,3eczema3-022.jpg,pseudo-label + correct (training),False,,False,False
aug_4908_eczema-lids-8.jpg,C:/Users/Bautista/Downloads/PrecisionSkin/Classes/Eczema/aug_4908_eczema-lids-8.jpg,partial_face,train,aug_4908_eczema-lids-8.jpg,pseudo-label + correct (training),False,,False,False
2_20.jpg,C:/Users/Bautista/Downloads/PrecisionSkin/Classes/Eczema/2_20.jpg,close_up_facial,train,2_20.jpg,pseudo-label + correct (training),False,,False,False
eczema-herpeticum-0003.jpg,C:/Users/Bautista/Downloads/PrecisionSkin/Classes/Eczema/eczema-herpeticum-0003.jpg,partial_face,train,eczema-herpeticum-0003.jpg,pseudo-label + correct (training),False,,False,False
images-36-_jpeg.rf.97825acd40136f0b5e6950ec35e2ecbe.jpg,C:/Users/Bautista/Downloads/PrecisionSkin/Classes/Eczema/images-36-_jpeg.rf.97825acd40136f0b5e6950ec35e2ecbe.jpg,partial_face,train,images-36-_jpeg,pseudo-label + correct (training),False,,True,True
2_29.jpg,C:/Users/Bautista/Downloads/PrecisionSkin/Classes/Eczema/2_29.jpg,partial_face,train,2_29.jpg,pseudo-label + correct (training),False,,False,False
AAP-Screenshot-307126-214519.jpg,C:/Users/Bautista/Downloads/PrecisionSkin/Classes/Eczema/AAP-Screenshot-307126-214519.jpg,full_face,train,aap-screenshot-307126-214519.jpg,pseudo-label + correct (training),False,,False,False
Erythema-Telangiectasia_jpg.rf.fac162b6756ef7100088ef2e07b4cc37.jpg,C:/Users/Bautista/Downloads/PrecisionSkin/Classes/Eczema/Erythema-Telangiectasia_jpg.rf.fac162b6756ef7100088ef2e07b4cc37.jpg,partial_face,train,erythema-telangiectasia_jpg,pseudo-label + correct (training),False,,False,False
resized_eczema-lids-8_jpg.rf.0bce5efc117ee52776c09c31ffa81559.jpg,C:/Users/Bautista/Downloads/PrecisionSkin/Classes/Eczema/resized_eczema-lids-8_jpg.rf.0bce5efc117ee52776c09c31ffa81559.jpg,partial_face,train,resized_eczema-lids-8_jpg,pseudo-label + correct (training),True,Eczema,False,True
Blogger-Makeup-Free_jpeg_jpg.rf.b36dc7bcab60913e709928b554b9b643.jpg,C:/Users/Bautista/Downloads/PrecisionSkin/Classes/Eczema/Blogger-Makeup-Free_jpeg_jpg.rf.b36dc7bcab60913e709928b554b9b643.jpg,partial_face,train,blogger-makeup-free_jpeg_jpg,pseudo-label + correct (training),False,,False,False
-7461895286563712603.png,C:/Users/Bautista/Downloads/PrecisionSkin/Classes/Eczema/-7461895286563712603.png,close_up_facial,train,-7461895286563712603.png,pseudo-label + correct (training),False,,False,False
eczema-herpticum02.jpg,C:/Users/Bautista/Downloads/PrecisionSkin/Classes/Eczema/eczema-herpticum02.jpg,partial_face,train,eczema-herpticum02.jpg,pseudo-label + correct (training),False,,False,False
-2440478690737112737.png,C:/Users/Bautista/Downloads/PrecisionSkin/Classes/Eczema/-2440478690737112737.png,close_up_facial,train,-2440478690737112737.png,pseudo-label + correct (training),False,,False,False
-8876350314932967279.png,C:/Users/Bautista/Downloads/PrecisionSkin/Classes/Eczema/-8876350314932967279.png,partial_face,train,-8876350314932967279.png,pseudo-label + correct (training),False,,False,False
aug_3327_eczema-face-6.jpg,C:/Users/Bautista/Downloads/PrecisionSkin/Classes/Eczema/aug_3327_eczema-face-6.jpg,partial_face,train,aug_3327_eczema-face-6.jpg,pseudo-label + correct (training),False,,False,False
2889299717727615428.png,C:/Users/Bautista/Downloads/PrecisionSkin/Classes/Eczema/2889299717727615428.png,partial_face,train,2889299717727615428.png,pseudo-label + correct (training),False,,False,False
2_14 kopyası.jpg,C:/Users/Bautista/Downloads/PrecisionSkin/Classes/Eczema/2_14 kopyası.jpg,close_up_facial,train,2_14 kopyası.jpg,pseudo-label + correct (training),False,,False,False
-6250874953607101285.png,C:/Users/Bautista/Downloads/PrecisionSkin/Classes/Eczema/-6250874953607101285.png,close_up_facial,train,-6250874953607101285.png,pseudo-label + correct (training),False,,False,False
3_2 kopyası.jpg,C:/Users/Bautista/Downloads/PrecisionSkin/Classes/Eczema/3_2 kopyası.jpg,close_up_facial,train,3_2 kopyası.jpg,pseudo-label + correct (training),False,,False,False
3Eczema3-021.jpg,C:/Users/Bautista/Downloads/PrecisionSkin/Classes/Eczema/3Eczema3-021.jpg,full_face,train,3eczema3-021.jpg,pseudo-label + correct (training),False,,False,False
AAP-Screenshot-307126-214457.jpg,C:/Users/Bautista/Downloads/PrecisionSkin/Classes/Eczema/AAP-Screenshot-307126-214457.jpg,full_face,train,aap-screenshot-307126-214457.jpg,pseudo-label + correct (training),False,,False,False
2659468143706333679.png,C:/Users/Bautista/Downloads/PrecisionSkin/Classes/Eczema/2659468143706333679.png,close_up_facial,train,2659468143706333679.png,pseudo-label + correct (training),False,,False,False
-8436651519298411073.png,C:/Users/Bautista/Downloads/PrecisionSkin/Classes/Eczema/-8436651519298411073.png,close_up_facial,train,-8436651519298411073.png,pseudo-label + correct (training),False,,False,False
-7284532048087233785.png,C:/Users/Bautista/Downloads/PrecisionSkin/Classes/Eczema/-7284532048087233785.png,close_up_facial,train,-7284532048087233785.png,pseudo-label + correct (training),False,,False,False
-555548212421717526.png,C:/Users/Bautista/Downloads/PrecisionSkin/Classes/Eczema/-555548212421717526.png,close_up_facial,train,-555548212421717526.png,pseudo-label + correct (training),False,,False,False
3067216138573649753.png,C:/Users/Bautista/Downloads/PrecisionSkin/Classes/Eczema/3067216138573649753.png,close_up_facial,train,3067216138573649753.png,pseudo-label + correct (training),False,,False,False
resized_08SebDermLids0301041_jpg.rf.69ae8d040358a7d2792539bd8f2356b6.jpg,C:/Users/Bautista/Downloads/PrecisionSkin/Classes/Eczema/resized_08SebDermLids0301041_jpg.rf.69ae8d040358a7d2792539bd8f2356b6.jpg,partial_face,train,resized_08sebdermlids0301041_jpg,pseudo-label + correct (training),False,,False,False
49_jpg.rf.22fcb0fa4f102de4e7487ad6810c9b43.jpg,C:/Users/Bautista/Downloads/PrecisionSkin/Classes/Eczema/49_jpg.rf.22fcb0fa4f102de4e7487ad6810c9b43.jpg,partial_face,train,49_jpg,pseudo-label + correct (training),True,Eczema,False,True
th-41-_jpeg.rf.1f7f8251a07dc6d51894a3a9658f0a5f.jpg,C:/Users/Bautista/Downloads/PrecisionSkin/Classes/Eczema/th-41-_jpeg.rf.1f7f8251a07dc6d51894a3a9658f0a5f.jpg,partial_face,train,th-41-_jpeg,pseudo-label + correct (training),True,Acne,False,True
aug_2201_eczema-nummular-112.jpg,C:/Users/Bautista/Downloads/PrecisionSkin/Classes/Eczema/aug_2201_eczema-nummular-112.jpg,close_up_facial,train,aug_2201_eczema-nummular-112.jpg,pseudo-label + correct (training),False,,False,False
resized_eczema-face-2_jpg.rf.b656e0f5fdad7abf5ca6bce3c8c8a926.jpg,C:/Users/Bautista/Downloads/PrecisionSkin/Classes/Eczema/resized_eczema-face-2_jpg.rf.b656e0f5fdad7abf5ca6bce3c8c8a926.jpg,close_up_facial,train,resized_eczema-face-2_jpg,pseudo-label + correct (training),True,Eczema,False,True
1912338877788743690.png,C:/Users/Bautista/Downloads/PrecisionSkin/Classes/Eczema/1912338877788743690.png,partial_face,train,1912338877788743690.png,pseudo-label + correct (training),False,,False,False
-5742651126314831459.png,C:/Users/Bautista/Downloads/PrecisionSkin/Classes/Eczema/-5742651126314831459.png,partial_face,train,-5742651126314831459.png,pseudo-label + correct (training),False,,False,False
3_jpg.rf.216d5a62775188f4326dab7abeced487.jpg,C:/Users/Bautista/Downloads/PrecisionSkin/Classes/Eczema/3_jpg.rf.216d5a62775188f4326dab7abeced487.jpg,partial_face,train,3_jpg,pseudo-label + correct (training),False,,True,True
at-derm7.jpg,C:/Users/Bautista/Downloads/PrecisionSkin/Classes/Eczema/at-derm7.jpg,partial_face,train,at-derm7.jpg,pseudo-label + correct (training),False,,False,False
044168VB.jpg,C:/Users/Bautista/Downloads/PrecisionSkin/Classes/Eczema/044168VB.jpg,partial_face,train,044168vb.jpg,pseudo-label + correct (training),False,,False,False
8_9.jpg,C:/Users/Bautista/Downloads/PrecisionSkin/Classes/Eczema/8_9.jpg,partial_face,train,8_9.jpg,pseudo-label + correct (training),False,,False,False
7950496495505060857.png,C:/Users/Bautista/Downloads/PrecisionSkin/Classes/Eczema/7950496495505060857.png,close_up_facial,train,7950496495505060857.png,pseudo-label + correct (training),False,,False,False
042871HB.jpg,C:/Users/Bautista/Downloads/PrecisionSkin/Classes/Eczema/042871HB.jpg,partial_face,train,042871hb.jpg,pseudo-label + correct (training),False,,False,False
Gul-Hastaligi-IMG_jpg.rf.acc45c22708eb7fba96fd7b2d7d1711b.jpg,C:/Users/Bautista/Downloads/PrecisionSkin/Classes/Eczema/Gul-Hastaligi-IMG_jpg.rf.acc45c22708eb7fba96fd7b2d7d1711b.jpg,partial_face,train,gul-hastaligi-img_jpg,pseudo-label + correct (training),False,,False,False
images-35-_jpeg.rf.a86090a9285edfc8d885d953d4c251d8.jpg,C:/Users/Bautista/Downloads/PrecisionSkin/Classes/Eczema/images-35-_jpeg.rf.a86090a9285edfc8d885d953d4c251d8.jpg,partial_face,train,images-35-_jpeg,pseudo-label + correct (training),True,Hyperpigmentation,True,True
5_jpg.rf.f4db078cde50375086d33a5cb37f4ef4.jpg,C:/Users/Bautista/Downloads/PrecisionSkin/Classes/Eczema/5_jpg.rf.f4db078cde50375086d33a5cb37f4ef4.jpg,full_face,train,5_jpg,pseudo-label + correct (training),False,,True,True
2_10 kopyası.jpg,C:/Users/Bautista/Downloads/PrecisionSkin/Classes/Eczema/2_10 kopyası.jpg,full_face,train,2_10 kopyası.jpg,pseudo-label + correct (training),False,,False,False
265617434552206306.png,C:/Users/Bautista/Downloads/PrecisionSkin/Classes/Eczema/265617434552206306.png,partial_face,train,265617434552206306.png,pseudo-label + correct (training),False,,False,False
9_11.jpg,C:/Users/Bautista/Downloads/PrecisionSkin/Classes/Eczema/9_11.jpg,close_up_facial,train,9_11.jpg,pseudo-label + correct (training),False,,False,False
-2377960990942383256.png,C:/Users/Bautista/Downloads/PrecisionSkin/Classes/Eczema/-2377960990942383256.png,close_up_facial,train,-2377960990942383256.png,pseudo-label + correct (training),False,,False,False
-8398846080199275592.png,C:/Users/Bautista/Downloads/PrecisionSkin/Classes/Eczema/-8398846080199275592.png,partial_face,train,-8398846080199275592.png,pseudo-label + correct (training),False,,False,False
-8521391586757621504.png,C:/Users/Bautista/Downloads/PrecisionSkin/Classes/Eczema/-8521391586757621504.png,close_up_facial,train,-8521391586757621504.png,pseudo-label + correct (training),False,,False,False
aug_399_eczema-lids-5.jpg,C:/Users/Bautista/Downloads/PrecisionSkin/Classes/Eczema/aug_399_eczema-lids-5.jpg,full_face,train,aug_399_eczema-lids-5.jpg,pseudo-label + correct (training),False,,False,False
at-derm1.jpg,C:/Users/Bautista/Downloads/PrecisionSkin/Classes/Eczema/at-derm1.jpg,partial_face,train,at-derm1.jpg,pseudo-label + correct (training),True,Eczema,False,True
10_31.jpg,C:/Users/Bautista/Downloads/PrecisionSkin/Classes/Eczema/10_31.jpg,close_up_facial,train,10_31.jpg,pseudo-label + correct (training),False,,False,False
Gul-Hastaligi-4-3_jpg.rf.4cea4e9442277b28eb1b05aa63d00732.jpg,C:/Users/Bautista/Downloads/PrecisionSkin/Classes/Eczema/Gul-Hastaligi-4-3_jpg.rf.4cea4e9442277b28eb1b05aa63d00732.jpg,partial_face,train,gul-hastaligi-4-3_jpg,pseudo-label + correct (training),False,,False,False
atopic13.jpg,C:/Users/Bautista/Downloads/PrecisionSkin/Classes/Eczema/atopic13.jpg,partial_face,train,atopic13.jpg,pseudo-label + correct (training),True,Eczema,False,True
AAP-Screenshot-307126-214417.jpg,C:/Users/Bautista/Downloads/PrecisionSkin/Classes/Eczema/AAP-Screenshot-307126-214417.jpg,close_up_facial,train,aap-screenshot-307126-214417.jpg,pseudo-label + correct (training),False,,False,False
1_35.jpg,C:/Users/Bautista/Downloads/PrecisionSkin/Classes/Eczema/1_35.jpg,close_up_facial,train,1_35.jpg,pseudo-label + correct (training),False,,False,False
10_13.jpg,C:/Users/Bautista/Downloads/PrecisionSkin/Classes/Eczema/10_13.jpg,partial_face,train,10_13.jpg,pseudo-label + correct (training),False,,False,False
4_jpg.rf.a13171ad780848feced9edb595566477.jpg,C:/Users/Bautista/Downloads/PrecisionSkin/Classes/Eczema/4_jpg.rf.a13171ad780848feced9edb595566477.jpg,partial_face,train,4_jpg,pseudo-label + correct (training),False,,True,True
042809VB.jpg,C:/Users/Bautista/Downloads/PrecisionSkin/Classes/Eczema/042809VB.jpg,partial_face,train,042809vb.jpg,pseudo-label + correct (training),False,,False,False
-4635752284842277070.png,C:/Users/Bautista/Downloads/PrecisionSkin/Classes/Eczema/-4635752284842277070.png,close_up_facial,train,-4635752284842277070.png,pseudo-label + correct (training),False,,False,False
-4033855397106924227.png,C:/Users/Bautista/Downloads/PrecisionSkin/Classes/Eczema/-4033855397106924227.png,close_up_facial,train,-4033855397106924227.png,pseudo-label + correct (training),False,,False,False
-1967789226418264672.png,C:/Users/Bautista/Downloads/PrecisionSkin/Classes/Eczema/-1967789226418264672.png,close_up_facial,train,-1967789226418264672.png,pseudo-label + correct (training),False,,False,False
-716719321542494055.png,C:/Users/Bautista/Downloads/PrecisionSkin/Classes/Eczema/-716719321542494055.png,close_up_facial,train,-716719321542494055.png,pseudo-label + correct (training),False,,False,False
aug_34_eczema-subacute-62.jpeg,C:/Users/Bautista/Downloads/PrecisionSkin/Classes/Eczema/aug_34_eczema-subacute-62.jpeg,full_face,train,aug_34_eczema-subacute-62.jpeg,pseudo-label + correct (training),False,,False,False
-7145522751271663250.png,C:/Users/Bautista/Downloads/PrecisionSkin/Classes/Eczema/-7145522751271663250.png,close_up_facial,train,-7145522751271663250.png,pseudo-label + correct (training),False,,False,False
images-2-_jpeg.rf.a08a2ff6215212a2bb5975fea344b584.jpg,C:/Users/Bautista/Downloads/PrecisionSkin/Classes/Eczema/images-2-_jpeg.rf.a08a2ff6215212a2bb5975fea344b584.jpg,partial_face,train,images-2-_jpeg,pseudo-label + correct (training),True,Eczema,True,True
2_31.jpg,C:/Users/Bautista/Downloads/PrecisionSkin/Classes/Eczema/2_31.jpg,partial_face,train,2_31.jpg,pseudo-label + correct (training),False,,False,False
resized_08sebKerm01230641_jpg.rf.96d8e92aa2708149086d57ab7da4e969.jpg,C:/Users/Bautista/Downloads/PrecisionSkin/Classes/Eczema/resized_08sebKerm01230641_jpg.rf.96d8e92aa2708149086d57ab7da4e969.jpg,close_up_facial,train,resized_08sebkerm01230641_jpg,pseudo-label + correct (training),False,,False,False
9_16.jpg,C:/Users/Bautista/Downloads/PrecisionSkin/Classes/Eczema/9_16.jpg,partial_face,train,9_16.jpg,pseudo-label + correct (training),False,,False,False
19_jpg.rf.19d8a44cc0a86f1d434d51186fe16c67.jpg,C:/Users/Bautista/Downloads/PrecisionSkin/Classes/Eczema/19_jpg.rf.19d8a44cc0a86f1d434d51186fe16c67.jpg,full_face,train,19_jpg,pseudo-label + correct (training),False,,True,True
965288781131957213.png,C:/Users/Bautista/Downloads/PrecisionSkin/Classes/Eczema/965288781131957213.png,close_up_facial,train,965288781131957213.png,pseudo-label + correct (training),False,,False,False
13_jpg.rf.898db444cde666470a7e3b70d1057c0c.jpg,C:/Users/Bautista/Downloads/PrecisionSkin/Classes/Eczema/13_jpg.rf.898db444cde666470a7e3b70d1057c0c.jpg,full_face,train,13_jpg,pseudo-label + correct (training),False,,False,False
-7197702636067718462.png,C:/Users/Bautista/Downloads/PrecisionSkin/Classes/Eczema/-7197702636067718462.png,close_up_facial,train,-7197702636067718462.png,pseudo-label + correct (training),False,,False,False
3201833674357467711.png,C:/Users/Bautista/Downloads/PrecisionSkin/Classes/Eczema/3201833674357467711.png,partial_face,train,3201833674357467711.png,pseudo-label + correct (training),False,,False,False
Gul-hastaligi-Konya_webp_jpg.rf.dcaca393947154bd2135f6c2caaa7232.jpg,C:/Users/Bautista/Downloads/PrecisionSkin/Classes/Eczema/Gul-hastaligi-Konya_webp_jpg.rf.dcaca393947154bd2135f6c2caaa7232.jpg,partial_face,train,gul-hastaligi-konya_webp_jpg,pseudo-label + correct (training),False,,False,False
AAP-Screenshot-307126-214452.jpg,C:/Users/Bautista/Downloads/PrecisionSkin/Classes/Eczema/AAP-Screenshot-307126-214452.jpg,partial_face,train,aap-screenshot-307126-214452.jpg,pseudo-label + correct (training),False,,False,False
040116HB.jpg,C:/Users/Bautista/Downloads/PrecisionSkin/Classes/Eczema/040116HB.jpg,partial_face,train,040116hb.jpg,pseudo-label + correct (training),False,,False,False
-2737740771473967321.png,C:/Users/Bautista/Downloads/PrecisionSkin/Classes/Eczema/-2737740771473967321.png,partial_face,train,-2737740771473967321.png,pseudo-label + correct (training),False,,False,False
th-2024-12-12T172840-277_jpeg.rf.9991b65c169768f8306ebfdcf333397e.jpg,C:/Users/Bautista/Downloads/PrecisionSkin/Classes/Eczema/th-2024-12-12T172840-277_jpeg.rf.9991b65c169768f8306ebfdcf333397e.jpg,partial_face,train,th-2024-12-12t172840-277_jpeg,pseudo-label + correct (training),False,,False,False
-2103228611346932007.png,C:/Users/Bautista/Downloads/PrecisionSkin/Classes/Eczema/-2103228611346932007.png,close_up_facial,train,-2103228611346932007.png,pseudo-label + correct (training),False,,False,False
2877086056263079301.png,C:/Users/Bautista/Downloads/PrecisionSkin/Classes/Eczema/2877086056263079301.png,close_up_facial,train,2877086056263079301.png,pseudo-label + correct (training),False,,False,False
042717HB.jpg,C:/Users/Bautista/Downloads/PrecisionSkin/Classes/Eczema/042717HB.jpg,partial_face,train,042717hb.jpg,pseudo-label + correct (training),False,,False,False
-8743640083543794574.png,C:/Users/Bautista/Downloads/PrecisionSkin/Classes/Eczema/-8743640083543794574.png,close_up_facial,train,-8743640083543794574.png,pseudo-label + correct (training),False,,False,False
Erythema-Telangiectasia_jpg.rf.b979fa3f2bd061ef1853c609c1ac72d7.jpg,C:/Users/Bautista/Downloads/PrecisionSkin/Classes/Eczema/Erythema-Telangiectasia_jpg.rf.b979fa3f2bd061ef1853c609c1ac72d7.jpg,close_up_facial,train,erythema-telangiectasia_jpg,pseudo-label + correct (training),False,,False,False
th-49-_jpeg.rf.e6501e4664a152c447483fd7fe7ad3f4.jpg,C:/Users/Bautista/Downloads/PrecisionSkin/Classes/Eczema/th-49-_jpeg.rf.e6501e4664a152c447483fd7fe7ad3f4.jpg,partial_face,train,th-49-_jpeg,pseudo-label + correct (training),False,,False,False
-4161674729455578335.png,C:/Users/Bautista/Downloads/PrecisionSkin/Classes/Eczema/-4161674729455578335.png,close_up_facial,train,-4161674729455578335.png,pseudo-label + correct (training),False,,False,False
-8836605968027778756.png,C:/Users/Bautista/Downloads/PrecisionSkin/Classes/Eczema/-8836605968027778756.png,partial_face,train,-8836605968027778756.png,pseudo-label + correct (training),False,,False,False
atopic-dermatitis-0016.jpg,C:/Users/Bautista/Downloads/PrecisionSkin/Classes/Eczema/atopic-dermatitis-0016.jpg,partial_face,train,atopic-dermatitis-0016.jpg,pseudo-label + correct (training),False,,False,False
curing-red-blotchy-facial-skin_jpg.rf.b25b53e8ae3cfbf1171993db121bd332.jpg,C:/Users/Bautista/Downloads/PrecisionSkin/Classes/Eczema/curing-red-blotchy-facial-skin_jpg.rf.b25b53e8ae3cfbf1171993db121bd332.jpg,partial_face,train,curing-red-blotchy-facial-skin_jpg,pseudo-label + correct (training),False,,False,False
th-42-_jpeg.rf.545b5e632aaf6460af4ca6c9b72121f0.jpg,C:/Users/Bautista/Downloads/PrecisionSkin/Classes/Eczema/th-42-_jpeg.rf.545b5e632aaf6460af4ca6c9b72121f0.jpg,partial_face,train,th-42-_jpeg,pseudo-label + correct (training),False,,False,False
aug_1477_eczema-face-7.jpg,C:/Users/Bautista/Downloads/PrecisionSkin/Classes/Eczema/aug_1477_eczema-face-7.jpg,partial_face,train,aug_1477_eczema-face-7.jpg,pseudo-label + correct (training),False,,False,False
-3861798619616373726.png,C:/Users/Bautista/Downloads/PrecisionSkin/Classes/Eczema/-3861798619616373726.png,close_up_facial,train,-3861798619616373726.png,pseudo-label + correct (training),False,,False,False
-8845312257791618282.png,C:/Users/Bautista/Downloads/PrecisionSkin/Classes/Eczema/-8845312257791618282.png,close_up_facial,train,-8845312257791618282.png,pseudo-label + correct (training),False,,False,False
seborrhoeic-dermatitis-0034.jpg,C:/Users/Bautista/Downloads/PrecisionSkin/Classes/Eczema/seborrhoeic-dermatitis-0034.jpg,partial_face,train,seborrhoeic-dermatitis-0034.jpg,pseudo-label + correct (training),False,,False,False
05atopic0110052.jpeg,C:/Users/Bautista/Downloads/PrecisionSkin/Classes/Eczema/05atopic0110052.jpeg,full_face,train,05atopic0110052.jpeg,pseudo-label + correct (training),False,,False,False
867514820499314695.png,C:/Users/Bautista/Downloads/PrecisionSkin/Classes/Eczema/867514820499314695.png,partial_face,train,867514820499314695.png,pseudo-label + correct (training),False,,False,False
6_29.jpg,C:/Users/Bautista/Downloads/PrecisionSkin/Classes/Eczema/6_29.jpg,partial_face,train,6_29.jpg,pseudo-label + correct (training),False,,False,False
-1466847537458498864.png,C:/Users/Bautista/Downloads/PrecisionSkin/Classes/Eczema/-1466847537458498864.png,close_up_facial,train,-1466847537458498864.png,pseudo-label + correct (training),False,,False,False
10_18.jpg,C:/Users/Bautista/Downloads/PrecisionSkin/Classes/Eczema/10_18.jpg,partial_face,train,10_18.jpg,pseudo-label + correct (training),False,,False,False
atopic3.jpg,C:/Users/Bautista/Downloads/PrecisionSkin/Classes/Eczema/atopic3.jpg,close_up_facial,train,atopic3.jpg,pseudo-label + correct (training),False,,False,False
aug_1000_eczema-asteatotic-5.jpg,C:/Users/Bautista/Downloads/PrecisionSkin/Classes/Eczema/aug_1000_eczema-asteatotic-5.jpg,partial_face,train,aug_1000_eczema-asteatotic-5.jpg,pseudo-label + correct (training),False,,False,False
aug_3792_eczema-lids-14.jpg,C:/Users/Bautista/Downloads/PrecisionSkin/Classes/Eczema/aug_3792_eczema-lids-14.jpg,partial_face,train,aug_3792_eczema-lids-14.jpg,pseudo-label + correct (training),False,,False,False
43_webp.rf.06caa55cac4447a56347f6d8ad2aa5b9.jpg,C:/Users/Bautista/Downloads/PrecisionSkin/Classes/Eczema/43_webp.rf.06caa55cac4447a56347f6d8ad2aa5b9.jpg,partial_face,train,43_webp,pseudo-label + correct (training),False,,True,True
seborrheic_dermatitis_blog_jpg.rf.b35a9e6a558b5b3c4e21f886bb7150c3.jpg,C:/Users/Bautista/Downloads/PrecisionSkin/Classes/Eczema/seborrheic_dermatitis_blog_jpg.rf.b35a9e6a558b5b3c4e21f886bb7150c3.jpg,partial_face,train,seborrheic_dermatitis_blog_jpg,pseudo-label + correct (training),False,,False,False
aug_207_eczema-subacute-94.jpg,C:/Users/Bautista/Downloads/PrecisionSkin/Classes/Eczema/aug_207_eczema-subacute-94.jpg,full_face,train,aug_207_eczema-subacute-94.jpg,pseudo-label + correct (training),False,,False,False
40_jpg.rf.31e8e6b96b53dedcb1d77a567a6e88fa.jpg,C:/Users/Bautista/Downloads/PrecisionSkin/Classes/Eczema/40_jpg.rf.31e8e6b96b53dedcb1d77a567a6e88fa.jpg,close_up_facial,train,40_jpg,pseudo-label + correct (training),True,Eczema,True,True
-7265111381795777722.png,C:/Users/Bautista/Downloads/PrecisionSkin/Classes/Eczema/-7265111381795777722.png,close_up_facial,train,-7265111381795777722.png,pseudo-label + correct (training),False,,False,False
AAP-Screenshot-307126-214514.jpg,C:/Users/Bautista/Downloads/PrecisionSkin/Classes/Eczema/AAP-Screenshot-307126-214514.jpg,partial_face,train,aap-screenshot-307126-214514.jpg,pseudo-label + correct (training),False,,False,False
-6430353744552142076.png,C:/Users/Bautista/Downloads/PrecisionSkin/Classes/Eczema/-6430353744552142076.png,close_up_facial,train,-6430353744552142076.png,pseudo-label + correct (training),False,,False,False
Gul-hastaligi_webp_jpg.rf.828a988c068f237f721a96508819980d.jpg,C:/Users/Bautista/Downloads/PrecisionSkin/Classes/Eczema/Gul-hastaligi_webp_jpg.rf.828a988c068f237f721a96508819980d.jpg,close_up_facial,train,gul-hastaligi_webp_jpg,pseudo-label + correct (training),False,,False,False
8400002183831523431.png,C:/Users/Bautista/Downloads/PrecisionSkin/Classes/Eczema/8400002183831523431.png,close_up_facial,train,8400002183831523431.png,pseudo-label + correct (training),False,,False,False
2366691154046778346.png,C:/Users/Bautista/Downloads/PrecisionSkin/Classes/Eczema/2366691154046778346.png,close_up_facial,train,2366691154046778346.png,pseudo-label + correct (training),False,,False,False
allergic-contact-dermatitis-0047.jpg,C:/Users/Bautista/Downloads/PrecisionSkin/Classes/Eczema/allergic-contact-dermatitis-0047.jpg,partial_face,train,allergic-contact-dermatitis-0047.jpg,pseudo-label + correct (training),False,,False,False
eczema-herpticum01.jpg,C:/Users/Bautista/Downloads/PrecisionSkin/Classes/Eczema/eczema-herpticum01.jpg,partial_face,train,eczema-herpticum01.jpg,pseudo-label + correct (training),False,,False,False
-2857034813079621056.png,C:/Users/Bautista/Downloads/PrecisionSkin/Classes/Eczema/-2857034813079621056.png,close_up_facial,train,-2857034813079621056.png,pseudo-label + correct (training),False,,False,False
10_3.jpg,C:/Users/Bautista/Downloads/PrecisionSkin/Classes/Eczema/10_3.jpg,close_up_facial,train,10_3.jpg,pseudo-label + correct (training),False,,True,True
-6869963886668373235.png,C:/Users/Bautista/Downloads/PrecisionSkin/Classes/Eczema/-6869963886668373235.png,close_up_facial,train,-6869963886668373235.png,pseudo-label + correct (training),False,,False,False
Screenshot 2025-11-16 200413.png,C:/Users/Bautista/Downloads/PrecisionSkin/Classes/Eczema/Screenshot 2025-11-16 200413.png,partial_face,train,screenshot 2025-11-16 200413.png,pseudo-label + correct (training),False,,False,False
allergic-contact-dermatitis-0128.jpg,C:/Users/Bautista/Downloads/PrecisionSkin/Classes/Eczema/allergic-contact-dermatitis-0128.jpg,full_face,train,allergic-contact-dermatitis-0128.jpg,pseudo-label + correct (training),False,,False,False
18_jpeg.rf.6fbf26e2aa6cb9be511e576666328dac.jpg,C:/Users/Bautista/Downloads/PrecisionSkin/Classes/Eczema/18_jpeg.rf.6fbf26e2aa6cb9be511e576666328dac.jpg,partial_face,train,18_jpeg,pseudo-label + correct (training),False,,True,True
-5346562843843425069.png,C:/Users/Bautista/Downloads/PrecisionSkin/Classes/Eczema/-5346562843843425069.png,close_up_facial,train,-5346562843843425069.png,pseudo-label + correct (training),False,,False,False
2_23.jpg,C:/Users/Bautista/Downloads/PrecisionSkin/Classes/Eczema/2_23.jpg,partial_face,train,2_23.jpg,pseudo-label + correct (training),False,,False,False
10_16.jpg,C:/Users/Bautista/Downloads/PrecisionSkin/Classes/Eczema/10_16.jpg,partial_face,train,10_16.jpg,pseudo-label + correct (training),False,,False,False
-2943675040447373613.png,C:/Users/Bautista/Downloads/PrecisionSkin/Classes/Eczema/-2943675040447373613.png,close_up_facial,train,-2943675040447373613.png,pseudo-label + correct (training),False,,False,False
2_15 kopyası.jpg,C:/Users/Bautista/Downloads/PrecisionSkin/Classes/Eczema/2_15 kopyası.jpg,close_up_facial,train,2_15 kopyası.jpg,pseudo-label + correct (training),False,,False,False
th-82-_jpeg.rf.8fcb1bc64488d7c969958ab7195c9156.jpg,C:/Users/Bautista/Downloads/PrecisionSkin/Classes/Eczema/th-82-_jpeg.rf.8fcb1bc64488d7c969958ab7195c9156.jpg,partial_face,train,th-82-_jpeg,pseudo-label + correct (training),False,,False,False
6_117.jpg,C:/Users/Bautista/Downloads/PrecisionSkin/Classes/Eczema/6_117.jpg,partial_face,train,6_117.jpg,pseudo-label + correct (training),False,,False,False
10_8.jpg,C:/Users/Bautista/Downloads/PrecisionSkin/Classes/Eczema/10_8.jpg,partial_face,train,10_8.jpg,pseudo-label + correct (training),False,,False,False
eczema-herpticum08.jpg,C:/Users/Bautista/Downloads/PrecisionSkin/Classes/Eczema/eczema-herpticum08.jpg,partial_face,train,eczema-herpticum08.jpg,pseudo-label + correct (training),False,,False,False
-1283963341331471600.png,C:/Users/Bautista/Downloads/PrecisionSkin/Classes/Eczema/-1283963341331471600.png,partial_face,train,-1283963341331471600.png,pseudo-label + correct (training),False,,False,False
-1085817410470619203.png,C:/Users/Bautista/Downloads/PrecisionSkin/Classes/Eczema/-1085817410470619203.png,close_up_facial,train,-1085817410470619203.png,pseudo-label + correct (training),False,,False,False
3_4 kopyası.jpg,C:/Users/Bautista/Downloads/PrecisionSkin/Classes/Eczema/3_4 kopyası.jpg,close_up_facial,train,3_4 kopyası.jpg,pseudo-label + correct (training),False,,False,False
33_jpg.rf.5ed8f4b05ed8aaa3332367cbe376e733.jpg,C:/Users/Bautista/Downloads/PrecisionSkin/Classes/Eczema/33_jpg.rf.5ed8f4b05ed8aaa3332367cbe376e733.jpg,partial_face,train,33_jpg,pseudo-label + correct (training),True,Eczema,False,True
Blogger-Makeup-Free_jpeg_jpg.rf.28d15eabf13e658dc695ca20034a39ea.jpg,C:/Users/Bautista/Downloads/PrecisionSkin/Classes/Eczema/Blogger-Makeup-Free_jpeg_jpg.rf.28d15eabf13e658dc695ca20034a39ea.jpg,partial_face,train,blogger-makeup-free_jpeg_jpg,pseudo-label + correct (training),False,,False,False
-8207690772752083405.png,C:/Users/Bautista/Downloads/PrecisionSkin/Classes/Eczema/-8207690772752083405.png,close_up_facial,train,-8207690772752083405.png,pseudo-label + correct (training),False,,False,False
6_236.jpg,C:/Users/Bautista/Downloads/PrecisionSkin/Classes/Eczema/6_236.jpg,partial_face,train,6_236.jpg,pseudo-label + correct (training),False,,False,False
aug_2649_eczema-ears-5.jpg,C:/Users/Bautista/Downloads/PrecisionSkin/Classes/Eczema/aug_2649_eczema-ears-5.jpg,partial_face,train,aug_2649_eczema-ears-5.jpg,pseudo-label + correct (training),True,Eczema,False,True
10_47.jpg,C:/Users/Bautista/Downloads/PrecisionSkin/Classes/Eczema/10_47.jpg,close_up_facial,train,10_47.jpg,pseudo-label + correct (training),False,,False,False
1409993672789347822.png,C:/Users/Bautista/Downloads/PrecisionSkin/Classes/Eczema/1409993672789347822.png,close_up_facial,train,1409993672789347822.png,pseudo-label + correct (training),False,,False,False
10_33.jpg,C:/Users/Bautista/Downloads/PrecisionSkin/Classes/Eczema/10_33.jpg,close_up_facial,train,10_33.jpg,pseudo-label + correct (training),False,,False,False
AAP-Screenshot-307126-214525.jpg,C:/Users/Bautista/Downloads/PrecisionSkin/Classes/Eczema/AAP-Screenshot-307126-214525.jpg,partial_face,train,aap-screenshot-307126-214525.jpg,pseudo-label + correct (training),False,,False,False
resized_eczema-herpeticum-55_jpg.rf.54e6760b1a3f0216a9d97994a4e0d2cc.jpg,C:/Users/Bautista/Downloads/PrecisionSkin/Classes/Eczema/resized_eczema-herpeticum-55_jpg.rf.54e6760b1a3f0216a9d97994a4e0d2cc.jpg,full_face,train,resized_eczema-herpeticum-55_jpg,pseudo-label + correct (training),False,,False,False
acute-eczema-018.jpg,C:/Users/Bautista/Downloads/PrecisionSkin/Classes/Eczema/acute-eczema-018.jpg,partial_face,train,acute-eczema-018.jpg,pseudo-label + correct (training),False,,False,False
6_54.jpg,C:/Users/Bautista/Downloads/PrecisionSkin/Classes/Eczema/6_54.jpg,partial_face,train,6_54.jpg,pseudo-label + correct (training),False,,False,False
seborrhoeic-dermatitis-0028.jpg,C:/Users/Bautista/Downloads/PrecisionSkin/Classes/Eczema/seborrhoeic-dermatitis-0028.jpg,partial_face,train,seborrhoeic-dermatitis-0028.jpg,pseudo-label + correct (training),False,,False,False
042910HB.jpg,C:/Users/Bautista/Downloads/PrecisionSkin/Classes/Eczema/042910HB.jpg,partial_face,train,042910hb.jpg,pseudo-label + correct (training),False,,False,False
c0500787-800px-wm-1-_jpg.rf.0f1ade2f790d51e6ff043b66550a0e2d.jpg,C:/Users/Bautista/Downloads/PrecisionSkin/Classes/Eczema/c0500787-800px-wm-1-_jpg.rf.0f1ade2f790d51e6ff043b66550a0e2d.jpg,partial_face,train,c0500787-800px-wm-1-_jpg,pseudo-label + correct (training),False,,False,False
aug_3289_eczema-face-10.jpg,C:/Users/Bautista/Downloads/PrecisionSkin/Classes/Eczema/aug_3289_eczema-face-10.jpg,partial_face,train,aug_3289_eczema-face-10.jpg,pseudo-label + correct (training),False,,False,False
resized_eczema-subacute-95_jpg.rf.429b52d04b41b98cb8cd9c8537cc2e5f.jpg,C:/Users/Bautista/Downloads/PrecisionSkin/Classes/Eczema/resized_eczema-subacute-95_jpg.rf.429b52d04b41b98cb8cd9c8537cc2e5f.jpg,full_face,train,resized_eczema-subacute-95_jpg,pseudo-label + correct (training),False,,False,False
14_png.rf.c476b0657282f2c423f58dbab52263b7.jpg,C:/Users/Bautista/Downloads/PrecisionSkin/Classes/Eczema/14_png.rf.c476b0657282f2c423f58dbab52263b7.jpg,partial_face,train,14_png,pseudo-label + correct (training),False,,True,True
15_jpg.rf.4f1a8950f7a6ab9c6060a75240e76153.jpg,C:/Users/Bautista/Downloads/PrecisionSkin/Classes/Eczema/15_jpg.rf.4f1a8950f7a6ab9c6060a75240e76153.jpg,partial_face,train,15_jpg,pseudo-label + correct (training),False,,True,True
8680726349812442407.png,C:/Users/Bautista/Downloads/PrecisionSkin/Classes/Eczema/8680726349812442407.png,close_up_facial,train,8680726349812442407.png,pseudo-label + correct (training),False,,False,False
-7322467471535042403.png,C:/Users/Bautista/Downloads/PrecisionSkin/Classes/Eczema/-7322467471535042403.png,partial_face,train,-7322467471535042403.png,pseudo-label + correct (training),False,,False,False
atopic1.jpg,C:/Users/Bautista/Downloads/PrecisionSkin/Classes/Eczema/atopic1.jpg,partial_face,train,atopic1.jpg,pseudo-label + correct (training),True,Eczema,False,True
gettyimages-1057868210-612x612_jpg.rf.5c8fb1633b15e0831db4f8fffaecaf7a.jpg,C:/Users/Bautista/Downloads/PrecisionSkin/Classes/Eczema/gettyimages-1057868210-612x612_jpg.rf.5c8fb1633b15e0831db4f8fffaecaf7a.jpg,partial_face,train,gettyimages-1057868210-612x612_jpg,pseudo-label + correct (training),False,,False,False
th-76-_jpeg.rf.2143c450f55dd029511cdd84bb0a9bf7.jpg,C:/Users/Bautista/Downloads/PrecisionSkin/Classes/Eczema/th-76-_jpeg.rf.2143c450f55dd029511cdd84bb0a9bf7.jpg,partial_face,validation,th-76-_jpeg,pseudo-label + correct (validation),False,,False,False
aug_1022_eczema-subacute-95.jpg,C:/Users/Bautista/Downloads/PrecisionSkin/Classes/Eczema/aug_1022_eczema-subacute-95.jpg,full_face,validation,aug_1022_eczema-subacute-95.jpg,pseudo-label + correct (validation),False,,False,False
th-81-_jpeg.rf.92edb2e477b8d34768284a0f534ff95b.jpg,C:/Users/Bautista/Downloads/PrecisionSkin/Classes/Eczema/th-81-_jpeg.rf.92edb2e477b8d34768284a0f534ff95b.jpg,partial_face,validation,th-81-_jpeg,pseudo-label + correct (validation),False,,False,False
th-56-_jpeg.rf.2997aac3053b3af1e8b19a8d2af69445.jpg,C:/Users/Bautista/Downloads/PrecisionSkin/Classes/Eczema/th-56-_jpeg.rf.2997aac3053b3af1e8b19a8d2af69445.jpg,full_face,validation,th-56-_jpeg,pseudo-label + correct (validation),True,Hyperpigmentation,True,True
resized_eczema-face-6_jpg.rf.559bda86210f62b69d07c1c00691c258.jpg,C:/Users/Bautista/Downloads/PrecisionSkin/Classes/Eczema/resized_eczema-face-6_jpg.rf.559bda86210f62b69d07c1c00691c258.jpg,partial_face,validation,resized_eczema-face-6_jpg,pseudo-label + correct (validation),True,Eczema,False,True
th-2024-12-12T172843-557_jpeg.rf.104ab49b1ae89c6302fe7ed70c303fa0.jpg,C:/Users/Bautista/Downloads/PrecisionSkin/Classes/Eczema/th-2024-12-12T172843-557_jpeg.rf.104ab49b1ae89c6302fe7ed70c303fa0.jpg,partial_face,validation,th-2024-12-12t172843-557_jpeg,pseudo-label + correct (validation),False,,False,False
3_4.jpg,C:/Users/Bautista/Downloads/PrecisionSkin/Classes/Eczema/3_4.jpg,partial_face,validation,3_4.jpg,pseudo-label + correct (validation),False,,False,False
1826477474008192497.png,C:/Users/Bautista/Downloads/PrecisionSkin/Classes/Eczema/1826477474008192497.png,close_up_facial,validation,1826477474008192497.png,pseudo-label + correct (validation),False,,False,False
Dermnet4_jpeg_jpg.rf.b3c602a6f572351e481e2938bc64abce.jpg,C:/Users/Bautista/Downloads/PrecisionSkin/Classes/Eczema/Dermnet4_jpeg_jpg.rf.b3c602a6f572351e481e2938bc64abce.jpg,close_up_facial,validation,dermnet4_jpeg_jpg,pseudo-label + correct (validation),False,,False,False
-8514985552097683346 (1).png,C:/Users/Bautista/Downloads/PrecisionSkin/Classes/Eczema/-8514985552097683346 (1).png,close_up_facial,validation,-8514985552097683346 (1).png,pseudo-label + correct (validation),False,,False,False
-3875963867992753791.png,C:/Users/Bautista/Downloads/PrecisionSkin/Classes/Eczema/-3875963867992753791.png,partial_face,validation,-3875963867992753791.png,pseudo-label + correct (validation),False,,False,False
10_49.jpg,C:/Users/Bautista/Downloads/PrecisionSkin/Classes/Eczema/10_49.jpg,close_up_facial,validation,10_49.jpg,pseudo-label + correct (validation),False,,False,False
1348128985059204469.png,C:/Users/Bautista/Downloads/PrecisionSkin/Classes/Eczema/1348128985059204469.png,close_up_facial,validation,1348128985059204469.png,pseudo-label + correct (validation),False,,False,False
resized_eczema-herpeticum-31_jpg.rf.62217891c8d0b24483ffe4b4de2018de.jpg,C:/Users/Bautista/Downloads/PrecisionSkin/Classes/Eczema/resized_eczema-herpeticum-31_jpg.rf.62217891c8d0b24483ffe4b4de2018de.jpg,partial_face,validation,resized_eczema-herpeticum-31_jpg,pseudo-label + correct (validation),False,,False,False
10_17.jpg,C:/Users/Bautista/Downloads/PrecisionSkin/Classes/Eczema/10_17.jpg,partial_face,validation,10_17.jpg,pseudo-label + correct (validation),False,,False,False
eczema-subacute-31.jpeg,C:/Users/Bautista/Downloads/PrecisionSkin/Classes/Eczema/eczema-subacute-31.jpeg,close_up_facial,validation,eczema-subacute-31.jpeg,pseudo-label + correct (validation),False,,False,False
eyelid-24.jpg,C:/Users/Bautista/Downloads/PrecisionSkin/Classes/Eczema/eyelid-24.jpg,partial_face,validation,eyelid-24.jpg,pseudo-label + correct (validation),False,,False,False
05atopic011005154.jpeg,C:/Users/Bautista/Downloads/PrecisionSkin/Classes/Eczema/05atopic011005154.jpeg,close_up_facial,validation,05atopic011005154.jpeg,pseudo-label + correct (validation),False,,False,False
eczema-herpticum06.jpg,C:/Users/Bautista/Downloads/PrecisionSkin/Classes/Eczema/eczema-herpticum06.jpg,full_face,validation,eczema-herpticum06.jpg,pseudo-label + correct (validation),False,,False,False
aug_1166_eczema-subacute-95.jpg,C:/Users/Bautista/Downloads/PrecisionSkin/Classes/Eczema/aug_1166_eczema-subacute-95.jpg,full_face,validation,aug_1166_eczema-subacute-95.jpg,pseudo-label + correct (validation),False,,False,False
aug_3266_eczema-face-10.jpg,C:/Users/Bautista/Downloads/PrecisionSkin/Classes/Eczema/aug_3266_eczema-face-10.jpg,partial_face,validation,aug_3266_eczema-face-10.jpg,pseudo-label + correct (validation),True,Eczema,False,True
allergic-contact-dermatitis-0126.jpg,C:/Users/Bautista/Downloads/PrecisionSkin/Classes/Eczema/allergic-contact-dermatitis-0126.jpg,full_face,validation,allergic-contact-dermatitis-0126.jpg,pseudo-label + correct (validation),False,,False,False
chronic-actinic-dermatitis-0002.jpg,C:/Users/Bautista/Downloads/PrecisionSkin/Classes/Eczema/chronic-actinic-dermatitis-0002.jpg,partial_face,validation,chronic-actinic-dermatitis-0002.jpg,pseudo-label + correct (validation),False,,False,False
16_jpg.rf.6cd6d7043957508a1d2c49e443103481.jpg,C:/Users/Bautista/Downloads/PrecisionSkin/Classes/Eczema/16_jpg.rf.6cd6d7043957508a1d2c49e443103481.jpg,partial_face,validation,16_jpg,pseudo-label + correct (validation),False,,True,True
6_144.jpg,C:/Users/Bautista/Downloads/PrecisionSkin/Classes/Eczema/6_144.jpg,partial_face,validation,6_144.jpg,pseudo-label + correct (validation),False,,False,False
-8510531530332479524.png,C:/Users/Bautista/Downloads/PrecisionSkin/Classes/Eczema/-8510531530332479524.png,close_up_facial,validation,-8510531530332479524.png,pseudo-label + correct (validation),False,,False,False
-1358308862158586368.png,C:/Users/Bautista/Downloads/PrecisionSkin/Classes/Eczema/-1358308862158586368.png,partial_face,validation,-1358308862158586368.png,pseudo-label + correct (validation),False,,False,False
-735751525885379740.png,C:/Users/Bautista/Downloads/PrecisionSkin/Classes/Eczema/-735751525885379740.png,close_up_facial,validation,-735751525885379740.png,pseudo-label + correct (validation),False,,False,False
8_15.jpg,C:/Users/Bautista/Downloads/PrecisionSkin/Classes/Eczema/8_15.jpg,close_up_facial,validation,8_15.jpg,pseudo-label + correct (validation),False,,False,False
10_19.jpg,C:/Users/Bautista/Downloads/PrecisionSkin/Classes/Eczema/10_19.jpg,partial_face,validation,10_19.jpg,pseudo-label + correct (validation),False,,False,False
-7357091932064383953.png,C:/Users/Bautista/Downloads/PrecisionSkin/Classes/Eczema/-7357091932064383953.png,close_up_facial,validation,-7357091932064383953.png,pseudo-label + correct (validation),False,,False,False
-2377453049126228534.png,C:/Users/Bautista/Downloads/PrecisionSkin/Classes/Eczema/-2377453049126228534.png,close_up_facial,validation,-2377453049126228534.png,pseudo-label + correct (validation),False,,False,False
aug_251_eczema-chronic-15.jpg,C:/Users/Bautista/Downloads/PrecisionSkin/Classes/Eczema/aug_251_eczema-chronic-15.jpg,partial_face,validation,aug_251_eczema-chronic-15.jpg,pseudo-label + correct (validation),False,,False,False
resized_eczema-herpeticum-60_jpg.rf.26578b9c2229fa954372a833eb28a368.jpg,C:/Users/Bautista/Downloads/PrecisionSkin/Classes/Eczema/resized_eczema-herpeticum-60_jpg.rf.26578b9c2229fa954372a833eb28a368.jpg,partial_face,validation,resized_eczema-herpeticum-60_jpg,pseudo-label + correct (validation),False,,False,False
allergic-contact-dermatitis-0049.jpg,C:/Users/Bautista/Downloads/PrecisionSkin/Classes/Eczema/allergic-contact-dermatitis-0049.jpg,partial_face,validation,allergic-contact-dermatitis-0049.jpg,pseudo-label + correct (validation),False,,False,False
8456646374661105599.png,C:/Users/Bautista/Downloads/PrecisionSkin/Classes/Eczema/8456646374661105599.png,close_up_facial,validation,8456646374661105599.png,pseudo-label + correct (validation),False,,False,False
allergic-contact-dermatitis-0137.jpg,C:/Users/Bautista/Downloads/PrecisionSkin/Classes/Eczema/allergic-contact-dermatitis-0137.jpg,partial_face,validation,allergic-contact-dermatitis-0137.jpg,pseudo-label + correct (validation),False,,False,False
Blogger-Makeup-Free_jpeg_jpg.rf.6c8b676b5f36a8def526a099b3f12df3.jpg,C:/Users/Bautista/Downloads/PrecisionSkin/Classes/Eczema/Blogger-Makeup-Free_jpeg_jpg.rf.6c8b676b5f36a8def526a099b3f12df3.jpg,full_face,validation,blogger-makeup-free_jpeg_jpg,pseudo-label + correct (validation),False,,False,False
-3811634225980315712.png,C:/Users/Bautista/Downloads/PrecisionSkin/Classes/Eczema/-3811634225980315712.png,partial_face,validation,-3811634225980315712.png,pseudo-label + correct (validation),False,,False,False
8_12.jpg,C:/Users/Bautista/Downloads/PrecisionSkin/Classes/Eczema/8_12.jpg,close_up_facial,test,8_12.jpg,HAND-BOX ONLY (detector test set),False,,False,False
th-44-_jpeg.rf.7e0740a3c32290a09ff753706eb983b5.jpg,C:/Users/Bautista/Downloads/PrecisionSkin/Classes/Eczema/th-44-_jpeg.rf.7e0740a3c32290a09ff753706eb983b5.jpg,partial_face,test,th-44-_jpeg,HAND-BOX ONLY (detector test set),False,,False,False
2_jpg.rf.df9b3c49d106f65825ea12d9f188e8c7.jpg,C:/Users/Bautista/Downloads/PrecisionSkin/Classes/Eczema/2_jpg.rf.df9b3c49d106f65825ea12d9f188e8c7.jpg,partial_face,test,2_jpg,HAND-BOX ONLY (detector test set),False,,True,True
3_3 kopyası.jpg,C:/Users/Bautista/Downloads/PrecisionSkin/Classes/Eczema/3_3 kopyası.jpg,close_up_facial,test,3_3 kopyası.jpg,HAND-BOX ONLY (detector test set),False,,False,False
v-IchthosisIMG018-GP3 - Copy.jpg,C:/Users/Bautista/Downloads/PrecisionSkin/Classes/Eczema/v-IchthosisIMG018-GP3 - Copy.jpg,partial_face,test,v-ichthosisimg018-gp3 - copy.jpg,HAND-BOX ONLY (detector test set),False,,False,False
images-28-_jpeg.rf.46e0918b47507c303fc45c3feaf8ee26.jpg,C:/Users/Bautista/Downloads/PrecisionSkin/Classes/Eczema/images-28-_jpeg.rf.46e0918b47507c303fc45c3feaf8ee26.jpg,partial_face,test,images-28-_jpeg,HAND-BOX ONLY (detector test set),False,,True,True
aug_1045_eczema-acute-20.jpg,C:/Users/Bautista/Downloads/PrecisionSkin/Classes/Eczema/aug_1045_eczema-acute-20.jpg,partial_face,test,aug_1045_eczema-acute-20.jpg,HAND-BOX ONLY (detector test set),False,,False,False
images-44-_jpeg.rf.f75c2f9badce071b8d97e8d1cc45c829.jpg,C:/Users/Bautista/Downloads/PrecisionSkin/Classes/Eczema/images-44-_jpeg.rf.f75c2f9badce071b8d97e8d1cc45c829.jpg,partial_face,test,images-44-_jpeg,HAND-BOX ONLY (detector test set),False,,False,False
Gul-Hastaligi-2-_jpg.rf.5e4562c13fe1c51f180db53bdbd18363.jpg,C:/Users/Bautista/Downloads/PrecisionSkin/Classes/Eczema/Gul-Hastaligi-2-_jpg.rf.5e4562c13fe1c51f180db53bdbd18363.jpg,close_up_facial,test,gul-hastaligi-2-_jpg,HAND-BOX ONLY (detector test set),False,,False,False
-2593983323398825549.png,C:/Users/Bautista/Downloads/PrecisionSkin/Classes/Eczema/-2593983323398825549.png,close_up_facial,test,-2593983323398825549.png,HAND-BOX ONLY (detector test set),False,,False,False
10_2.jpg,C:/Users/Bautista/Downloads/PrecisionSkin/Classes/Eczema/10_2.jpg,partial_face,test,10_2.jpg,HAND-BOX ONLY (detector test set),False,,False,False
aug_2658_eczema-subacute-95.jpg,C:/Users/Bautista/Downloads/PrecisionSkin/Classes/Eczema/aug_2658_eczema-subacute-95.jpg,full_face,test,aug_2658_eczema-subacute-95.jpg,HAND-BOX ONLY (detector test set),False,,False,False
6_37.jpg,C:/Users/Bautista/Downloads/PrecisionSkin/Classes/Eczema/6_37.jpg,partial_face,test,6_37.jpg,HAND-BOX ONLY (detector test set),False,,False,False
-3194582777873313186.png,C:/Users/Bautista/Downloads/PrecisionSkin/Classes/Eczema/-3194582777873313186.png,full_face,test,-3194582777873313186.png,HAND-BOX ONLY (detector test set),False,,False,False
aug_96_Screenshot 2025-11-17 021334.png,C:/Users/Bautista/Downloads/PrecisionSkin/Classes/Eczema/aug_96_Screenshot 2025-11-17 021334.png,partial_face,test,aug_96_screenshot 2025-11-17 021334.png,HAND-BOX ONLY (detector test set),False,,False,False
24604-eczema-on-face_jpg.rf.9650efe5955326baa7a411b8748bece4.jpg,C:/Users/Bautista/Downloads/PrecisionSkin/Classes/Eczema/24604-eczema-on-face_jpg.rf.9650efe5955326baa7a411b8748bece4.jpg,partial_face,test,24604-eczema-on-face_jpg,HAND-BOX ONLY (detector test set),False,,False,False
2720084955089501532.png,C:/Users/Bautista/Downloads/PrecisionSkin/Classes/Eczema/2720084955089501532.png,close_up_facial,test,2720084955089501532.png,HAND-BOX ONLY (detector test set),False,,False,False
0_1.jpg,C:/Users/Bautista/Downloads/PrecisionSkin/Classes/Eczema/0_1.jpg,partial_face,test,0_1.jpg,HAND-BOX ONLY (detector test set),False,,False,False
1256846535651836583.png,C:/Users/Bautista/Downloads/PrecisionSkin/Classes/Eczema/1256846535651836583.png,partial_face,test,1256846535651836583.png,HAND-BOX ONLY (detector test set),False,,False,False
seborrhoeic-dermatitis-0045.jpg,C:/Users/Bautista/Downloads/PrecisionSkin/Classes/Eczema/seborrhoeic-dermatitis-0045.jpg,partial_face,test,seborrhoeic-dermatitis-0045.jpg,HAND-BOX ONLY (detector test set),False,,False,False
Dermnet5_jpeg_jpg.rf.a6cdda4ab4629bfa9e39f7deb7cd910b.jpg,C:/Users/Bautista/Downloads/PrecisionSkin/Classes/Eczema/Dermnet5_jpeg_jpg.rf.a6cdda4ab4629bfa9e39f7deb7cd910b.jpg,close_up_facial,test,dermnet5_jpeg_jpg,HAND-BOX ONLY (detector test set),False,,False,False
2_30.jpg,C:/Users/Bautista/Downloads/PrecisionSkin/Classes/Eczema/2_30.jpg,close_up_facial,test,2_30.jpg,HAND-BOX ONLY (detector test set),False,,False,False
1796794011349423596.png,C:/Users/Bautista/Downloads/PrecisionSkin/Classes/Eczema/1796794011349423596.png,close_up_facial,test,1796794011349423596.png,HAND-BOX ONLY (detector test set),False,,False,False
t-eczema-subacute-88.jpg,C:/Users/Bautista/Downloads/PrecisionSkin/Classes/Eczema/t-eczema-subacute-88.jpg,partial_face,test,t-eczema-subacute-88.jpg,HAND-BOX ONLY (detector test set),False,,False,False
23_jpg.rf.59f01c02aa1ea3978ff7c6303f310667.jpg,C:/Users/Bautista/Downloads/PrecisionSkin/Classes/Eczema/23_jpg.rf.59f01c02aa1ea3978ff7c6303f310667.jpg,partial_face,test,23_jpg,HAND-BOX ONLY (detector test set),False,,True,True
gettyimages-1071109382-612x612_jpg.rf.f2934dfc51b97cd775378c6f8e5819a7.jpg,C:/Users/Bautista/Downloads/PrecisionSkin/Classes/Eczema/gettyimages-1071109382-612x612_jpg.rf.f2934dfc51b97cd775378c6f8e5819a7.jpg,partial_face,test,gettyimages-1071109382-612x612_jpg,HAND-BOX ONLY (detector test set),False,,False,False
10_22.jpg,C:/Users/Bautista/Downloads/PrecisionSkin/Classes/Eczema/10_22.jpg,close_up_facial,test,10_22.jpg,HAND-BOX ONLY (detector test set),False,,False,False
2_32.jpg,C:/Users/Bautista/Downloads/PrecisionSkin/Classes/Eczema/2_32.jpg,close_up_facial,test,2_32.jpg,HAND-BOX ONLY (detector test set),False,,False,False
6_319.jpg,C:/Users/Bautista/Downloads/PrecisionSkin/Classes/Eczema/6_319.jpg,close_up_facial,test,6_319.jpg,HAND-BOX ONLY (detector test set),False,,False,False
images-1-_jpeg.rf.d40eab905ad36062bf1f58205d8ae00f.jpg,C:/Users/Bautista/Downloads/PrecisionSkin/Classes/Eczema/images-1-_jpeg.rf.d40eab905ad36062bf1f58205d8ae00f.jpg,partial_face,test,images-1-_jpeg,HAND-BOX ONLY (detector test set),False,,True,True
images-2-_jpeg.rf.c2ebe91099781f40dd5985d3b77a4271.jpg,C:/Users/Bautista/Downloads/PrecisionSkin/Classes/Eczema/images-2-_jpeg.rf.c2ebe91099781f40dd5985d3b77a4271.jpg,close_up_facial,test,images-2-_jpeg,HAND-BOX ONLY (detector test set),False,,True,True
istockphoto-1457041723-612x612_jpg.rf.d2de157fdd829cb817af44752856f135.jpg,C:/Users/Bautista/Downloads/PrecisionSkin/Classes/Eczema/istockphoto-1457041723-612x612_jpg.rf.d2de157fdd829cb817af44752856f135.jpg,partial_face,test,istockphoto-1457041723-612x612_jpg,HAND-BOX ONLY (detector test set),False,,False,False
atopic-eczema-01.jpg,C:/Users/Bautista/Downloads/PrecisionSkin/Classes/Eczema/atopic-eczema-01.jpg,partial_face,test,atopic-eczema-01.jpg,HAND-BOX ONLY (detector test set),False,,False,False
-8365485995799586728.png,C:/Users/Bautista/Downloads/PrecisionSkin/Classes/Eczema/-8365485995799586728.png,close_up_facial,test,-8365485995799586728.png,HAND-BOX ONLY (detector test set),False,,False,False
atopic-dermatitis-0038.jpg,C:/Users/Bautista/Downloads/PrecisionSkin/Classes/Eczema/atopic-dermatitis-0038.jpg,close_up_facial,test,atopic-dermatitis-0038.jpg,HAND-BOX ONLY (detector test set),False,,False,False
-2929526823412497933.png,C:/Users/Bautista/Downloads/PrecisionSkin/Classes/Eczema/-2929526823412497933.png,close_up_facial,test,-2929526823412497933.png,HAND-BOX ONLY (detector test set),False,,False,False
-5014049558206819915.png,C:/Users/Bautista/Downloads/PrecisionSkin/Classes/Eczema/-5014049558206819915.png,close_up_facial,test,-5014049558206819915.png,HAND-BOX ONLY (detector test set),False,,False,False
images-37-_jpeg.rf.3ad830968705b6ba8d147af020f42a51.jpg,C:/Users/Bautista/Downloads/PrecisionSkin/Classes/Eczema/images-37-_jpeg.rf.3ad830968705b6ba8d147af020f42a51.jpg,partial_face,test,images-37-_jpeg,HAND-BOX ONLY (detector test set),False,,False,False
-2479226509266633891.png,C:/Users/Bautista/Downloads/PrecisionSkin/Classes/Eczema/-2479226509266633891.png,close_up_facial,test,-2479226509266633891.png,HAND-BOX ONLY (detector test set),False,,False,False
Gul-Hastaligi-4-_jpg.rf.467473832782c0cd1e088bf4bec027cf.jpg,C:/Users/Bautista/Downloads/PrecisionSkin/Classes/Eczema/Gul-Hastaligi-4-_jpg.rf.467473832782c0cd1e088bf4bec027cf.jpg,partial_face,test,gul-hastaligi-4-_jpg,HAND-BOX ONLY (detector test set),False,,False,False
05atopic0110051.jpeg,C:/Users/Bautista/Downloads/PrecisionSkin/Classes/Eczema/05atopic0110051.jpeg,partial_face,test,05atopic0110051.jpeg,HAND-BOX ONLY (detector test set),False,,False,False
2_11 kopyası.jpg,C:/Users/Bautista/Downloads/PrecisionSkin/Classes/Eczema/2_11 kopyası.jpg,partial_face,test,2_11 kopyası.jpg,HAND-BOX ONLY (detector test set),False,,False,False
aug_1407_eczema-subacute-95.jpg,C:/Users/Bautista/Downloads/PrecisionSkin/Classes/Eczema/aug_1407_eczema-subacute-95.jpg,full_face,test,aug_1407_eczema-subacute-95.jpg,HAND-BOX ONLY (detector test set),False,,False,False
istockphoto-1457041705-612x612_jpg.rf.722d3b2fdce9eedb637c1f83b80a1055.jpg,C:/Users/Bautista/Downloads/PrecisionSkin/Classes/Eczema/istockphoto-1457041705-612x612_jpg.rf.722d3b2fdce9eedb637c1f83b80a1055.jpg,partial_face,test,istockphoto-1457041705-612x612_jpg,HAND-BOX ONLY (detector test set),False,,False,False
download-16-_jpeg.rf.b7c1e2a58f750b6af9b7bd9759d127f4.jpg,C:/Users/Bautista/Downloads/PrecisionSkin/Classes/Eczema/download-16-_jpeg.rf.b7c1e2a58f750b6af9b7bd9759d127f4.jpg,partial_face,test,download-16-_jpeg,HAND-BOX ONLY (detector test set),False,,False,False
042870HB.jpg,C:/Users/Bautista/Downloads/PrecisionSkin/Classes/Eczema/042870HB.jpg,partial_face,test,042870hb.jpg,HAND-BOX ONLY (detector test set),False,,False,False
-5117119409749183026.png,C:/Users/Bautista/Downloads/PrecisionSkin/Classes/Eczema/-5117119409749183026.png,close_up_facial,test,-5117119409749183026.png,HAND-BOX ONLY (detector test set),False,,False,False
2_1 (2).jpg,C:/Users/Bautista/Downloads/PrecisionSkin/Classes/Eczema/2_1 (2).jpg,partial_face,train,2_1 (2).jpg,pseudo-label + correct (training),False,,False,False
05atopicInfection671-GP3.jpeg,C:/Users/Bautista/Downloads/PrecisionSkin/Classes/Eczema/05atopicInfection671-GP3.jpeg,full_face,validation,05atopicinfection671-gp3.jpeg,pseudo-label + correct (validation),False,,False,False
eczema-face-5.jpeg,C:/Users/Bautista/Downloads/PrecisionSkin/Classes/Eczema/eczema-face-5.jpeg,partial_face,test,eczema-face-5.jpeg,HAND-BOX ONLY (detector test set),True,Eczema,True,True
t-05keratosisPilaris0508063.jpg,C:/Users/Bautista/Downloads/PrecisionSkin/Classes/Eczema/t-05keratosisPilaris0508063.jpg,partial_face,train,t-05keratosispilaris0508063.jpg,pseudo-label + correct (training),False,,False,False
v-13IMG011.jpg,C:/Users/Bautista/Downloads/PrecisionSkin/Classes/Eczema/v-13IMG011.jpg,full_face,test,v-13img011.jpg,HAND-BOX ONLY (detector test set),False,,False,False
t-3Eczema3-023.jpg,C:/Users/Bautista/Downloads/PrecisionSkin/Classes/Eczema/t-3Eczema3-023.jpg,full_face,train,t-3eczema3-023.jpg,pseudo-label + correct (training),False,,False,False
Eczema_8 copy.jpg,C:/Users/Bautista/Downloads/PrecisionSkin/Classes/Eczema/Eczema_8 copy.jpg,partial_face,test,eczema_8 copy.jpg,HAND-BOX ONLY (detector test set),False,,False,False
05atopicFace1003051 (2).jpeg,C:/Users/Bautista/Downloads/PrecisionSkin/Classes/Eczema/05atopicFace1003051 (2).jpeg,partial_face,validation,05atopicface1003051 (2).jpeg,pseudo-label + correct (validation),False,,False,False
3Eczema3-023.jpeg,C:/Users/Bautista/Downloads/PrecisionSkin/Classes/Eczema/3Eczema3-023.jpeg,full_face,train,3eczema3-023.jpeg,pseudo-label + correct (training),False,,False,False
Eczema_33 copy.jpg,C:/Users/Bautista/Downloads/PrecisionSkin/Classes/Eczema/Eczema_33 copy.jpg,partial_face,test,eczema_33 copy.jpg,HAND-BOX ONLY (detector test set),False,,False,False
t-05atopicFace041706.jpg,C:/Users/Bautista/Downloads/PrecisionSkin/Classes/Eczema/t-05atopicFace041706.jpg,partial_face,validation,t-05atopicface041706.jpg,pseudo-label + correct (validation),False,,False,False
Eczema_215 (2).jpg,C:/Users/Bautista/Downloads/PrecisionSkin/Classes/Eczema/Eczema_215 (2).jpg,partial_face,train,eczema_215 (2).jpg,pseudo-label + correct (training),False,,False,False
0_32.jpg,C:/Users/Bautista/Downloads/PrecisionSkin/Classes/Eczema/0_32.jpg,partial_face,train,0_32.jpg,pseudo-label + correct (training),True,Eczema,False,True
eczema-subacute-95.jpeg,C:/Users/Bautista/Downloads/PrecisionSkin/Classes/Eczema/eczema-subacute-95.jpeg,full_face,test,eczema-subacute-95.jpeg,HAND-BOX ONLY (detector test set),False,,False,False
13IMG011.jpg,C:/Users/Bautista/Downloads/PrecisionSkin/Classes/Eczema/13IMG011.jpg,full_face,test,13img011.jpg,HAND-BOX ONLY (detector test set),False,,False,False
Eczema_221 copy (2).jpg,C:/Users/Bautista/Downloads/PrecisionSkin/Classes/Eczema/Eczema_221 copy (2).jpg,partial_face,train,eczema_221 copy (2).jpg,pseudo-label + correct (training),False,,False,False
26_jpg.rf.9008fe105307e138078c35fbd1948b31.jpg,C:/Users/Bautista/Downloads/PrecisionSkin/Classes/Eczema/26_jpg.rf.9008fe105307e138078c35fbd1948b31.jpg,full_face,test,26_jpg,HAND-BOX ONLY (detector test set),False,,True,True
t-05AtopicFace0105043ok.jpg,C:/Users/Bautista/Downloads/PrecisionSkin/Classes/Eczema/t-05AtopicFace0105043ok.jpg,partial_face,test,t-05atopicface0105043ok.jpg,HAND-BOX ONLY (detector test set),False,,False,False
05AtopicFace010504ok.jpg,C:/Users/Bautista/Downloads/PrecisionSkin/Classes/Eczema/05AtopicFace010504ok.jpg,partial_face,test,05atopicface010504ok.jpg,HAND-BOX ONLY (detector test set),False,,False,False
v-05AtopicFace0105040k1.jpg,C:/Users/Bautista/Downloads/PrecisionSkin/Classes/Eczema/v-05AtopicFace0105040k1.jpg,partial_face,validation,v-05atopicface0105040k1.jpg,pseudo-label + correct (validation),False,,False,False
7IMG004.jpg,C:/Users/Bautista/Downloads/PrecisionSkin/Classes/Eczema/7IMG004.jpg,full_face,test,7img004.jpg,HAND-BOX ONLY (detector test set),False,,False,False
05AtopicFace28.jpeg,C:/Users/Bautista/Downloads/PrecisionSkin/Classes/Eczema/05AtopicFace28.jpeg,partial_face,validation,05atopicface28.jpeg,pseudo-label + correct (validation),False,,False,False
Eczema_301 copy (2).jpg,C:/Users/Bautista/Downloads/PrecisionSkin/Classes/Eczema/Eczema_301 copy (2).jpg,close_up_facial,train,eczema_301 copy (2).jpg,pseudo-label + correct (training),False,,False,False
Eczema_79 copy (2).jpg,C:/Users/Bautista/Downloads/PrecisionSkin/Classes/Eczema/Eczema_79 copy (2).jpg,close_up_facial,validation,eczema_79 copy (2).jpg,pseudo-label + correct (validation),False,,False,False
05atopicInfection671-GP3 (2).jpeg,C:/Users/Bautista/Downloads/PrecisionSkin/Classes/Eczema/05atopicInfection671-GP3 (2).jpeg,full_face,validation,05atopicinfection671-gp3 (2).jpeg,pseudo-label + correct (validation),False,,False,False
05atopicFace1003053 (2).jpeg,C:/Users/Bautista/Downloads/PrecisionSkin/Classes/Eczema/05atopicFace1003053 (2).jpeg,partial_face,validation,05atopicface1003053 (2).jpeg,pseudo-label + correct (validation),False,,False,False
05AtopicFace2.jpg,C:/Users/Bautista/Downloads/PrecisionSkin/Classes/Eczema/05AtopicFace2.jpg,partial_face,validation,05atopicface2.jpg,pseudo-label + correct (validation),False,,False,False
eczema-acute-22.jpeg,C:/Users/Bautista/Downloads/PrecisionSkin/Classes/Eczema/eczema-acute-22.jpeg,full_face,test,eczema-acute-22.jpeg,HAND-BOX ONLY (detector test set),False,,False,False
eczema-impetiginized-8 (2).jpg,C:/Users/Bautista/Downloads/PrecisionSkin/Classes/Eczema/eczema-impetiginized-8 (2).jpg,partial_face,validation,eczema-impetiginized-8 (2).jpg,pseudo-label + correct (validation),True,Eczema,False,True
t-1IMG002.jpg,C:/Users/Bautista/Downloads/PrecisionSkin/Classes/Eczema/t-1IMG002.jpg,partial_face,train,t-1img002.jpg,pseudo-label + correct (training),False,,False,False
v-05Atopic1006.jpg,C:/Users/Bautista/Downloads/PrecisionSkin/Classes/Eczema/v-05Atopic1006.jpg,full_face,validation,v-05atopic1006.jpg,pseudo-label + correct (validation),False,,False,False
t-05AtopicMouth54.jpg,C:/Users/Bautista/Downloads/PrecisionSkin/Classes/Eczema/t-05AtopicMouth54.jpg,close_up_facial,validation,t-05atopicmouth54.jpg,pseudo-label + correct (validation),False,,False,False
eczema-face-11.jpeg,C:/Users/Bautista/Downloads/PrecisionSkin/Classes/Eczema/eczema-face-11.jpeg,partial_face,test,eczema-face-11.jpeg,HAND-BOX ONLY (detector test set),True,Eczema,True,True
4th1IMG013.jpg,C:/Users/Bautista/Downloads/PrecisionSkin/Classes/Eczema/4th1IMG013.jpg,full_face,test,4th1img013.jpg,HAND-BOX ONLY (detector test set),False,,False,False
v-eczema-asteatotic-38 - Copy.jpg,C:/Users/Bautista/Downloads/PrecisionSkin/Classes/Eczema/v-eczema-asteatotic-38 - Copy.jpg,partial_face,test,v-eczema-asteatotic-38 - copy.jpg,HAND-BOX ONLY (detector test set),False,,False,False
7IMG003.jpg,C:/Users/Bautista/Downloads/PrecisionSkin/Classes/Eczema/7IMG003.jpg,full_face,train,7img003.jpg,pseudo-label + correct (training),False,,False,False
t-eczema-lids-8.jpg,C:/Users/Bautista/Downloads/PrecisionSkin/Classes/Eczema/t-eczema-lids-8.jpg,partial_face,validation,t-eczema-lids-8.jpg,pseudo-label + correct (validation),True,Eczema,False,True
05AtopicFaceBaby1.jpg,C:/Users/Bautista/Downloads/PrecisionSkin/Classes/Eczema/05AtopicFaceBaby1.jpg,partial_face,validation,05atopicfacebaby1.jpg,pseudo-label + correct (validation),False,,False,False
Eczema_378 copy.jpg,C:/Users/Bautista/Downloads/PrecisionSkin/Classes/Eczema/Eczema_378 copy.jpg,partial_face,test,eczema_378 copy.jpg,HAND-BOX ONLY (detector test set),False,,False,False
eczema-face-6.jpg,C:/Users/Bautista/Downloads/PrecisionSkin/Classes/Eczema/eczema-face-6.jpg,partial_face,test,eczema-face-6.jpg,HAND-BOX ONLY (detector test set),True,Eczema,True,True
1_51.jpg,C:/Users/Bautista/Downloads/PrecisionSkin/Classes/Eczema/1_51.jpg,partial_face,train,1_51.jpg,pseudo-label + correct (training),False,,False,False
eczema-face-5.jpg,C:/Users/Bautista/Downloads/PrecisionSkin/Classes/Eczema/eczema-face-5.jpg,partial_face,test,eczema-face-5.jpg,HAND-BOX ONLY (detector test set),True,Eczema,True,True
eczema-chronic-13.jpg,C:/Users/Bautista/Downloads/PrecisionSkin/Classes/Eczema/eczema-chronic-13.jpg,partial_face,test,eczema-chronic-13.jpg,HAND-BOX ONLY (detector test set),True,Eczema,False,True
05AtopicFace0105042ok.jpg,C:/Users/Bautista/Downloads/PrecisionSkin/Classes/Eczema/05AtopicFace0105042ok.jpg,partial_face,test,05atopicface0105042ok.jpg,HAND-BOX ONLY (detector test set),False,,False,False
eczema-lids-5 (2).jpg,C:/Users/Bautista/Downloads/PrecisionSkin/Classes/Eczema/eczema-lids-5 (2).jpg,full_face,validation,eczema-lids-5 (2).jpg,pseudo-label + correct (validation),False,,False,False
Eczema_81 copy (2).jpg,C:/Users/Bautista/Downloads/PrecisionSkin/Classes/Eczema/Eczema_81 copy (2).jpg,close_up_facial,test,eczema_81 copy (2).jpg,HAND-BOX ONLY (detector test set),False,,False,False
t-5T-0006.jpg,C:/Users/Bautista/Downloads/PrecisionSkin/Classes/Eczema/t-5T-0006.jpg,full_face,train,t-5t-0006.jpg,pseudo-label + correct (training),True,Eczema,False,True
0_0.jpg,C:/Users/Bautista/Downloads/PrecisionSkin/Classes/Eczema/0_0.jpg,partial_face,train,0_0.jpg,pseudo-label + correct (training),True,Eczema,False,True
IchthosisIMG006-GP3.jpg,C:/Users/Bautista/Downloads/PrecisionSkin/Classes/Eczema/IchthosisIMG006-GP3.jpg,partial_face,test,ichthosisimg006-gp3.jpg,HAND-BOX ONLY (detector test set),False,,False,False
05atopicFace100305.jpg,C:/Users/Bautista/Downloads/PrecisionSkin/Classes/Eczema/05atopicFace100305.jpg,partial_face,validation,05atopicface100305.jpg,pseudo-label + correct (validation),False,,False,False
v-IchthosisIMG006-GP3 - Copy.jpg,C:/Users/Bautista/Downloads/PrecisionSkin/Classes/Eczema/v-IchthosisIMG006-GP3 - Copy.jpg,partial_face,test,v-ichthosisimg006-gp3 - copy.jpg,HAND-BOX ONLY (detector test set),False,,False,False
eczema-asteatotic-38.jpg,C:/Users/Bautista/Downloads/PrecisionSkin/Classes/Eczema/eczema-asteatotic-38.jpg,partial_face,test,eczema-asteatotic-38.jpg,HAND-BOX ONLY (detector test set),False,,False,False
2_7.jpg,C:/Users/Bautista/Downloads/PrecisionSkin/Classes/Eczema/2_7.jpg,close_up_facial,test,2_7.jpg,HAND-BOX ONLY (detector test set),False,,False,False
t-05AtopicFaceBaby1.jpg,C:/Users/Bautista/Downloads/PrecisionSkin/Classes/Eczema/t-05AtopicFaceBaby1.jpg,partial_face,validation,t-05atopicfacebaby1.jpg,pseudo-label + correct (validation),False,,False,False
Eczema_339 copy (2).jpg,C:/Users/Bautista/Downloads/PrecisionSkin/Classes/Eczema/Eczema_339 copy (2).jpg,close_up_facial,train,eczema_339 copy (2).jpg,pseudo-label + correct (training),False,,False,False
t-05AtopicFace43.jpg,C:/Users/Bautista/Downloads/PrecisionSkin/Classes/Eczema/t-05AtopicFace43.jpg,partial_face,validation,t-05atopicface43.jpg,pseudo-label + correct (validation),False,,False,False
Eczema_321 copy.jpg,C:/Users/Bautista/Downloads/PrecisionSkin/Classes/Eczema/Eczema_321 copy.jpg,close_up_facial,train,eczema_321 copy.jpg,pseudo-label + correct (training),False,,False,False
05Atopic010203.jpeg,C:/Users/Bautista/Downloads/PrecisionSkin/Classes/Eczema/05Atopic010203.jpeg,partial_face,train,05atopic010203.jpeg,pseudo-label + correct (training),False,,False,False
05AtopicFace0105042ok (2).jpeg,C:/Users/Bautista/Downloads/PrecisionSkin/Classes/Eczema/05AtopicFace0105042ok (2).jpeg,partial_face,test,05atopicface0105042ok (2).jpeg,HAND-BOX ONLY (detector test set),False,,False,False
v-4th1IMG013.jpg,C:/Users/Bautista/Downloads/PrecisionSkin/Classes/Eczema/v-4th1IMG013.jpg,full_face,test,v-4th1img013.jpg,HAND-BOX ONLY (detector test set),False,,False,False
0_22.jpg,C:/Users/Bautista/Downloads/PrecisionSkin/Classes/Eczema/0_22.jpg,partial_face,train,0_22.jpg,pseudo-label + correct (training),False,,False,False
05AtopicFace0105040k1.jpeg,C:/Users/Bautista/Downloads/PrecisionSkin/Classes/Eczema/05AtopicFace0105040k1.jpeg,partial_face,validation,05atopicface0105040k1.jpeg,pseudo-label + correct (validation),False,,False,False
t-05atopicInfection671-GP3.jpg,C:/Users/Bautista/Downloads/PrecisionSkin/Classes/Eczema/t-05atopicInfection671-GP3.jpg,full_face,validation,t-05atopicinfection671-gp3.jpg,pseudo-label + correct (validation),False,,False,False
05Atopic020203.jpg,C:/Users/Bautista/Downloads/PrecisionSkin/Classes/Eczema/05Atopic020203.jpg,partial_face,test,05atopic020203.jpg,HAND-BOX ONLY (detector test set),False,,False,False
Eczema_107 copy.jpg,C:/Users/Bautista/Downloads/PrecisionSkin/Classes/Eczema/Eczema_107 copy.jpg,partial_face,train,eczema_107 copy.jpg,pseudo-label + correct (training),False,,False,False
5T-0007.jpg,C:/Users/Bautista/Downloads/PrecisionSkin/Classes/Eczema/5T-0007.jpg,partial_face,test,5t-0007.jpg,HAND-BOX ONLY (detector test set),False,,False,False
v-05Atopic1006 - Copy.jpg,C:/Users/Bautista/Downloads/PrecisionSkin/Classes/Eczema/v-05Atopic1006 - Copy.jpg,full_face,validation,v-05atopic1006 - copy.jpg,pseudo-label + correct (validation),False,,False,False
v-13IMG011 - Copy.jpg,C:/Users/Bautista/Downloads/PrecisionSkin/Classes/Eczema/v-13IMG011 - Copy.jpg,full_face,test,v-13img011 - copy.jpg,HAND-BOX ONLY (detector test set),False,,False,False
05atopic0124052 (2).jpeg,C:/Users/Bautista/Downloads/PrecisionSkin/Classes/Eczema/05atopic0124052 (2).jpeg,partial_face,validation,05atopic0124052 (2).jpeg,pseudo-label + correct (validation),False,,False,False
v-4th1IMG008.jpg,C:/Users/Bautista/Downloads/PrecisionSkin/Classes/Eczema/v-4th1IMG008.jpg,full_face,test,v-4th1img008.jpg,HAND-BOX ONLY (detector test set),False,,False,False
t-5T-0004.jpg,C:/Users/Bautista/Downloads/PrecisionSkin/Classes/Eczema/t-5T-0004.jpg,full_face,train,t-5t-0004.jpg,pseudo-label + correct (training),False,,False,False
t-05atopicFace1003052.jpg,C:/Users/Bautista/Downloads/PrecisionSkin/Classes/Eczema/t-05atopicFace1003052.jpg,partial_face,validation,t-05atopicface1003052.jpg,pseudo-label + correct (validation),False,,False,False
05atopicFace041706 (2).jpeg,C:/Users/Bautista/Downloads/PrecisionSkin/Classes/Eczema/05atopicFace041706 (2).jpeg,partial_face,validation,05atopicface041706 (2).jpeg,pseudo-label + correct (validation),False,,False,False
t-AtopicIMG012-GP3.jpg,C:/Users/Bautista/Downloads/PrecisionSkin/Classes/Eczema/t-AtopicIMG012-GP3.jpg,full_face,train,t-atopicimg012-gp3.jpg,pseudo-label + correct (training),False,,False,False
Eczema_380 copy.jpg,C:/Users/Bautista/Downloads/PrecisionSkin/Classes/Eczema/Eczema_380 copy.jpg,close_up_facial,train,eczema_380 copy.jpg,pseudo-label + correct (training),False,,False,False
eczema-lids-8 (2).jpg,C:/Users/Bautista/Downloads/PrecisionSkin/Classes/Eczema/eczema-lids-8 (2).jpg,partial_face,validation,eczema-lids-8 (2).jpg,pseudo-label + correct (validation),True,Eczema,False,True
Eczema_347 copy (2).jpg,C:/Users/Bautista/Downloads/PrecisionSkin/Classes/Eczema/Eczema_347 copy (2).jpg,partial_face,train,eczema_347 copy (2).jpg,pseudo-label + correct (training),False,,False,False
05keratosisPilaris0508063.jpg,C:/Users/Bautista/Downloads/PrecisionSkin/Classes/Eczema/05keratosisPilaris0508063.jpg,partial_face,train,05keratosispilaris0508063.jpg,pseudo-label + correct (training),False,,False,False
t-14IMG015.jpg,C:/Users/Bautista/Downloads/PrecisionSkin/Classes/Eczema/t-14IMG015.jpg,full_face,train,t-14img015.jpg,pseudo-label + correct (training),False,,False,False
Eczema_321 copy (2).jpg,C:/Users/Bautista/Downloads/PrecisionSkin/Classes/Eczema/Eczema_321 copy (2).jpg,close_up_facial,train,eczema_321 copy (2).jpg,pseudo-label + correct (training),False,,False,False
05atopicFace041706.jpg,C:/Users/Bautista/Downloads/PrecisionSkin/Classes/Eczema/05atopicFace041706.jpg,partial_face,validation,05atopicface041706.jpg,pseudo-label + correct (validation),False,,False,False
05AtopicFaceBaby1.jpeg,C:/Users/Bautista/Downloads/PrecisionSkin/Classes/Eczema/05AtopicFaceBaby1.jpeg,partial_face,validation,05atopicfacebaby1.jpeg,pseudo-label + correct (validation),False,,False,False
05Atopic1006 (2).jpeg,C:/Users/Bautista/Downloads/PrecisionSkin/Classes/Eczema/05Atopic1006 (2).jpeg,full_face,validation,05atopic1006 (2).jpeg,pseudo-label + correct (validation),False,,False,False
Eczema_58.jpg,C:/Users/Bautista/Downloads/PrecisionSkin/Classes/Eczema/Eczema_58.jpg,partial_face,train,eczema_58.jpg,pseudo-label + correct (training),False,,False,False
t-IchthosisIMG019-GP3.jpg,C:/Users/Bautista/Downloads/PrecisionSkin/Classes/Eczema/t-IchthosisIMG019-GP3.jpg,full_face,train,t-ichthosisimg019-gp3.jpg,pseudo-label + correct (training),False,,False,False
t-1IMG004.jpg,C:/Users/Bautista/Downloads/PrecisionSkin/Classes/Eczema/t-1IMG004.jpg,full_face,validation,t-1img004.jpg,pseudo-label + correct (validation),False,,False,False
eczema-asteatotic-38.jpeg,C:/Users/Bautista/Downloads/PrecisionSkin/Classes/Eczema/eczema-asteatotic-38.jpeg,partial_face,test,eczema-asteatotic-38.jpeg,HAND-BOX ONLY (detector test set),False,,False,False
1_49.jpg,C:/Users/Bautista/Downloads/PrecisionSkin/Classes/Eczema/1_49.jpg,partial_face,train,1_49.jpg,pseudo-label + correct (training),False,,False,False
t-3IMG014.jpg,C:/Users/Bautista/Downloads/PrecisionSkin/Classes/Eczema/t-3IMG014.jpg,partial_face,test,t-3img014.jpg,HAND-BOX ONLY (detector test set),False,,False,False
v-eczema-impetiginized-8 - Copy.jpg,C:/Users/Bautista/Downloads/PrecisionSkin/Classes/Eczema/v-eczema-impetiginized-8 - Copy.jpg,partial_face,validation,v-eczema-impetiginized-8 - copy.jpg,pseudo-label + correct (validation),True,Eczema,False,True
05DennieMorganFolds.jpg,C:/Users/Bautista/Downloads/PrecisionSkin/Classes/Eczema/05DennieMorganFolds.jpg,partial_face,train,05denniemorganfolds.jpg,pseudo-label + correct (training),False,,False,False
v-eczema-asteatotic-38.jpg,C:/Users/Bautista/Downloads/PrecisionSkin/Classes/Eczema/v-eczema-asteatotic-38.jpg,partial_face,test,v-eczema-asteatotic-38.jpg,HAND-BOX ONLY (detector test set),False,,False,False
t-05atopicFace1003051.jpg,C:/Users/Bautista/Downloads/PrecisionSkin/Classes/Eczema/t-05atopicFace1003051.jpg,partial_face,validation,t-05atopicface1003051.jpg,pseudo-label + correct (validation),False,,False,False
Eczema_380 copy (2).jpg,C:/Users/Bautista/Downloads/PrecisionSkin/Classes/Eczema/Eczema_380 copy (2).jpg,close_up_facial,train,eczema_380 copy (2).jpg,pseudo-label + correct (training),False,,False,False
05AtopicFaceBaby.jpg,C:/Users/Bautista/Downloads/PrecisionSkin/Classes/Eczema/05AtopicFaceBaby.jpg,partial_face,validation,05atopicfacebaby.jpg,pseudo-label + correct (validation),False,,False,False
eczema-ears-5.jpg,C:/Users/Bautista/Downloads/PrecisionSkin/Classes/Eczema/eczema-ears-5.jpg,partial_face,validation,eczema-ears-5.jpg,pseudo-label + correct (validation),True,Eczema,True,True
t-eczema-subacute-95.jpg,C:/Users/Bautista/Downloads/PrecisionSkin/Classes/Eczema/t-eczema-subacute-95.jpg,full_face,test,t-eczema-subacute-95.jpg,HAND-BOX ONLY (detector test set),False,,False,False
7IMG007.jpg,C:/Users/Bautista/Downloads/PrecisionSkin/Classes/Eczema/7IMG007.jpg,full_face,train,7img007.jpg,pseudo-label + correct (training),False,,False,False
05AtopicMouth54 (2).jpeg,C:/Users/Bautista/Downloads/PrecisionSkin/Classes/Eczema/05AtopicMouth54 (2).jpeg,close_up_facial,validation,05atopicmouth54 (2).jpeg,pseudo-label + correct (validation),False,,False,False
05atopicDerm040405ok.jpg,C:/Users/Bautista/Downloads/PrecisionSkin/Classes/Eczema/05atopicDerm040405ok.jpg,partial_face,validation,05atopicderm040405ok.jpg,pseudo-label + correct (validation),False,,False,False
Eczema_339 copy.jpg,C:/Users/Bautista/Downloads/PrecisionSkin/Classes/Eczema/Eczema_339 copy.jpg,close_up_facial,train,eczema_339 copy.jpg,pseudo-label + correct (training),False,,False,False
05AtopicFace0105043ok.jpeg,C:/Users/Bautista/Downloads/PrecisionSkin/Classes/Eczema/05AtopicFace0105043ok.jpeg,partial_face,test,05atopicface0105043ok.jpeg,HAND-BOX ONLY (detector test set),False,,False,False
05AtopicFace43 (2).jpeg,C:/Users/Bautista/Downloads/PrecisionSkin/Classes/Eczema/05AtopicFace43 (2).jpeg,partial_face,validation,05atopicface43 (2).jpeg,pseudo-label + correct (validation),False,,False,False
v-IchthosisIMG006-GP3.jpg,C:/Users/Bautista/Downloads/PrecisionSkin/Classes/Eczema/v-IchthosisIMG006-GP3.jpg,partial_face,test,v-ichthosisimg006-gp3.jpg,HAND-BOX ONLY (detector test set),False,,False,False
eczema-face-7.jpg,C:/Users/Bautista/Downloads/PrecisionSkin/Classes/Eczema/eczema-face-7.jpg,partial_face,validation,eczema-face-7.jpg,pseudo-label + correct (validation),True,Eczema,False,True
t-05AtopicFace0105042ok.jpg,C:/Users/Bautista/Downloads/PrecisionSkin/Classes/Eczema/t-05AtopicFace0105042ok.jpg,partial_face,test,t-05atopicface0105042ok.jpg,HAND-BOX ONLY (detector test set),False,,False,False
eczema-lids-11.jpg,C:/Users/Bautista/Downloads/PrecisionSkin/Classes/Eczema/eczema-lids-11.jpg,partial_face,validation,eczema-lids-11.jpg,pseudo-label + correct (validation),False,,False,False
t-5T-0007.jpg,C:/Users/Bautista/Downloads/PrecisionSkin/Classes/Eczema/t-5T-0007.jpg,partial_face,test,t-5t-0007.jpg,HAND-BOX ONLY (detector test set),False,,False,False
05atopicFace1003053.jpg,C:/Users/Bautista/Downloads/PrecisionSkin/Classes/Eczema/05atopicFace1003053.jpg,partial_face,validation,05atopicface1003053.jpg,pseudo-label + correct (validation),False,,False,False
05AtopicFace0105040k1.jpg,C:/Users/Bautista/Downloads/PrecisionSkin/Classes/Eczema/05AtopicFace0105040k1.jpg,partial_face,validation,05atopicface0105040k1.jpg,pseudo-label + correct (validation),False,,False,False
AtopicIMG012-GP3 (2).jpeg,C:/Users/Bautista/Downloads/PrecisionSkin/Classes/Eczema/AtopicIMG012-GP3 (2).jpeg,full_face,train,atopicimg012-gp3 (2).jpeg,pseudo-label + correct (training),False,,False,False
12IMG005.jpg,C:/Users/Bautista/Downloads/PrecisionSkin/Classes/Eczema/12IMG005.jpg,partial_face,train,12img005.jpg,pseudo-label + correct (training),False,,False,False
Eczema_72 copy.jpg,C:/Users/Bautista/Downloads/PrecisionSkin/Classes/Eczema/Eczema_72 copy.jpg,close_up_facial,train,eczema_72 copy.jpg,pseudo-label + correct (training),False,,False,False
t-05atopicFace1003053.jpg,C:/Users/Bautista/Downloads/PrecisionSkin/Classes/Eczema/t-05atopicFace1003053.jpg,partial_face,validation,t-05atopicface1003053.jpg,pseudo-label + correct (validation),False,,False,False
2_16 (2).jpg,C:/Users/Bautista/Downloads/PrecisionSkin/Classes/Eczema/2_16 (2).jpg,partial_face,train,2_16 (2).jpg,pseudo-label + correct (training),False,,False,False
Eczema_163.jpg,C:/Users/Bautista/Downloads/PrecisionSkin/Classes/Eczema/Eczema_163.jpg,partial_face,test,eczema_163.jpg,HAND-BOX ONLY (detector test set),False,,False,False
eczema-impetiginized-8.jpg,C:/Users/Bautista/Downloads/PrecisionSkin/Classes/Eczema/eczema-impetiginized-8.jpg,partial_face,validation,eczema-impetiginized-8.jpg,pseudo-label + correct (validation),True,Eczema,False,True
05atopic0124052.jpeg,C:/Users/Bautista/Downloads/PrecisionSkin/Classes/Eczema/05atopic0124052.jpeg,partial_face,validation,05atopic0124052.jpeg,pseudo-label + correct (validation),False,,False,False
eczema-ears-5.jpeg,C:/Users/Bautista/Downloads/PrecisionSkin/Classes/Eczema/eczema-ears-5.jpeg,partial_face,validation,eczema-ears-5.jpeg,pseudo-label + correct (validation),True,Eczema,True,True
0_32 (2).jpg,C:/Users/Bautista/Downloads/PrecisionSkin/Classes/Eczema/0_32 (2).jpg,partial_face,train,0_32 (2).jpg,pseudo-label + correct (training),True,Eczema,False,True
t-05atopic0124052.jpg,C:/Users/Bautista/Downloads/PrecisionSkin/Classes/Eczema/t-05atopic0124052.jpg,partial_face,validation,t-05atopic0124052.jpg,pseudo-label + correct (validation),False,,False,False
26_jpg.rf.9008fe105307e138078c35fbd1948b31 - Copy - Copy.jpg,C:/Users/Bautista/Downloads/PrecisionSkin/Classes/Eczema/26_jpg.rf.9008fe105307e138078c35fbd1948b31 - Copy - Copy.jpg,full_face,test,26_jpg,HAND-BOX ONLY (detector test set),False,,True,True
04acidBurn89-GP3.jpg,C:/Users/Bautista/Downloads/PrecisionSkin/Classes/Eczema/04acidBurn89-GP3.jpg,full_face,train,04acidburn89-gp3.jpg,pseudo-label + correct (training),False,,False,False
t-05Atopic020203.jpg,C:/Users/Bautista/Downloads/PrecisionSkin/Classes/Eczema/t-05Atopic020203.jpg,partial_face,test,t-05atopic020203.jpg,HAND-BOX ONLY (detector test set),False,,False,False
v-7IMG004.jpg,C:/Users/Bautista/Downloads/PrecisionSkin/Classes/Eczema/v-7IMG004.jpg,full_face,test,v-7img004.jpg,HAND-BOX ONLY (detector test set),False,,False,False
v-05atopicDerm040405ok2.jpg,C:/Users/Bautista/Downloads/PrecisionSkin/Classes/Eczema/v-05atopicDerm040405ok2.jpg,partial_face,validation,v-05atopicderm040405ok2.jpg,pseudo-label + correct (validation),False,,False,False
Eczema_282 copy.jpg,C:/Users/Bautista/Downloads/PrecisionSkin/Classes/Eczema/Eczema_282 copy.jpg,partial_face,train,eczema_282 copy.jpg,pseudo-label + correct (training),False,,False,False
05Atopic1006.jpeg,C:/Users/Bautista/Downloads/PrecisionSkin/Classes/Eczema/05Atopic1006.jpeg,full_face,validation,05atopic1006.jpeg,pseudo-label + correct (validation),False,,False,False
Eczema_366 copy.jpg,C:/Users/Bautista/Downloads/PrecisionSkin/Classes/Eczema/Eczema_366 copy.jpg,close_up_facial,test,eczema_366 copy.jpg,HAND-BOX ONLY (detector test set),False,,False,False
0_22 (2).jpg,C:/Users/Bautista/Downloads/PrecisionSkin/Classes/Eczema/0_22 (2).jpg,partial_face,train,0_22 (2).jpg,pseudo-label + correct (training),False,,False,False
05atopicDerm040405ok2 (2).jpeg,C:/Users/Bautista/Downloads/PrecisionSkin/Classes/Eczema/05atopicDerm040405ok2 (2).jpeg,partial_face,validation,05atopicderm040405ok2 (2).jpeg,pseudo-label + correct (validation),False,,False,False
t-05AtopicFace28.jpg,C:/Users/Bautista/Downloads/PrecisionSkin/Classes/Eczema/t-05AtopicFace28.jpg,partial_face,validation,t-05atopicface28.jpg,pseudo-label + correct (validation),False,,False,False
t-13IMG008.jpg,C:/Users/Bautista/Downloads/PrecisionSkin/Classes/Eczema/t-13IMG008.jpg,full_face,train,t-13img008.jpg,pseudo-label + correct (training),False,,False,False
05AtopicFace43.jpeg,C:/Users/Bautista/Downloads/PrecisionSkin/Classes/Eczema/05AtopicFace43.jpeg,partial_face,validation,05atopicface43.jpeg,pseudo-label + correct (validation),False,,False,False
t-7IMG003.jpg,C:/Users/Bautista/Downloads/PrecisionSkin/Classes/Eczema/t-7IMG003.jpg,full_face,train,t-7img003.jpg,pseudo-label + correct (training),False,,False,False
t-eczema-lids-8 (2).jpg,C:/Users/Bautista/Downloads/PrecisionSkin/Classes/Eczema/t-eczema-lids-8 (2).jpg,partial_face,validation,t-eczema-lids-8 (2).jpg,pseudo-label + correct (validation),True,Eczema,False,True
05atopicDerm040405ok2.jpg,C:/Users/Bautista/Downloads/PrecisionSkin/Classes/Eczema/05atopicDerm040405ok2.jpg,partial_face,validation,05atopicderm040405ok2.jpg,pseudo-label + correct (validation),False,,False,False
t-05AtopicFace2.jpg,C:/Users/Bautista/Downloads/PrecisionSkin/Classes/Eczema/t-05AtopicFace2.jpg,partial_face,validation,t-05atopicface2.jpg,pseudo-label + correct (validation),False,,False,False
Eczema_225 copy (2).jpg,C:/Users/Bautista/Downloads/PrecisionSkin/Classes/Eczema/Eczema_225 copy (2).jpg,partial_face,train,eczema_225 copy (2).jpg,pseudo-label + correct (training),False,,False,False
t-eczema-subacute-95 (2).jpg,C:/Users/Bautista/Downloads/PrecisionSkin/Classes/Eczema/t-eczema-subacute-95 (2).jpg,full_face,test,t-eczema-subacute-95 (2).jpg,HAND-BOX ONLY (detector test set),False,,False,False
AtopicIMG012-GP3.jpg,C:/Users/Bautista/Downloads/PrecisionSkin/Classes/Eczema/AtopicIMG012-GP3.jpg,full_face,train,atopicimg012-gp3.jpg,pseudo-label + correct (training),False,,False,False
t-eczema-subacute-62.jpg,C:/Users/Bautista/Downloads/PrecisionSkin/Classes/Eczema/t-eczema-subacute-62.jpg,full_face,validation,t-eczema-subacute-62.jpg,pseudo-label + correct (validation),False,,False,False
05AtopicFaceBaby (2).jpeg,C:/Users/Bautista/Downloads/PrecisionSkin/Classes/Eczema/05AtopicFaceBaby (2).jpeg,partial_face,validation,05atopicfacebaby (2).jpeg,pseudo-label + correct (validation),False,,False,False
05atopicDerm040405ok1.jpeg,C:/Users/Bautista/Downloads/PrecisionSkin/Classes/Eczema/05atopicDerm040405ok1.jpeg,full_face,validation,05atopicderm040405ok1.jpeg,pseudo-label + correct (validation),False,,False,False
05Atopic010203.jpg,C:/Users/Bautista/Downloads/PrecisionSkin/Classes/Eczema/05Atopic010203.jpg,full_face,train,05atopic010203.jpg,pseudo-label + correct (training),False,,False,False
eczema-lids-11 (2).jpg,C:/Users/Bautista/Downloads/PrecisionSkin/Classes/Eczema/eczema-lids-11 (2).jpg,partial_face,validation,eczema-lids-11 (2).jpg,pseudo-label + correct (validation),False,,False,False
t-05Atopic0329041.jpg,C:/Users/Bautista/Downloads/PrecisionSkin/Classes/Eczema/t-05Atopic0329041.jpg,partial_face,validation,t-05atopic0329041.jpg,pseudo-label + correct (validation),False,,False,False
Eczema_112 (2).jpg,C:/Users/Bautista/Downloads/PrecisionSkin/Classes/Eczema/Eczema_112 (2).jpg,partial_face,validation,eczema_112 (2).jpg,pseudo-label + correct (validation),False,,False,False
Eczema_315 copy (2).jpg,C:/Users/Bautista/Downloads/PrecisionSkin/Classes/Eczema/Eczema_315 copy (2).jpg,partial_face,train,eczema_315 copy (2).jpg,pseudo-label + correct (training),False,,False,False
05atopicDerm040405ok (2).jpeg,C:/Users/Bautista/Downloads/PrecisionSkin/Classes/Eczema/05atopicDerm040405ok (2).jpeg,partial_face,validation,05atopicderm040405ok (2).jpeg,pseudo-label + correct (validation),False,,False,False
05AtopicFace2 (2).jpeg,C:/Users/Bautista/Downloads/PrecisionSkin/Classes/Eczema/05AtopicFace2 (2).jpeg,partial_face,validation,05atopicface2 (2).jpeg,pseudo-label + correct (validation),False,,False,False
t-6IMG009.jpg,C:/Users/Bautista/Downloads/PrecisionSkin/Classes/Eczema/t-6IMG009.jpg,partial_face,train,t-6img009.jpg,pseudo-label + correct (training),False,,False,False
14IMG015.jpg,C:/Users/Bautista/Downloads/PrecisionSkin/Classes/Eczema/14IMG015.jpg,full_face,train,14img015.jpg,pseudo-label + correct (training),False,,False,False
-8434543349142752189.png,C:/Users/Bautista/Downloads/PrecisionSkin/Classes/Eczema/-8434543349142752189.png,partial_face,test,-8434543349142752189.png,HAND-BOX ONLY (detector test set),False,,False,False
05atopic0124052.jpg,C:/Users/Bautista/Downloads/PrecisionSkin/Classes/Eczema/05atopic0124052.jpg,partial_face,validation,05atopic0124052.jpg,pseudo-label + correct (validation),False,,False,False
AtopicIMG011-GP3.jpeg,C:/Users/Bautista/Downloads/PrecisionSkin/Classes/Eczema/AtopicIMG011-GP3.jpeg,partial_face,train,atopicimg011-gp3.jpeg,pseudo-label + correct (training),False,,False,False
t-12IMG005.jpg,C:/Users/Bautista/Downloads/PrecisionSkin/Classes/Eczema/t-12IMG005.jpg,partial_face,train,t-12img005.jpg,pseudo-label + correct (training),False,,False,False
t-AtopicIMG011-GP3.jpg,C:/Users/Bautista/Downloads/PrecisionSkin/Classes/Eczema/t-AtopicIMG011-GP3.jpg,partial_face,train,t-atopicimg011-gp3.jpg,pseudo-label + correct (training),False,,False,False
Eczema_4 copy.jpg,C:/Users/Bautista/Downloads/PrecisionSkin/Classes/Eczema/Eczema_4 copy.jpg,partial_face,train,eczema_4 copy.jpg,pseudo-label + correct (training),False,,False,False
Eczema_264 copy.jpg,C:/Users/Bautista/Downloads/PrecisionSkin/Classes/Eczema/Eczema_264 copy.jpg,partial_face,train,eczema_264 copy.jpg,pseudo-label + correct (training),False,,False,False
AtopicIMG012-GP3.jpeg,C:/Users/Bautista/Downloads/PrecisionSkin/Classes/Eczema/AtopicIMG012-GP3.jpeg,full_face,train,atopicimg012-gp3.jpeg,pseudo-label + correct (training),False,,False,False
t-5T-0005.jpg,C:/Users/Bautista/Downloads/PrecisionSkin/Classes/Eczema/t-5T-0005.jpg,full_face,train,t-5t-0005.jpg,pseudo-label + correct (training),False,,False,False
Eczema_46 copy.jpg,C:/Users/Bautista/Downloads/PrecisionSkin/Classes/Eczema/Eczema_46 copy.jpg,partial_face,test,eczema_46 copy.jpg,HAND-BOX ONLY (detector test set),False,,False,False
05AtopicFaceBaby.jpeg,C:/Users/Bautista/Downloads/PrecisionSkin/Classes/Eczema/05AtopicFaceBaby.jpeg,partial_face,validation,05atopicfacebaby.jpeg,pseudo-label + correct (validation),False,,False,False
1IMG002.jpg,C:/Users/Bautista/Downloads/PrecisionSkin/Classes/Eczema/1IMG002.jpg,partial_face,train,1img002.jpg,pseudo-label + correct (training),False,,False,False
eczema-subacute-62.jpeg,C:/Users/Bautista/Downloads/PrecisionSkin/Classes/Eczema/eczema-subacute-62.jpeg,full_face,validation,eczema-subacute-62.jpeg,pseudo-label + correct (validation),False,,False,False
t-05atopicDerm040405ok.jpg,C:/Users/Bautista/Downloads/PrecisionSkin/Classes/Eczema/t-05atopicDerm040405ok.jpg,partial_face,validation,t-05atopicderm040405ok.jpg,pseudo-label + correct (validation),False,,False,False
Eczema_163 (2).jpg,C:/Users/Bautista/Downloads/PrecisionSkin/Classes/Eczema/Eczema_163 (2).jpg,partial_face,test,eczema_163 (2).jpg,HAND-BOX ONLY (detector test set),False,,False,False
-8434543349142752189(1).png,C:/Users/Bautista/Downloads/PrecisionSkin/Classes/Eczema/-8434543349142752189(1).png,partial_face,test,-8434543349142752189(1).png,HAND-BOX ONLY (detector test set),False,,False,False
t-eczema-face-7.jpg,C:/Users/Bautista/Downloads/PrecisionSkin/Classes/Eczema/t-eczema-face-7.jpg,partial_face,validation,t-eczema-face-7.jpg,pseudo-label + correct (validation),True,Eczema,False,True
5T-0006.jpg,C:/Users/Bautista/Downloads/PrecisionSkin/Classes/Eczema/5T-0006.jpg,full_face,train,5t-0006.jpg,pseudo-label + correct (training),True,Eczema,False,True
05keratosisPilaris121304.jpg,C:/Users/Bautista/Downloads/PrecisionSkin/Classes/Eczema/05keratosisPilaris121304.jpg,close_up_facial,train,05keratosispilaris121304.jpg,pseudo-label + correct (training),False,,False,False
IchthosisIMG019-GP3.jpg,C:/Users/Bautista/Downloads/PrecisionSkin/Classes/Eczema/IchthosisIMG019-GP3.jpg,full_face,train,ichthosisimg019-gp3.jpg,pseudo-label + correct (training),False,,False,False
05atopicDerm040405ok.jpeg,C:/Users/Bautista/Downloads/PrecisionSkin/Classes/Eczema/05atopicDerm040405ok.jpeg,partial_face,validation,05atopicderm040405ok.jpeg,pseudo-label + correct (validation),False,,False,False
t-05atopicFace100305.jpg,C:/Users/Bautista/Downloads/PrecisionSkin/Classes/Eczema/t-05atopicFace100305.jpg,partial_face,validation,t-05atopicface100305.jpg,pseudo-label + correct (validation),False,,False,False
05atopicFace1003052.jpeg,C:/Users/Bautista/Downloads/PrecisionSkin/Classes/Eczema/05atopicFace1003052.jpeg,partial_face,validation,05atopicface1003052.jpeg,pseudo-label + correct (validation),False,,False,False
AtopicIMG011-GP3.jpg,C:/Users/Bautista/Downloads/PrecisionSkin/Classes/Eczema/AtopicIMG011-GP3.jpg,partial_face,train,atopicimg011-gp3.jpg,pseudo-label + correct (training),False,,False,False
v-4th1IMG013 - Copy.jpg,C:/Users/Bautista/Downloads/PrecisionSkin/Classes/Eczema/v-4th1IMG013 - Copy.jpg,full_face,test,v-4th1img013 - copy.jpg,HAND-BOX ONLY (detector test set),False,,False,False
t-eczema-subacute-62 (2).jpg,C:/Users/Bautista/Downloads/PrecisionSkin/Classes/Eczema/t-eczema-subacute-62 (2).jpg,full_face,validation,t-eczema-subacute-62 (2).jpg,pseudo-label + correct (validation),False,,False,False
05atopicFace1003052.jpg,C:/Users/Bautista/Downloads/PrecisionSkin/Classes/Eczema/05atopicFace1003052.jpg,partial_face,validation,05atopicface1003052.jpg,pseudo-label + correct (validation),False,,False,False
Eczema_249 copy (2).jpg,C:/Users/Bautista/Downloads/PrecisionSkin/Classes/Eczema/Eczema_249 copy (2).jpg,partial_face,train,eczema_249 copy (2).jpg,pseudo-label + correct (training),False,,False,False
v-eczema-impetiginized-8.jpg,C:/Users/Bautista/Downloads/PrecisionSkin/Classes/Eczema/v-eczema-impetiginized-8.jpg,partial_face,validation,v-eczema-impetiginized-8.jpg,pseudo-label + correct (validation),True,Eczema,False,True
eczema-face-11.jpg,C:/Users/Bautista/Downloads/PrecisionSkin/Classes/Eczema/eczema-face-11.jpg,partial_face,test,eczema-face-11.jpg,HAND-BOX ONLY (detector test set),True,Eczema,True,True
05Atopic010203 (2).jpeg,C:/Users/Bautista/Downloads/PrecisionSkin/Classes/Eczema/05Atopic010203 (2).jpeg,partial_face,train,05atopic010203 (2).jpeg,pseudo-label + correct (training),False,,False,False
Eczema_4 copy (2).jpg,C:/Users/Bautista/Downloads/PrecisionSkin/Classes/Eczema/Eczema_4 copy (2).jpg,partial_face,train,eczema_4 copy (2).jpg,pseudo-label + correct (training),False,,False,False
t-eczema-lids-11.jpg,C:/Users/Bautista/Downloads/PrecisionSkin/Classes/Eczema/t-eczema-lids-11.jpg,partial_face,validation,t-eczema-lids-11.jpg,pseudo-label + correct (validation),False,,False,False
v-4th1IMG008 - Copy.jpg,C:/Users/Bautista/Downloads/PrecisionSkin/Classes/Eczema/v-4th1IMG008 - Copy.jpg,full_face,test,v-4th1img008 - copy.jpg,HAND-BOX ONLY (detector test set),False,,False,False
v-05AtopicFace010504ok.jpg,C:/Users/Bautista/Downloads/PrecisionSkin/Classes/Eczema/v-05AtopicFace010504ok.jpg,partial_face,test,v-05atopicface010504ok.jpg,HAND-BOX ONLY (detector test set),False,,False,False
0_0 (2).jpg,C:/Users/Bautista/Downloads/PrecisionSkin/Classes/Eczema/0_0 (2).jpg,partial_face,train,0_0 (2).jpg,pseudo-label + correct (training),True,Eczema,False,True
05atopicInfection671-GP3.jpg,C:/Users/Bautista/Downloads/PrecisionSkin/Classes/Eczema/05atopicInfection671-GP3.jpg,full_face,validation,05atopicinfection671-gp3.jpg,pseudo-label + correct (validation),False,,False,False
2_7 (2).jpg,C:/Users/Bautista/Downloads/PrecisionSkin/Classes/Eczema/2_7 (2).jpg,close_up_facial,test,2_7 (2).jpg,HAND-BOX ONLY (detector test set),False,,False,False
Eczema_33 copy (2).jpg,C:/Users/Bautista/Downloads/PrecisionSkin/Classes/Eczema/Eczema_33 copy (2).jpg,partial_face,test,eczema_33 copy (2).jpg,HAND-BOX ONLY (detector test set),False,,False,False
Eczema_303.jpg,C:/Users/Bautista/Downloads/PrecisionSkin/Classes/Eczema/Eczema_303.jpg,close_up_facial,train,eczema_303.jpg,pseudo-label + correct (training),False,,False,False
t-eczema-chronic-13.jpg,C:/Users/Bautista/Downloads/PrecisionSkin/Classes/Eczema/t-eczema-chronic-13.jpg,partial_face,test,t-eczema-chronic-13.jpg,HAND-BOX ONLY (detector test set),True,Eczema,False,True
Eczema_79 copy.jpg,C:/Users/Bautista/Downloads/PrecisionSkin/Classes/Eczema/Eczema_79 copy.jpg,close_up_facial,validation,eczema_79 copy.jpg,pseudo-label + correct (validation),False,,False,False
05AtopicFace0105040k1 (2).jpeg,C:/Users/Bautista/Downloads/PrecisionSkin/Classes/Eczema/05AtopicFace0105040k1 (2).jpeg,partial_face,validation,05atopicface0105040k1 (2).jpeg,pseudo-label + correct (validation),False,,False,False
Eczema_107 copy (2).jpg,C:/Users/Bautista/Downloads/PrecisionSkin/Classes/Eczema/Eczema_107 copy (2).jpg,partial_face,train,eczema_107 copy (2).jpg,pseudo-label + correct (training),False,,False,False
05Atopic0329041.jpg,C:/Users/Bautista/Downloads/PrecisionSkin/Classes/Eczema/05Atopic0329041.jpg,partial_face,validation,05atopic0329041.jpg,pseudo-label + correct (validation),False,,False,False
05AtopicMouth54.jpg,C:/Users/Bautista/Downloads/PrecisionSkin/Classes/Eczema/05AtopicMouth54.jpg,close_up_facial,validation,05atopicmouth54.jpg,pseudo-label + correct (validation),False,,False,False
05atopicDerm040405ok2.jpeg,C:/Users/Bautista/Downloads/PrecisionSkin/Classes/Eczema/05atopicDerm040405ok2.jpeg,partial_face,validation,05atopicderm040405ok2.jpeg,pseudo-label + correct (validation),False,,False,False
Eczema_72 copy (2).jpg,C:/Users/Bautista/Downloads/PrecisionSkin/Classes/Eczema/Eczema_72 copy (2).jpg,close_up_facial,train,eczema_72 copy (2).jpg,pseudo-label + correct (training),False,,False,False
13IMG008.jpg,C:/Users/Bautista/Downloads/PrecisionSkin/Classes/Eczema/13IMG008.jpg,full_face,train,13img008.jpg,pseudo-label + correct (training),False,,False,False
2_4.jpg,C:/Users/Bautista/Downloads/PrecisionSkin/Classes/Eczema/2_4.jpg,partial_face,train,2_4.jpg,pseudo-label + correct (training),False,,False,False
05atopicFace100305 (2).jpeg,C:/Users/Bautista/Downloads/PrecisionSkin/Classes/Eczema/05atopicFace100305 (2).jpeg,partial_face,validation,05atopicface100305 (2).jpeg,pseudo-label + correct (validation),False,,False,False
Eczema_221 copy.jpg,C:/Users/Bautista/Downloads/PrecisionSkin/Classes/Eczema/Eczema_221 copy.jpg,partial_face,train,eczema_221 copy.jpg,pseudo-label + correct (training),False,,False,False
v-7IMG004 - Copy.jpg,C:/Users/Bautista/Downloads/PrecisionSkin/Classes/Eczema/v-7IMG004 - Copy.jpg,full_face,test,v-7img004 - copy.jpg,HAND-BOX ONLY (detector test set),False,,False,False
26_jpg.rf.9008fe105307e138078c35fbd1948b31 - Copy.jpg,C:/Users/Bautista/Downloads/PrecisionSkin/Classes/Eczema/26_jpg.rf.9008fe105307e138078c35fbd1948b31 - Copy.jpg,full_face,test,26_jpg,HAND-BOX ONLY (detector test set),False,,True,True
t-7IMG007.jpg,C:/Users/Bautista/Downloads/PrecisionSkin/Classes/Eczema/t-7IMG007.jpg,full_face,train,t-7img007.jpg,pseudo-label + correct (training),False,,False,False
Eczema_215.jpg,C:/Users/Bautista/Downloads/PrecisionSkin/Classes/Eczema/Eczema_215.jpg,partial_face,train,eczema_215.jpg,pseudo-label + correct (training),False,,False,False
Eczema_301 copy.jpg,C:/Users/Bautista/Downloads/PrecisionSkin/Classes/Eczema/Eczema_301 copy.jpg,close_up_facial,train,eczema_301 copy.jpg,pseudo-label + correct (training),False,,False,False
t-26-0004.jpg,C:/Users/Bautista/Downloads/PrecisionSkin/Classes/Eczema/t-26-0004.jpg,full_face,train,t-26-0004.jpg,pseudo-label + correct (training),False,,False,False
05AtopicFace010504ok.jpeg,C:/Users/Bautista/Downloads/PrecisionSkin/Classes/Eczema/05AtopicFace010504ok.jpeg,partial_face,test,05atopicface010504ok.jpeg,HAND-BOX ONLY (detector test set),False,,False,False
05atopicFace100305.jpeg,C:/Users/Bautista/Downloads/PrecisionSkin/Classes/Eczema/05atopicFace100305.jpeg,partial_face,validation,05atopicface100305.jpeg,pseudo-label + correct (validation),False,,False,False
eczema-face-7.jpeg,C:/Users/Bautista/Downloads/PrecisionSkin/Classes/Eczema/eczema-face-7.jpeg,partial_face,validation,eczema-face-7.jpeg,pseudo-label + correct (validation),True,Eczema,False,True
eczema-chronic-13.jpeg,C:/Users/Bautista/Downloads/PrecisionSkin/Classes/Eczema/eczema-chronic-13.jpeg,partial_face,test,eczema-chronic-13.jpeg,HAND-BOX ONLY (detector test set),True,Eczema,False,True
05Atopic0329041.jpeg,C:/Users/Bautista/Downloads/PrecisionSkin/Classes/Eczema/05Atopic0329041.jpeg,partial_face,validation,05atopic0329041.jpeg,pseudo-label + correct (validation),False,,False,False
t-eczema-face-6.jpg,C:/Users/Bautista/Downloads/PrecisionSkin/Classes/Eczema/t-eczema-face-6.jpg,partial_face,test,t-eczema-face-6.jpg,HAND-BOX ONLY (detector test set),True,Eczema,False,True
t-16IMG005.jpg,C:/Users/Bautista/Downloads/PrecisionSkin/Classes/Eczema/t-16IMG005.jpg,full_face,test,t-16img005.jpg,HAND-BOX ONLY (detector test set),False,,False,False
Eczema_378 copy (2).jpg,C:/Users/Bautista/Downloads/PrecisionSkin/Classes/Eczema/Eczema_378 copy (2).jpg,partial_face,test,eczema_378 copy (2).jpg,HAND-BOX ONLY (detector test set),False,,False,False
eczema-impetiginized-8.jpeg,C:/Users/Bautista/Downloads/PrecisionSkin/Classes/Eczema/eczema-impetiginized-8.jpeg,partial_face,validation,eczema-impetiginized-8.jpeg,pseudo-label + correct (validation),True,Eczema,False,True
05atopicFace1003053.jpeg,C:/Users/Bautista/Downloads/PrecisionSkin/Classes/Eczema/05atopicFace1003053.jpeg,partial_face,validation,05atopicface1003053.jpeg,pseudo-label + correct (validation),False,,False,False
05AtopicFace010504ok (2).jpeg,C:/Users/Bautista/Downloads/PrecisionSkin/Classes/Eczema/05AtopicFace010504ok (2).jpeg,partial_face,test,05atopicface010504ok (2).jpeg,HAND-BOX ONLY (detector test set),False,,False,False
05AtopicFace0105043ok (2).jpeg,C:/Users/Bautista/Downloads/PrecisionSkin/Classes/Eczema/05AtopicFace0105043ok (2).jpeg,partial_face,test,05atopicface0105043ok (2).jpeg,HAND-BOX ONLY (detector test set),False,,False,False
eczema-lids-5.jpeg,C:/Users/Bautista/Downloads/PrecisionSkin/Classes/Eczema/eczema-lids-5.jpeg,full_face,validation,eczema-lids-5.jpeg,pseudo-label + correct (validation),False,,False,False
1IMG004.jpg,C:/Users/Bautista/Downloads/PrecisionSkin/Classes/Eczema/1IMG004.jpg,full_face,validation,1img004.jpg,pseudo-label + correct (validation),False,,False,False
Eczema_58 (2).jpg,C:/Users/Bautista/Downloads/PrecisionSkin/Classes/Eczema/Eczema_58 (2).jpg,partial_face,train,eczema_58 (2).jpg,pseudo-label + correct (training),False,,False,False
eczema-acute-22.jpg,C:/Users/Bautista/Downloads/PrecisionSkin/Classes/Eczema/eczema-acute-22.jpg,full_face,test,eczema-acute-22.jpg,HAND-BOX ONLY (detector test set),False,,False,False
2_12.jpg,C:/Users/Bautista/Downloads/PrecisionSkin/Classes/Eczema/2_12.jpg,partial_face,train,2_12.jpg,pseudo-label + correct (training),False,,False,False
05Atopic0329041 (2).jpeg,C:/Users/Bautista/Downloads/PrecisionSkin/Classes/Eczema/05Atopic0329041 (2).jpeg,partial_face,validation,05atopic0329041 (2).jpeg,pseudo-label + correct (validation),False,,False,False
05atopicFace1003052 (2).jpeg,C:/Users/Bautista/Downloads/PrecisionSkin/Classes/Eczema/05atopicFace1003052 (2).jpeg,partial_face,validation,05atopicface1003052 (2).jpeg,pseudo-label + correct (validation),False,,False,False
eczema-face-6.jpeg,C:/Users/Bautista/Downloads/PrecisionSkin/Classes/Eczema/eczema-face-6.jpeg,partial_face,test,eczema-face-6.jpeg,HAND-BOX ONLY (detector test set),True,Eczema,True,True
Eczema_225 copy.jpg,C:/Users/Bautista/Downloads/PrecisionSkin/Classes/Eczema/Eczema_225 copy.jpg,partial_face,train,eczema_225 copy.jpg,pseudo-label + correct (training),False,,False,False
eczema-lids-8.jpeg,C:/Users/Bautista/Downloads/PrecisionSkin/Classes/Eczema/eczema-lids-8.jpeg,partial_face,validation,eczema-lids-8.jpeg,pseudo-label + correct (validation),True,Eczema,True,True
Eczema_315 copy.jpg,C:/Users/Bautista/Downloads/PrecisionSkin/Classes/Eczema/Eczema_315 copy.jpg,partial_face,train,eczema_315 copy.jpg,pseudo-label + correct (training),False,,False,False
Eczema_81 copy.jpg,C:/Users/Bautista/Downloads/PrecisionSkin/Classes/Eczema/Eczema_81 copy.jpg,close_up_facial,test,eczema_81 copy.jpg,HAND-BOX ONLY (detector test set),False,,False,False
t-05atopicDerm040405ok1.jpg,C:/Users/Bautista/Downloads/PrecisionSkin/Classes/Eczema/t-05atopicDerm040405ok1.jpg,full_face,validation,t-05atopicderm040405ok1.jpg,pseudo-label + correct (validation),False,,False,False
05atopicDerm040405ok1.jpg,C:/Users/Bautista/Downloads/PrecisionSkin/Classes/Eczema/05atopicDerm040405ok1.jpg,full_face,validation,05atopicderm040405ok1.jpg,pseudo-label + correct (validation),False,,False,False
5T-0005.jpg,C:/Users/Bautista/Downloads/PrecisionSkin/Classes/Eczema/5T-0005.jpg,full_face,train,5t-0005.jpg,pseudo-label + correct (training),False,,False,False
05Atopic020203 (2).jpeg,C:/Users/Bautista/Downloads/PrecisionSkin/Classes/Eczema/05Atopic020203 (2).jpeg,partial_face,test,05atopic020203 (2).jpeg,HAND-BOX ONLY (detector test set),False,,False,False
t-eczema-lids-5 (2).jpg,C:/Users/Bautista/Downloads/PrecisionSkin/Classes/Eczema/t-eczema-lids-5 (2).jpg,full_face,validation,t-eczema-lids-5 (2).jpg,pseudo-label + correct (validation),False,,False,False
05AtopicFace28 (2).jpeg,C:/Users/Bautista/Downloads/PrecisionSkin/Classes/Eczema/05AtopicFace28 (2).jpeg,partial_face,validation,05atopicface28 (2).jpeg,pseudo-label + correct (validation),False,,False,False
t-eczema-acute-22.jpg,C:/Users/Bautista/Downloads/PrecisionSkin/Classes/Eczema/t-eczema-acute-22.jpg,full_face,test,t-eczema-acute-22.jpg,HAND-BOX ONLY (detector test set),False,,False,False
05AtopicFace28.jpg,C:/Users/Bautista/Downloads/PrecisionSkin/Classes/Eczema/05AtopicFace28.jpg,partial_face,validation,05atopicface28.jpg,pseudo-label + correct (validation),False,,False,False
t-13IMG012.jpg,C:/Users/Bautista/Downloads/PrecisionSkin/Classes/Eczema/t-13IMG012.jpg,full_face,test,t-13img012.jpg,HAND-BOX ONLY (detector test set),False,,False,False
t-eczema-ears-5.jpg,C:/Users/Bautista/Downloads/PrecisionSkin/Classes/Eczema/t-eczema-ears-5.jpg,partial_face,validation,t-eczema-ears-5.jpg,pseudo-label + correct (validation),True,Eczema,False,True
2_4 (2).jpg,C:/Users/Bautista/Downloads/PrecisionSkin/Classes/Eczema/2_4 (2).jpg,partial_face,train,2_4 (2).jpg,pseudo-label + correct (training),False,,False,False
2_1.jpg,C:/Users/Bautista/Downloads/PrecisionSkin/Classes/Eczema/2_1.jpg,partial_face,train,2_1.jpg,pseudo-label + correct (training),False,,False,False
Eczema_249 copy.jpg,C:/Users/Bautista/Downloads/PrecisionSkin/Classes/Eczema/Eczema_249 copy.jpg,partial_face,train,eczema_249 copy.jpg,pseudo-label + correct (training),False,,False,False
eczema-subacute-95.jpg,C:/Users/Bautista/Downloads/PrecisionSkin/Classes/Eczema/eczema-subacute-95.jpg,full_face,test,eczema-subacute-95.jpg,HAND-BOX ONLY (detector test set),False,,False,False
t-05DennieMorganFolds.jpg,C:/Users/Bautista/Downloads/PrecisionSkin/Classes/Eczema/t-05DennieMorganFolds.jpg,partial_face,train,t-05denniemorganfolds.jpg,pseudo-label + correct (training),False,,False,False
t-04acidBurn89-GP3.jpg,C:/Users/Bautista/Downloads/PrecisionSkin/Classes/Eczema/t-04acidBurn89-GP3.jpg,full_face,train,t-04acidburn89-gp3.jpg,pseudo-label + correct (training),False,,False,False
05AtopicFace0105043ok.jpg,C:/Users/Bautista/Downloads/PrecisionSkin/Classes/Eczema/05AtopicFace0105043ok.jpg,partial_face,test,05atopicface0105043ok.jpg,HAND-BOX ONLY (detector test set),False,,False,False
AtopicIMG011-GP3 (2).jpeg,C:/Users/Bautista/Downloads/PrecisionSkin/Classes/Eczema/AtopicIMG011-GP3 (2).jpeg,partial_face,train,atopicimg011-gp3 (2).jpeg,pseudo-label + correct (training),False,,False,False
Eczema_366 copy (2).jpg,C:/Users/Bautista/Downloads/PrecisionSkin/Classes/Eczema/Eczema_366 copy (2).jpg,close_up_facial,test,eczema_366 copy (2).jpg,HAND-BOX ONLY (detector test set),False,,False,False
05atopicFace1003051.jpeg,C:/Users/Bautista/Downloads/PrecisionSkin/Classes/Eczema/05atopicFace1003051.jpeg,partial_face,validation,05atopicface1003051.jpeg,pseudo-label + correct (validation),False,,False,False
Eczema_347 copy.jpg,C:/Users/Bautista/Downloads/PrecisionSkin/Classes/Eczema/Eczema_347 copy.jpg,partial_face,train,eczema_347 copy.jpg,pseudo-label + correct (training),False,,False,False
3Eczema3-023.jpg,C:/Users/Bautista/Downloads/PrecisionSkin/Classes/Eczema/3Eczema3-023.jpg,full_face,train,3eczema3-023.jpg,pseudo-label + correct (training),False,,False,False
05AtopicFace43.jpg,C:/Users/Bautista/Downloads/PrecisionSkin/Classes/Eczema/05AtopicFace43.jpg,partial_face,validation,05atopicface43.jpg,pseudo-label + correct (validation),False,,False,False
05Atopic020203.jpeg,C:/Users/Bautista/Downloads/PrecisionSkin/Classes/Eczema/05Atopic020203.jpeg,partial_face,test,05atopic020203.jpeg,HAND-BOX ONLY (detector test set),False,,False,False
2_12 (2).jpg,C:/Users/Bautista/Downloads/PrecisionSkin/Classes/Eczema/2_12 (2).jpg,partial_face,train,2_12 (2).jpg,pseudo-label + correct (training),False,,False,False
05AtopicFace0105042ok.jpeg,C:/Users/Bautista/Downloads/PrecisionSkin/Classes/Eczema/05AtopicFace0105042ok.jpeg,partial_face,test,05atopicface0105042ok.jpeg,HAND-BOX ONLY (detector test set),False,,False,False
3Eczema3-023 (2).jpeg,C:/Users/Bautista/Downloads/PrecisionSkin/Classes/Eczema/3Eczema3-023 (2).jpeg,full_face,train,3eczema3-023 (2).jpeg,pseudo-label + correct (training),False,,False,False
Eczema_46 copy (2).jpg,C:/Users/Bautista/Downloads/PrecisionSkin/Classes/Eczema/Eczema_46 copy (2).jpg,partial_face,test,eczema_46 copy (2).jpg,HAND-BOX ONLY (detector test set),False,,False,False
Eczema_303 (2).jpg,C:/Users/Bautista/Downloads/PrecisionSkin/Classes/Eczema/Eczema_303 (2).jpg,close_up_facial,train,eczema_303 (2).jpg,pseudo-label + correct (training),False,,False,False
Eczema_264 copy (2).jpg,C:/Users/Bautista/Downloads/PrecisionSkin/Classes/Eczema/Eczema_264 copy (2).jpg,partial_face,train,eczema_264 copy (2).jpg,pseudo-label + correct (training),False,,False,False
t-eczema-face-5.jpg,C:/Users/Bautista/Downloads/PrecisionSkin/Classes/Eczema/t-eczema-face-5.jpg,partial_face,test,t-eczema-face-5.jpg,HAND-BOX ONLY (detector test set),True,Eczema,False,True
05atopicFace041706.jpeg,C:/Users/Bautista/Downloads/PrecisionSkin/Classes/Eczema/05atopicFace041706.jpeg,partial_face,validation,05atopicface041706.jpeg,pseudo-label + correct (validation),False,,False,False
eczema-subacute-62.jpg,C:/Users/Bautista/Downloads/PrecisionSkin/Classes/Eczema/eczema-subacute-62.jpg,full_face,validation,eczema-subacute-62.jpg,pseudo-label + correct (validation),False,,False,False
6IMG009.jpg,C:/Users/Bautista/Downloads/PrecisionSkin/Classes/Eczema/6IMG009.jpg,partial_face,train,6img009.jpg,pseudo-label + correct (training),False,,False,False
eczema-lids-5.jpg,C:/Users/Bautista/Downloads/PrecisionSkin/Classes/Eczema/eczema-lids-5.jpg,full_face,validation,eczema-lids-5.jpg,pseudo-label + correct (validation),False,,False,False
t-05Atopic010203.jpg,C:/Users/Bautista/Downloads/PrecisionSkin/Classes/Eczema/t-05Atopic010203.jpg,full_face,train,t-05atopic010203.jpg,pseudo-label + correct (training),False,,False,False
05atopicDerm040405ok1 (2).jpeg,C:/Users/Bautista/Downloads/PrecisionSkin/Classes/Eczema/05atopicDerm040405ok1 (2).jpeg,full_face,validation,05atopicderm040405ok1 (2).jpeg,pseudo-label + correct (validation),False,,False,False
26-0004.jpg,C:/Users/Bautista/Downloads/PrecisionSkin/Classes/Eczema/26-0004.jpg,full_face,train,26-0004.jpg,pseudo-label + correct (training),False,,False,False
t-eczema-lids-11 (2).jpg,C:/Users/Bautista/Downloads/PrecisionSkin/Classes/Eczema/t-eczema-lids-11 (2).jpg,partial_face,validation,t-eczema-lids-11 (2).jpg,pseudo-label + correct (validation),False,,False,False
13IMG012.jpg,C:/Users/Bautista/Downloads/PrecisionSkin/Classes/Eczema/13IMG012.jpg,full_face,test,13img012.jpg,HAND-BOX ONLY (detector test set),False,,False,False
t-eczema-face-11.jpg,C:/Users/Bautista/Downloads/PrecisionSkin/Classes/Eczema/t-eczema-face-11.jpg,partial_face,test,t-eczema-face-11.jpg,HAND-BOX ONLY (detector test set),True,Eczema,False,True
Eczema_282 copy (2).jpg,C:/Users/Bautista/Downloads/PrecisionSkin/Classes/Eczema/Eczema_282 copy (2).jpg,partial_face,train,eczema_282 copy (2).jpg,pseudo-label + correct (training),False,,False,False
v-05atopicDerm040405ok2 - Copy.jpg,C:/Users/Bautista/Downloads/PrecisionSkin/Classes/Eczema/v-05atopicDerm040405ok2 - Copy.jpg,partial_face,validation,v-05atopicderm040405ok2 - copy.jpg,pseudo-label + correct (validation),False,,False,False
t-05AtopicFaceBaby.jpg,C:/Users/Bautista/Downloads/PrecisionSkin/Classes/Eczema/t-05AtopicFaceBaby.jpg,partial_face,validation,t-05atopicfacebaby.jpg,pseudo-label + correct (validation),False,,False,False
t-05keratosisPilaris121304.jpg,C:/Users/Bautista/Downloads/PrecisionSkin/Classes/Eczema/t-05keratosisPilaris121304.jpg,close_up_facial,train,t-05keratosispilaris121304.jpg,pseudo-label + correct (training),False,,False,False
05AtopicMouth54.jpeg,C:/Users/Bautista/Downloads/PrecisionSkin/Classes/Eczema/05AtopicMouth54.jpeg,close_up_facial,validation,05atopicmouth54.jpeg,pseudo-label + correct (validation),False,,False,False
05AtopicFaceBaby1 (2).jpeg,C:/Users/Bautista/Downloads/PrecisionSkin/Classes/Eczema/05AtopicFaceBaby1 (2).jpeg,partial_face,validation,05atopicfacebaby1 (2).jpeg,pseudo-label + correct (validation),False,,False,False
2_16.jpg,C:/Users/Bautista/Downloads/PrecisionSkin/Classes/Eczema/2_16.jpg,partial_face,train,2_16.jpg,pseudo-label + correct (training),False,,False,False
5T-0004.jpg,C:/Users/Bautista/Downloads/PrecisionSkin/Classes/Eczema/5T-0004.jpg,full_face,train,5t-0004.jpg,pseudo-label + correct (training),False,,False,False
16IMG005.jpg,C:/Users/Bautista/Downloads/PrecisionSkin/Classes/Eczema/16IMG005.jpg,full_face,test,16img005.jpg,HAND-BOX ONLY (detector test set),False,,False,False
05Atopic1006.jpg,C:/Users/Bautista/Downloads/PrecisionSkin/Classes/Eczema/05Atopic1006.jpg,full_face,validation,05atopic1006.jpg,pseudo-label + correct (validation),False,,False,False
05AtopicFace2.jpeg,C:/Users/Bautista/Downloads/PrecisionSkin/Classes/Eczema/05AtopicFace2.jpeg,partial_face,validation,05atopicface2.jpeg,pseudo-label + correct (validation),False,,False,False
Eczema_8 copy (2).jpg,C:/Users/Bautista/Downloads/PrecisionSkin/Classes/Eczema/Eczema_8 copy (2).jpg,partial_face,test,eczema_8 copy (2).jpg,HAND-BOX ONLY (detector test set),False,,False,False
05atopicFace1003051.jpg,C:/Users/Bautista/Downloads/PrecisionSkin/Classes/Eczema/05atopicFace1003051.jpg,partial_face,validation,05atopicface1003051.jpg,pseudo-label + correct (validation),False,,False,False
eczema-lids-8.jpg,C:/Users/Bautista/Downloads/PrecisionSkin/Classes/Eczema/eczema-lids-8.jpg,partial_face,validation,eczema-lids-8.jpg,pseudo-label + correct (validation),True,Eczema,True,True
4th1IMG008.jpg,C:/Users/Bautista/Downloads/PrecisionSkin/Classes/Eczema/4th1IMG008.jpg,full_face,test,4th1img008.jpg,HAND-BOX ONLY (detector test set),False,,False,False
3IMG014.jpg,C:/Users/Bautista/Downloads/PrecisionSkin/Classes/Eczema/3IMG014.jpg,partial_face,test,3img014.jpg,HAND-BOX ONLY (detector test set),False,,False,False
Eczema_112.jpg,C:/Users/Bautista/Downloads/PrecisionSkin/Classes/Eczema/Eczema_112.jpg,partial_face,validation,eczema_112.jpg,pseudo-label + correct (validation),False,,False,False
t-eczema-lids-5.jpg,C:/Users/Bautista/Downloads/PrecisionSkin/Classes/Eczema/t-eczema-lids-5.jpg,full_face,validation,t-eczema-lids-5.jpg,pseudo-label + correct (validation),False,,False,False
Eczema_152 copy.jpg,C:/Users/Bautista/Downloads/PrecisionSkin/Classes/Eczema/Eczema_152 copy.jpg,close_up_facial,train,eczema_152 copy.jpg,pseudo-label + correct (training),False,,False,False
05keratosisPilaris0508062.jpg,C:/Users/Bautista/Downloads/PrecisionSkin/Classes/Eczema/05keratosisPilaris0508062.jpg,close_up_facial,train,05keratosispilaris0508062.jpg,pseudo-label + correct (training),False,,False,False
Eczema_194 copy.jpg,C:/Users/Bautista/Downloads/PrecisionSkin/Classes/Eczema/Eczema_194 copy.jpg,close_up_facial,train,eczema_194 copy.jpg,pseudo-label + correct (training),False,,False,False
t-factitial-dermatitis-8.jpg,C:/Users/Bautista/Downloads/PrecisionSkin/Classes/Eczema/t-factitial-dermatitis-8.jpg,close_up_facial,train,t-factitial-dermatitis-8.jpg,pseudo-label + correct (training),False,,False,False
6IMG006.jpg,C:/Users/Bautista/Downloads/PrecisionSkin/Classes/Eczema/6IMG006.jpg,close_up_facial,train,6img006.jpg,pseudo-label + correct (training),False,,False,False
Eczema_89 copy (2).jpg,C:/Users/Bautista/Downloads/PrecisionSkin/Classes/Eczema/Eczema_89 copy (2).jpg,close_up_facial,train,eczema_89 copy (2).jpg,pseudo-label + correct (training),False,,False,False
Eczema_328 copy.jpg,C:/Users/Bautista/Downloads/PrecisionSkin/Classes/Eczema/Eczema_328 copy.jpg,close_up_facial,train,eczema_328 copy.jpg,pseudo-label + correct (training),False,,False,False
Eczema_85 copy.jpg,C:/Users/Bautista/Downloads/PrecisionSkin/Classes/Eczema/Eczema_85 copy.jpg,close_up_facial,train,eczema_85 copy.jpg,pseudo-label + correct (training),False,,False,False
eczema-face-10.jpeg,C:/Users/Bautista/Downloads/PrecisionSkin/Classes/Eczema/eczema-face-10.jpeg,close_up_facial,train,eczema-face-10.jpeg,pseudo-label + correct (training),True,Eczema,True,True
05keratosisPilaris0207051.jpg,C:/Users/Bautista/Downloads/PrecisionSkin/Classes/Eczema/05keratosisPilaris0207051.jpg,close_up_facial,train,05keratosispilaris0207051.jpg,pseudo-label + correct (training),False,,False,False
Eczema_45 copy.jpg,C:/Users/Bautista/Downloads/PrecisionSkin/Classes/Eczema/Eczema_45 copy.jpg,close_up_facial,train,eczema_45 copy.jpg,pseudo-label + correct (training),False,,False,False
Eczema_99 copy.jpg,C:/Users/Bautista/Downloads/PrecisionSkin/Classes/Eczema/Eczema_99 copy.jpg,close_up_facial,train,eczema_99 copy.jpg,pseudo-label + correct (training),False,,False,False
eczema-face-9.jpg,C:/Users/Bautista/Downloads/PrecisionSkin/Classes/Eczema/eczema-face-9.jpg,close_up_facial,train,eczema-face-9.jpg,pseudo-label + correct (training),True,Eczema,True,True
t-eczema-face-10.jpg,C:/Users/Bautista/Downloads/PrecisionSkin/Classes/Eczema/t-eczema-face-10.jpg,close_up_facial,train,t-eczema-face-10.jpg,pseudo-label + correct (training),True,Eczema,False,True
Eczema_75 copy (2).jpg,C:/Users/Bautista/Downloads/PrecisionSkin/Classes/Eczema/Eczema_75 copy (2).jpg,close_up_facial,train,eczema_75 copy (2).jpg,pseudo-label + correct (training),False,,False,False
v-05KeratosisPilaris1.jpg,C:/Users/Bautista/Downloads/PrecisionSkin/Classes/Eczema/v-05KeratosisPilaris1.jpg,close_up_facial,train,v-05keratosispilaris1.jpg,pseudo-label + correct (training),False,,False,False
Eczema_367 copy.jpg,C:/Users/Bautista/Downloads/PrecisionSkin/Classes/Eczema/Eczema_367 copy.jpg,close_up_facial,train,eczema_367 copy.jpg,pseudo-label + correct (training),False,,False,False
05keratosisPilaris0807063.jpg,C:/Users/Bautista/Downloads/PrecisionSkin/Classes/Eczema/05keratosisPilaris0807063.jpg,close_up_facial,train,05keratosispilaris0807063.jpg,pseudo-label + correct (training),False,,False,False
05keratosisPilaris1213041.jpg,C:/Users/Bautista/Downloads/PrecisionSkin/Classes/Eczema/05keratosisPilaris1213041.jpg,close_up_facial,train,05keratosispilaris1213041.jpg,pseudo-label + correct (training),False,,False,False
Eczema_60 copy (2).jpg,C:/Users/Bautista/Downloads/PrecisionSkin/Classes/Eczema/Eczema_60 copy (2).jpg,close_up_facial,train,eczema_60 copy (2).jpg,pseudo-label + correct (training),False,,False,False
eczema-face-9 (2).jpeg,C:/Users/Bautista/Downloads/PrecisionSkin/Classes/Eczema/eczema-face-9 (2).jpeg,close_up_facial,train,eczema-face-9 (2).jpeg,pseudo-label + correct (training),True,Eczema,False,True
Eczema_395 copy (2).jpg,C:/Users/Bautista/Downloads/PrecisionSkin/Classes/Eczema/Eczema_395 copy (2).jpg,close_up_facial,train,eczema_395 copy (2).jpg,pseudo-label + correct (training),False,,False,False
eczema-face-9.jpeg,C:/Users/Bautista/Downloads/PrecisionSkin/Classes/Eczema/eczema-face-9.jpeg,close_up_facial,train,eczema-face-9.jpeg,pseudo-label + correct (training),True,Eczema,True,True
Eczema_392 copy (2).jpg,C:/Users/Bautista/Downloads/PrecisionSkin/Classes/Eczema/Eczema_392 copy (2).jpg,close_up_facial,train,eczema_392 copy (2).jpg,pseudo-label + correct (training),False,,False,False
Eczema_374 (2).jpg,C:/Users/Bautista/Downloads/PrecisionSkin/Classes/Eczema/Eczema_374 (2).jpg,close_up_facial,train,eczema_374 (2).jpg,pseudo-label + correct (training),False,,False,False
Eczema_24 copy.jpg,C:/Users/Bautista/Downloads/PrecisionSkin/Classes/Eczema/Eczema_24 copy.jpg,close_up_facial,train,eczema_24 copy.jpg,pseudo-label + correct (training),False,,False,False
Eczema_361 copy.jpg,C:/Users/Bautista/Downloads/PrecisionSkin/Classes/Eczema/Eczema_361 copy.jpg,close_up_facial,train,eczema_361 copy.jpg,pseudo-label + correct (training),False,,False,False
Eczema_390 copy.jpg,C:/Users/Bautista/Downloads/PrecisionSkin/Classes/Eczema/Eczema_390 copy.jpg,close_up_facial,train,eczema_390 copy.jpg,pseudo-label + correct (training),False,,False,False
Eczema_235 copy (2).jpg,C:/Users/Bautista/Downloads/PrecisionSkin/Classes/Eczema/Eczema_235 copy (2).jpg,close_up_facial,train,eczema_235 copy (2).jpg,pseudo-label + correct (training),False,,False,False
Eczema_381 copy.jpg,C:/Users/Bautista/Downloads/PrecisionSkin/Classes/Eczema/Eczema_381 copy.jpg,close_up_facial,train,eczema_381 copy.jpg,pseudo-label + correct (training),False,,False,False
0_25.jpg,C:/Users/Bautista/Downloads/PrecisionSkin/Classes/Eczema/0_25.jpg,close_up_facial,train,0_25.jpg,pseudo-label + correct (training),True,Eczema,False,True
Eczema_123 copy (2).jpg,C:/Users/Bautista/Downloads/PrecisionSkin/Classes/Eczema/Eczema_123 copy (2).jpg,close_up_facial,train,eczema_123 copy (2).jpg,pseudo-label + correct (training),False,,False,False
Eczema_242 copy.jpg,C:/Users/Bautista/Downloads/PrecisionSkin/Classes/Eczema/Eczema_242 copy.jpg,close_up_facial,train,eczema_242 copy.jpg,pseudo-label + correct (training),False,,False,False
05atopic0327061.jpeg,C:/Users/Bautista/Downloads/PrecisionSkin/Classes/Eczema/05atopic0327061.jpeg,close_up_facial,train,05atopic0327061.jpeg,pseudo-label + correct (training),False,,False,False
Eczema_307 copy (2).jpg,C:/Users/Bautista/Downloads/PrecisionSkin/Classes/Eczema/Eczema_307 copy (2).jpg,close_up_facial,train,eczema_307 copy (2).jpg,pseudo-label + correct (training),False,,False,False
t-05Atopic030203.jpg,C:/Users/Bautista/Downloads/PrecisionSkin/Classes/Eczema/t-05Atopic030203.jpg,close_up_facial,train,t-05atopic030203.jpg,pseudo-label + correct (training),False,,False,False
Eczema_312 copy (2).jpg,C:/Users/Bautista/Downloads/PrecisionSkin/Classes/Eczema/Eczema_312 copy (2).jpg,close_up_facial,train,eczema_312 copy (2).jpg,pseudo-label + correct (training),False,,False,False
Eczema_80 copy.jpg,C:/Users/Bautista/Downloads/PrecisionSkin/Classes/Eczema/Eczema_80 copy.jpg,close_up_facial,train,eczema_80 copy.jpg,pseudo-label + correct (training),False,,False,False
Eczema_349 (2).jpg,C:/Users/Bautista/Downloads/PrecisionSkin/Classes/Eczema/Eczema_349 (2).jpg,close_up_facial,train,eczema_349 (2).jpg,pseudo-label + correct (training),False,,False,False
Eczema_65.jpg,C:/Users/Bautista/Downloads/PrecisionSkin/Classes/Eczema/Eczema_65.jpg,close_up_facial,train,eczema_65.jpg,pseudo-label + correct (training),False,,False,False
Eczema_223.jpg,C:/Users/Bautista/Downloads/PrecisionSkin/Classes/Eczema/Eczema_223.jpg,close_up_facial,train,eczema_223.jpg,pseudo-label + correct (training),False,,False,False
eczema-nummular-132 (2).jpg,C:/Users/Bautista/Downloads/PrecisionSkin/Classes/Eczema/eczema-nummular-132 (2).jpg,close_up_facial,train,eczema-nummular-132 (2).jpg,pseudo-label + correct (training),False,,False,False
Eczema_90 copy.jpg,C:/Users/Bautista/Downloads/PrecisionSkin/Classes/Eczema/Eczema_90 copy.jpg,close_up_facial,train,eczema_90 copy.jpg,pseudo-label + correct (training),False,,False,False
Eczema_91 copy (2).jpg,C:/Users/Bautista/Downloads/PrecisionSkin/Classes/Eczema/Eczema_91 copy (2).jpg,close_up_facial,train,eczema_91 copy (2).jpg,pseudo-label + correct (training),False,,False,False
Eczema_155 copy.jpg,C:/Users/Bautista/Downloads/PrecisionSkin/Classes/Eczema/Eczema_155 copy.jpg,close_up_facial,train,eczema_155 copy.jpg,pseudo-label + correct (training),False,,False,False
Eczema_88 (2).jpg,C:/Users/Bautista/Downloads/PrecisionSkin/Classes/Eczema/Eczema_88 (2).jpg,close_up_facial,train,eczema_88 (2).jpg,pseudo-label + correct (training),False,,False,False
Eczema_94 copy.jpg,C:/Users/Bautista/Downloads/PrecisionSkin/Classes/Eczema/Eczema_94 copy.jpg,close_up_facial,train,eczema_94 copy.jpg,pseudo-label + correct (training),False,,False,False
eczema-nummular-82.jpg,C:/Users/Bautista/Downloads/PrecisionSkin/Classes/Eczema/eczema-nummular-82.jpg,close_up_facial,train,eczema-nummular-82.jpg,pseudo-label + correct (training),False,,False,False
Eczema_346 copy (2).jpg,C:/Users/Bautista/Downloads/PrecisionSkin/Classes/Eczema/Eczema_346 copy (2).jpg,close_up_facial,train,eczema_346 copy (2).jpg,pseudo-label + correct (training),False,,False,False
Eczema_164 copy (2).jpg,C:/Users/Bautista/Downloads/PrecisionSkin/Classes/Eczema/Eczema_164 copy (2).jpg,close_up_facial,train,eczema_164 copy (2).jpg,pseudo-label + correct (training),False,,False,False
Eczema_124.jpg,C:/Users/Bautista/Downloads/PrecisionSkin/Classes/Eczema/Eczema_124.jpg,close_up_facial,train,eczema_124.jpg,pseudo-label + correct (training),False,,False,False
Eczema_202 copy.jpg,C:/Users/Bautista/Downloads/PrecisionSkin/Classes/Eczema/Eczema_202 copy.jpg,close_up_facial,train,eczema_202 copy.jpg,pseudo-label + correct (training),False,,False,False
Eczema_127 copy.jpg,C:/Users/Bautista/Downloads/PrecisionSkin/Classes/Eczema/Eczema_127 copy.jpg,close_up_facial,train,eczema_127 copy.jpg,pseudo-label + correct (training),False,,False,False
05Atopic030203.jpg,C:/Users/Bautista/Downloads/PrecisionSkin/Classes/Eczema/05Atopic030203.jpg,close_up_facial,train,05atopic030203.jpg,pseudo-label + correct (training),False,,False,False
Eczema_388 copy (2).jpg,C:/Users/Bautista/Downloads/PrecisionSkin/Classes/Eczema/Eczema_388 copy (2).jpg,close_up_facial,train,eczema_388 copy (2).jpg,pseudo-label + correct (training),False,,False,False
Eczema_96 copy (2).jpg,C:/Users/Bautista/Downloads/PrecisionSkin/Classes/Eczema/Eczema_96 copy (2).jpg,close_up_facial,train,eczema_96 copy (2).jpg,pseudo-label + correct (training),False,,False,False
Eczema_397 copy.jpg,C:/Users/Bautista/Downloads/PrecisionSkin/Classes/Eczema/Eczema_397 copy.jpg,close_up_facial,train,eczema_397 copy.jpg,pseudo-label + correct (training),False,,False,False
Eczema_146 copy.jpg,C:/Users/Bautista/Downloads/PrecisionSkin/Classes/Eczema/Eczema_146 copy.jpg,close_up_facial,train,eczema_146 copy.jpg,pseudo-label + correct (training),False,,False,False
Eczema_2 copy.jpg,C:/Users/Bautista/Downloads/PrecisionSkin/Classes/Eczema/Eczema_2 copy.jpg,close_up_facial,train,eczema_2 copy.jpg,pseudo-label + correct (training),False,,False,False
v-05KeratosisPilaris1 - Copy.jpg,C:/Users/Bautista/Downloads/PrecisionSkin/Classes/Eczema/v-05KeratosisPilaris1 - Copy.jpg,close_up_facial,train,v-05keratosispilaris1 - copy.jpg,pseudo-label + correct (training),False,,False,False
Eczema_237 copy.jpg,C:/Users/Bautista/Downloads/PrecisionSkin/Classes/Eczema/Eczema_237 copy.jpg,close_up_facial,train,eczema_237 copy.jpg,pseudo-label + correct (training),False,,False,False
Eczema_376 copy (2).jpg,C:/Users/Bautista/Downloads/PrecisionSkin/Classes/Eczema/Eczema_376 copy (2).jpg,close_up_facial,train,eczema_376 copy (2).jpg,pseudo-label + correct (training),False,,False,False
