filename,local_path_windows,image_type,classifier_split,source_photo_key,role_for_detector,has_boxed_twin,twin_condition,name_match,boxed_already
melasma33_jpg.rf.c74a19518d7654015b57e4a7ca39f3a7.jpg,C:/Users/Bautista/Downloads/PrecisionSkin/Classes/Hyperpigmentation/melasma33_jpg.rf.c74a19518d7654015b57e4a7ca39f3a7.jpg,full_face,train,melasma33_jpg,pseudo-label + correct (training),True,Hyperpigmentation,True,True
aug_0_6951.jpg,C:/Users/Bautista/Downloads/PrecisionSkin/Classes/Hyperpigmentation/aug_0_6951.jpg,close_up_facial,train,aug_0_6951.jpg,pseudo-label + correct (training),False,,False,False
aug_0_1163.jpg,C:/Users/Bautista/Downloads/PrecisionSkin/Classes/Hyperpigmentation/aug_0_1163.jpg,partial_face,train,aug_0_1163.jpg,pseudo-label + correct (training),False,,False,False
272_left_png.rf.97dedd54916446c809260c3597b0b530.jpg,C:/Users/Bautista/Downloads/PrecisionSkin/Classes/Hyperpigmentation/272_left_png.rf.97dedd54916446c809260c3597b0b530.jpg,partial_face,train,272_left_png,pseudo-label + correct (training),True,Hyperpigmentation,True,True
image-32-1-_jpg.rf.910fe67017c6aa1b05e9087a313fc5fa.jpg,C:/Users/Bautista/Downloads/PrecisionSkin/Classes/Hyperpigmentation/image-32-1-_jpg.rf.910fe67017c6aa1b05e9087a313fc5fa.jpg,close_up_facial,train,image-32-1-_jpg,pseudo-label + correct (training),True,Hyperpigmentation,True,True
aug_0_8155.jpg,C:/Users/Bautista/Downloads/PrecisionSkin/Classes/Hyperpigmentation/aug_0_8155.jpg,partial_face,train,aug_0_8155.jpg,pseudo-label + correct (training),False,,False,False
3157fe36-fb8f-4961-bc3c-79377fd53cd7_jpg.rf.214a9c5d582ac93cdef50f322eac75b6.jpg,C:/Users/Bautista/Downloads/PrecisionSkin/Classes/Hyperpigmentation/3157fe36-fb8f-4961-bc3c-79377fd53cd7_jpg.rf.214a9c5d582ac93cdef50f322eac75b6.jpg,close_up_facial,train,3157fe36-fb8f-4961-bc3c-79377fd53cd7_jpg,pseudo-label + correct (training),False,,False,False
Copy-of-melasma52_jpg.rf.d91f126e7cc47febb15c63acff21529c.jpg,C:/Users/Bautista/Downloads/PrecisionSkin/Classes/Hyperpigmentation/Copy-of-melasma52_jpg.rf.d91f126e7cc47febb15c63acff21529c.jpg,partial_face,train,copy-of-melasma52_jpg,pseudo-label + correct (training),True,Hyperpigmentation,True,True
aug_0_9636.jpg,C:/Users/Bautista/Downloads/PrecisionSkin/Classes/Hyperpigmentation/aug_0_9636.jpg,partial_face,train,aug_0_9636.jpg,pseudo-label + correct (training),False,,False,False
114_jpg.rf.2cfbf9660eb8b8cbcb907f1fb5ee78b9.jpg,C:/Users/Bautista/Downloads/PrecisionSkin/Classes/Hyperpigmentation/114_jpg.rf.2cfbf9660eb8b8cbcb907f1fb5ee78b9.jpg,partial_face,train,114_jpg,pseudo-label + correct (training),False,,True,True
melasma49_jpg.rf.7aa8943cb072e93832449f3cd67b48d4.jpg,C:/Users/Bautista/Downloads/PrecisionSkin/Classes/Hyperpigmentation/melasma49_jpg.rf.7aa8943cb072e93832449f3cd67b48d4.jpg,full_face,train,melasma49_jpg,pseudo-label + correct (training),False,,True,True
180_left_png.rf.a64a2949841b264cf578f52c84cf4a06.jpg,C:/Users/Bautista/Downloads/PrecisionSkin/Classes/Hyperpigmentation/180_left_png.rf.a64a2949841b264cf578f52c84cf4a06.jpg,close_up_facial,train,180_left_png,pseudo-label + correct (training),True,Hyperpigmentation,True,True
melasma37_jpg.rf.685f0f8ffb9019c2755492302bac8efb.jpg,C:/Users/Bautista/Downloads/PrecisionSkin/Classes/Hyperpigmentation/melasma37_jpg.rf.685f0f8ffb9019c2755492302bac8efb.jpg,full_face,train,melasma37_jpg,pseudo-label + correct (training),False,,True,True
aug_0_1899.jpg,C:/Users/Bautista/Downloads/PrecisionSkin/Classes/Hyperpigmentation/aug_0_1899.jpg,partial_face,train,aug_0_1899.jpg,pseudo-label + correct (training),False,,False,False
77251e7e-eaf9-493b-b4cd-a261ca6b1a14.jpg,C:/Users/Bautista/Downloads/PrecisionSkin/Classes/Hyperpigmentation/77251e7e-eaf9-493b-b4cd-a261ca6b1a14.jpg,partial_face,train,77251e7e-eaf9-493b-b4cd-a261ca6b1a14.jpg,pseudo-label + correct (training),False,,False,False
melasma14_png.rf.e479345391b13b8907f13a9898d50b59.jpg,C:/Users/Bautista/Downloads/PrecisionSkin/Classes/Hyperpigmentation/melasma14_png.rf.e479345391b13b8907f13a9898d50b59.jpg,full_face,train,melasma14_png,pseudo-label + correct (training),False,,True,True
image-98_jpg.rf.e73489a58b4aceccaffb730abf82658b.jpg,C:/Users/Bautista/Downloads/PrecisionSkin/Classes/Hyperpigmentation/image-98_jpg.rf.e73489a58b4aceccaffb730abf82658b.jpg,partial_face,train,image-98_jpg,pseudo-label + correct (training),False,,True,True
image-78_jpg.rf.f9a55c9c7ac19270753c367ed5a94c7b.jpg,C:/Users/Bautista/Downloads/PrecisionSkin/Classes/Hyperpigmentation/image-78_jpg.rf.f9a55c9c7ac19270753c367ed5a94c7b.jpg,close_up_facial,train,image-78_jpg,pseudo-label + correct (training),True,Hyperpigmentation,True,True
aug_0_2335.jpg,C:/Users/Bautista/Downloads/PrecisionSkin/Classes/Hyperpigmentation/aug_0_2335.jpg,partial_face,train,aug_0_2335.jpg,pseudo-label + correct (training),False,,False,False
image-22-2-_jpg.rf.3bc7830b06b551516581ef7343cb9a3c.jpg,C:/Users/Bautista/Downloads/PrecisionSkin/Classes/Hyperpigmentation/image-22-2-_jpg.rf.3bc7830b06b551516581ef7343cb9a3c.jpg,close_up_facial,train,image-22-2-_jpg,pseudo-label + correct (training),True,Hyperpigmentation,True,True
ofckuw4n1f5EhqQ1M9j-o_jpg.rf.98705fc0b3f81f46809fabea941368ab.jpg,C:/Users/Bautista/Downloads/PrecisionSkin/Classes/Hyperpigmentation/ofckuw4n1f5EhqQ1M9j-o_jpg.rf.98705fc0b3f81f46809fabea941368ab.jpg,partial_face,train,ofckuw4n1f5ehqq1m9j-o_jpg,pseudo-label + correct (training),True,Hyperpigmentation,True,True
5f292e0e-5fcb-4ddb-a380-c4834263bc4f.jpg,C:/Users/Bautista/Downloads/PrecisionSkin/Classes/Hyperpigmentation/5f292e0e-5fcb-4ddb-a380-c4834263bc4f.jpg,partial_face,train,5f292e0e-5fcb-4ddb-a380-c4834263bc4f.jpg,pseudo-label + correct (training),False,,False,False
aug_0_9960.jpg,C:/Users/Bautista/Downloads/PrecisionSkin/Classes/Hyperpigmentation/aug_0_9960.jpg,partial_face,train,aug_0_9960.jpg,pseudo-label + correct (training),False,,False,False
image-31-1-_jpg.rf.bb94b34f749390a87c83ee6d8c3c4bcd.jpg,C:/Users/Bautista/Downloads/PrecisionSkin/Classes/Hyperpigmentation/image-31-1-_jpg.rf.bb94b34f749390a87c83ee6d8c3c4bcd.jpg,close_up_facial,train,image-31-1-_jpg,pseudo-label + correct (training),True,Hyperpigmentation,True,True
173_left_png.rf.2bdf722c01bda228754c2fdf981f622f.jpg,C:/Users/Bautista/Downloads/PrecisionSkin/Classes/Hyperpigmentation/173_left_png.rf.2bdf722c01bda228754c2fdf981f622f.jpg,full_face,train,173_left_png,pseudo-label + correct (training),False,,True,True
melasma53_png_jpg.rf.1528c0a24d322efb9d271e60b20eca3b.jpg,C:/Users/Bautista/Downloads/PrecisionSkin/Classes/Hyperpigmentation/melasma53_png_jpg.rf.1528c0a24d322efb9d271e60b20eca3b.jpg,full_face,train,melasma53_png_jpg,pseudo-label + correct (training),False,,True,True
90_jpg.rf.df848efd7139a0b7772dfa70f8d6e89a.jpg,C:/Users/Bautista/Downloads/PrecisionSkin/Classes/Hyperpigmentation/90_jpg.rf.df848efd7139a0b7772dfa70f8d6e89a.jpg,partial_face,train,90_jpg,pseudo-label + correct (training),False,,True,True
image-104-1-_jpg.rf.ef744af7e03c4c3d6d3201d139cd6c45.jpg,C:/Users/Bautista/Downloads/PrecisionSkin/Classes/Hyperpigmentation/image-104-1-_jpg.rf.ef744af7e03c4c3d6d3201d139cd6c45.jpg,close_up_facial,train,image-104-1-_jpg,pseudo-label + correct (training),True,Hyperpigmentation,True,True
melasma-40_jpg.rf.5547fdfa3c13928659fd48575b9cbde4.jpg,C:/Users/Bautista/Downloads/PrecisionSkin/Classes/Hyperpigmentation/melasma-40_jpg.rf.5547fdfa3c13928659fd48575b9cbde4.jpg,partial_face,train,melasma-40_jpg,pseudo-label + correct (training),False,,True,True
melasma43_jpg.rf.72113aafcb2f189ee6647301f34186e6.jpg,C:/Users/Bautista/Downloads/PrecisionSkin/Classes/Hyperpigmentation/melasma43_jpg.rf.72113aafcb2f189ee6647301f34186e6.jpg,full_face,train,melasma43_jpg,pseudo-label + correct (training),True,Hyperpigmentation,True,True
79_jpg.rf.f4e767cf81f607ab057560217ab2b569.jpg,C:/Users/Bautista/Downloads/PrecisionSkin/Classes/Hyperpigmentation/79_jpg.rf.f4e767cf81f607ab057560217ab2b569.jpg,close_up_facial,train,79_jpg,pseudo-label + correct (training),False,,True,True
aug_0_1631.jpg,C:/Users/Bautista/Downloads/PrecisionSkin/Classes/Hyperpigmentation/aug_0_1631.jpg,close_up_facial,train,aug_0_1631.jpg,pseudo-label + correct (training),False,,False,False
82.jpg,C:/Users/Bautista/Downloads/PrecisionSkin/Classes/Hyperpigmentation/82.jpg,full_face,train,82.jpg,pseudo-label + correct (training),False,,True,True
aug_0_5457.jpg,C:/Users/Bautista/Downloads/PrecisionSkin/Classes/Hyperpigmentation/aug_0_5457.jpg,partial_face,train,aug_0_5457.jpg,pseudo-label + correct (training),False,,False,False
image-109_jpg.rf.28999091c44b6c5e10417fa160f6c9c8.jpg,C:/Users/Bautista/Downloads/PrecisionSkin/Classes/Hyperpigmentation/image-109_jpg.rf.28999091c44b6c5e10417fa160f6c9c8.jpg,partial_face,train,image-109_jpg,pseudo-label + correct (training),True,Hyperpigmentation,True,True
aug_0_5511.jpg,C:/Users/Bautista/Downloads/PrecisionSkin/Classes/Hyperpigmentation/aug_0_5511.jpg,close_up_facial,train,aug_0_5511.jpg,pseudo-label + correct (training),False,,False,False
freckles-256-_jpg.rf.f867454df5c74ca9f3576e686a75b18f.jpg,C:/Users/Bautista/Downloads/PrecisionSkin/Classes/Hyperpigmentation/freckles-256-_jpg.rf.f867454df5c74ca9f3576e686a75b18f.jpg,partial_face,train,freckles-256-_jpg,pseudo-label + correct (training),False,,True,True
116_jpg.rf.edc250014e127aa4f47ac7558772eab6.jpg,C:/Users/Bautista/Downloads/PrecisionSkin/Classes/Hyperpigmentation/116_jpg.rf.edc250014e127aa4f47ac7558772eab6.jpg,partial_face,train,116_jpg,pseudo-label + correct (training),True,Hyperpigmentation,True,True
melasma24_jpg.rf.162a7032f915693f34b162abb21458df.jpg,C:/Users/Bautista/Downloads/PrecisionSkin/Classes/Hyperpigmentation/melasma24_jpg.rf.162a7032f915693f34b162abb21458df.jpg,partial_face,train,melasma24_jpg,pseudo-label + correct (training),True,Hyperpigmentation,True,True
148_jpg.rf.1eccafb0781a8a3ac7afe10d16681ffc.jpg,C:/Users/Bautista/Downloads/PrecisionSkin/Classes/Hyperpigmentation/148_jpg.rf.1eccafb0781a8a3ac7afe10d16681ffc.jpg,partial_face,train,148_jpg,pseudo-label + correct (training),False,,True,True
image-84_jpg.rf.7f49580388f1b15957fcb7703554518d.jpg,C:/Users/Bautista/Downloads/PrecisionSkin/Classes/Hyperpigmentation/image-84_jpg.rf.7f49580388f1b15957fcb7703554518d.jpg,close_up_facial,train,image-84_jpg,pseudo-label + correct (training),True,Hyperpigmentation,True,True
82_jpg.rf.d9f852569b1263f86d605a1c794ed48c.jpg,C:/Users/Bautista/Downloads/PrecisionSkin/Classes/Hyperpigmentation/82_jpg.rf.d9f852569b1263f86d605a1c794ed48c.jpg,full_face,train,82_jpg,pseudo-label + correct (training),False,,True,True
250_left_png.rf.8cb166b5443ba2dacb77e6ba3b04293a.jpg,C:/Users/Bautista/Downloads/PrecisionSkin/Classes/Hyperpigmentation/250_left_png.rf.8cb166b5443ba2dacb77e6ba3b04293a.jpg,close_up_facial,train,250_left_png,pseudo-label + correct (training),False,,False,False
152_jpg.rf.aab00fe5615e6178fdff65dfd94eb9b8.jpg,C:/Users/Bautista/Downloads/PrecisionSkin/Classes/Hyperpigmentation/152_jpg.rf.aab00fe5615e6178fdff65dfd94eb9b8.jpg,close_up_facial,train,152_jpg,pseudo-label + correct (training),True,Hyperpigmentation,True,True
100_jpg.rf.cfa9c7895fd425baea78754295efc841.jpg,C:/Users/Bautista/Downloads/PrecisionSkin/Classes/Hyperpigmentation/100_jpg.rf.cfa9c7895fd425baea78754295efc841.jpg,close_up_facial,train,100_jpg,pseudo-label + correct (training),True,Hyperpigmentation,True,True
ea45b08a-f7e8-4fd0-89ee-88f643a52289_jpg.rf.5bb5505b246e180e8b8572da6f723bcb.jpg,C:/Users/Bautista/Downloads/PrecisionSkin/Classes/Hyperpigmentation/ea45b08a-f7e8-4fd0-89ee-88f643a52289_jpg.rf.5bb5505b246e180e8b8572da6f723bcb.jpg,partial_face,train,ea45b08a-f7e8-4fd0-89ee-88f643a52289_jpg,pseudo-label + correct (training),False,,False,False
melasma58_png_jpg.rf.ca9ed3c122e7826f085e66ef59c5d874.jpg,C:/Users/Bautista/Downloads/PrecisionSkin/Classes/Hyperpigmentation/melasma58_png_jpg.rf.ca9ed3c122e7826f085e66ef59c5d874.jpg,full_face,train,melasma58_png_jpg,pseudo-label + correct (training),False,,True,True
m70_jpg.rf.8e800155406123bf1553e30786b26616.jpg,C:/Users/Bautista/Downloads/PrecisionSkin/Classes/Hyperpigmentation/m70_jpg.rf.8e800155406123bf1553e30786b26616.jpg,partial_face,train,m70_jpg,pseudo-label + correct (training),False,,False,False
d8373987-1c8d-4e53-be06-be48e794c0b9.jpg,C:/Users/Bautista/Downloads/PrecisionSkin/Classes/Hyperpigmentation/d8373987-1c8d-4e53-be06-be48e794c0b9.jpg,partial_face,train,d8373987-1c8d-4e53-be06-be48e794c0b9.jpg,pseudo-label + correct (training),False,,False,False
melasma48_png_jpg.rf.dea6ddeade3a487cca7fff3906b84292.jpg,C:/Users/Bautista/Downloads/PrecisionSkin/Classes/Hyperpigmentation/melasma48_png_jpg.rf.dea6ddeade3a487cca7fff3906b84292.jpg,close_up_facial,train,melasma48_png_jpg,pseudo-label + correct (training),False,,True,True
43a83abc-c8b2-40d0-a838-c77cc10ee76b_jpg.rf.31fbf080ccbdf712a1a4dc4e462f5900.jpg,C:/Users/Bautista/Downloads/PrecisionSkin/Classes/Hyperpigmentation/43a83abc-c8b2-40d0-a838-c77cc10ee76b_jpg.rf.31fbf080ccbdf712a1a4dc4e462f5900.jpg,close_up_facial,train,43a83abc-c8b2-40d0-a838-c77cc10ee76b_jpg,pseudo-label + correct (training),False,,False,False
image-107_jpg.rf.4454874d139567fca3fecbf77eda1f93.jpg,C:/Users/Bautista/Downloads/PrecisionSkin/Classes/Hyperpigmentation/image-107_jpg.rf.4454874d139567fca3fecbf77eda1f93.jpg,partial_face,train,image-107_jpg,pseudo-label + correct (training),True,Hyperpigmentation,True,True
aug_0_7832.jpg,C:/Users/Bautista/Downloads/PrecisionSkin/Classes/Hyperpigmentation/aug_0_7832.jpg,close_up_facial,train,aug_0_7832.jpg,pseudo-label + correct (training),False,,False,False
51.jpg,C:/Users/Bautista/Downloads/PrecisionSkin/Classes/Hyperpigmentation/51.jpg,close_up_facial,train,51.jpg,pseudo-label + correct (training),False,,False,False
image-61-1-_jpg.rf.41a5c79bb3c37f48f6025a00463e7832.jpg,C:/Users/Bautista/Downloads/PrecisionSkin/Classes/Hyperpigmentation/image-61-1-_jpg.rf.41a5c79bb3c37f48f6025a00463e7832.jpg,partial_face,train,image-61-1-_jpg,pseudo-label + correct (training),True,Hyperpigmentation,True,True
melasma37_jpg.rf.e235052412940b5528f5ff79d9879bfd.jpg,C:/Users/Bautista/Downloads/PrecisionSkin/Classes/Hyperpigmentation/melasma37_jpg.rf.e235052412940b5528f5ff79d9879bfd.jpg,partial_face,train,melasma37_jpg,pseudo-label + correct (training),True,Hyperpigmentation,True,True
melasma65_png_jpg.rf.fecfb7a01c7d0d52282fe26dba7f2515.jpg,C:/Users/Bautista/Downloads/PrecisionSkin/Classes/Hyperpigmentation/melasma65_png_jpg.rf.fecfb7a01c7d0d52282fe26dba7f2515.jpg,partial_face,train,melasma65_png_jpg,pseudo-label + correct (training),True,Hyperpigmentation,True,True
97e3e72c-8460-4110-80bb-caf372c7c05e.jpg,C:/Users/Bautista/Downloads/PrecisionSkin/Classes/Hyperpigmentation/97e3e72c-8460-4110-80bb-caf372c7c05e.jpg,close_up_facial,train,97e3e72c-8460-4110-80bb-caf372c7c05e.jpg,pseudo-label + correct (training),False,,False,False
melasma48_png_jpg.rf.e9bc498bdbbdc5db3a173453931fadd5.jpg,C:/Users/Bautista/Downloads/PrecisionSkin/Classes/Hyperpigmentation/melasma48_png_jpg.rf.e9bc498bdbbdc5db3a173453931fadd5.jpg,close_up_facial,train,melasma48_png_jpg,pseudo-label + correct (training),True,Hyperpigmentation,True,True
melasma67_png_jpg.rf.87827e349e252f96ecc4bcbc7ba3a073.jpg,C:/Users/Bautista/Downloads/PrecisionSkin/Classes/Hyperpigmentation/melasma67_png_jpg.rf.87827e349e252f96ecc4bcbc7ba3a073.jpg,partial_face,train,melasma67_png_jpg,pseudo-label + correct (training),True,Hyperpigmentation,True,True
aug_0_247.jpg,C:/Users/Bautista/Downloads/PrecisionSkin/Classes/Hyperpigmentation/aug_0_247.jpg,partial_face,train,aug_0_247.jpg,pseudo-label + correct (training),False,,False,False
86_left_png.rf.dd7beeb28788f9d038e2f1738fa3e726.jpg,C:/Users/Bautista/Downloads/PrecisionSkin/Classes/Hyperpigmentation/86_left_png.rf.dd7beeb28788f9d038e2f1738fa3e726.jpg,partial_face,train,86_left_png,pseudo-label + correct (training),True,Hyperpigmentation,True,True
3130-1-_jpg.rf.6c0a6be3f9466e495207097099c34db2.jpg,C:/Users/Bautista/Downloads/PrecisionSkin/Classes/Hyperpigmentation/3130-1-_jpg.rf.6c0a6be3f9466e495207097099c34db2.jpg,close_up_facial,train,3130-1-_jpg,pseudo-label + correct (training),True,Hyperpigmentation,True,True
179_left_png.rf.ec9e98c631450aa107f4c0819cf47f95.jpg,C:/Users/Bautista/Downloads/PrecisionSkin/Classes/Hyperpigmentation/179_left_png.rf.ec9e98c631450aa107f4c0819cf47f95.jpg,partial_face,train,179_left_png,pseudo-label + correct (training),True,Hyperpigmentation,True,True
276_left_png.rf.58b263ebdeea7fb53318a3bec58038d9.jpg,C:/Users/Bautista/Downloads/PrecisionSkin/Classes/Hyperpigmentation/276_left_png.rf.58b263ebdeea7fb53318a3bec58038d9.jpg,full_face,train,276_left_png,pseudo-label + correct (training),False,,True,True
166_left_jpg.rf.936deab92471910271868e825ad6c956.jpg,C:/Users/Bautista/Downloads/PrecisionSkin/Classes/Hyperpigmentation/166_left_jpg.rf.936deab92471910271868e825ad6c956.jpg,partial_face,train,166_left_jpg,pseudo-label + correct (training),False,,True,True
image-38_jpg.rf.1d6ad8944fa2fc867127744a17177b7f.jpg,C:/Users/Bautista/Downloads/PrecisionSkin/Classes/Hyperpigmentation/image-38_jpg.rf.1d6ad8944fa2fc867127744a17177b7f.jpg,close_up_facial,train,image-38_jpg,pseudo-label + correct (training),True,Hyperpigmentation,True,True
125_left_png.rf.258fe024387becfac54bb6aeb3630eb6.jpg,C:/Users/Bautista/Downloads/PrecisionSkin/Classes/Hyperpigmentation/125_left_png.rf.258fe024387becfac54bb6aeb3630eb6.jpg,partial_face,train,125_left_png,pseudo-label + correct (training),True,Hyperpigmentation,True,True
aug_0_4121.jpg,C:/Users/Bautista/Downloads/PrecisionSkin/Classes/Hyperpigmentation/aug_0_4121.jpg,partial_face,train,aug_0_4121.jpg,pseudo-label + correct (training),False,,False,False
IMG_3750_jpg.rf.f18826c31239c9911bf9906c884034de.jpg,C:/Users/Bautista/Downloads/PrecisionSkin/Classes/Hyperpigmentation/IMG_3750_jpg.rf.f18826c31239c9911bf9906c884034de.jpg,close_up_facial,train,img_3750_jpg,pseudo-label + correct (training),True,Hyperpigmentation,True,True
image-15_jpg.rf.e411b3eb3557f5f01231cc6b759ac35c.jpg,C:/Users/Bautista/Downloads/PrecisionSkin/Classes/Hyperpigmentation/image-15_jpg.rf.e411b3eb3557f5f01231cc6b759ac35c.jpg,partial_face,train,image-15_jpg,pseudo-label + correct (training),True,Hyperpigmentation,True,True
melasma60_png_jpg.rf.e802c3efe7d5af1aac015a948699491b.jpg,C:/Users/Bautista/Downloads/PrecisionSkin/Classes/Hyperpigmentation/melasma60_png_jpg.rf.e802c3efe7d5af1aac015a948699491b.jpg,close_up_facial,train,melasma60_png_jpg,pseudo-label + correct (training),False,,True,True
melasma55_png_jpg.rf.dad436b93a04201700a424538515378d.jpg,C:/Users/Bautista/Downloads/PrecisionSkin/Classes/Hyperpigmentation/melasma55_png_jpg.rf.dad436b93a04201700a424538515378d.jpg,full_face,train,melasma55_png_jpg,pseudo-label + correct (training),False,,True,True
melasma37_jpg.rf.a7a4f74c080f94b4cd494cfedeea512b.jpg,C:/Users/Bautista/Downloads/PrecisionSkin/Classes/Hyperpigmentation/melasma37_jpg.rf.a7a4f74c080f94b4cd494cfedeea512b.jpg,partial_face,train,melasma37_jpg,pseudo-label + correct (training),True,Hyperpigmentation,True,True
image-31-1-_jpg.rf.8010c98dec4ff8df507d3c32029ec3e3.jpg,C:/Users/Bautista/Downloads/PrecisionSkin/Classes/Hyperpigmentation/image-31-1-_jpg.rf.8010c98dec4ff8df507d3c32029ec3e3.jpg,close_up_facial,train,image-31-1-_jpg,pseudo-label + correct (training),True,Hyperpigmentation,True,True
aug_0_1760.jpg,C:/Users/Bautista/Downloads/PrecisionSkin/Classes/Hyperpigmentation/aug_0_1760.jpg,partial_face,train,aug_0_1760.jpg,pseudo-label + correct (training),False,,False,False
aug_0_7760.jpg,C:/Users/Bautista/Downloads/PrecisionSkin/Classes/Hyperpigmentation/aug_0_7760.jpg,close_up_facial,train,aug_0_7760.jpg,pseudo-label + correct (training),False,,False,False
melasma11_png.rf.ce4bff6d111bc3d03715e4a9e4d97da2.jpg,C:/Users/Bautista/Downloads/PrecisionSkin/Classes/Hyperpigmentation/melasma11_png.rf.ce4bff6d111bc3d03715e4a9e4d97da2.jpg,full_face,train,melasma11_png,pseudo-label + correct (training),True,Hyperpigmentation,True,True
67.jpg,C:/Users/Bautista/Downloads/PrecisionSkin/Classes/Hyperpigmentation/67.jpg,partial_face,train,67.jpg,pseudo-label + correct (training),False,,False,False
c50f9565-f974-4676-a061-89c528cc4152.jpg,C:/Users/Bautista/Downloads/PrecisionSkin/Classes/Hyperpigmentation/c50f9565-f974-4676-a061-89c528cc4152.jpg,partial_face,train,c50f9565-f974-4676-a061-89c528cc4152.jpg,pseudo-label + correct (training),False,,False,False
35_left_jpg.rf.29e1468e5243537c374b44e5300adaee.jpg,C:/Users/Bautista/Downloads/PrecisionSkin/Classes/Hyperpigmentation/35_left_jpg.rf.29e1468e5243537c374b44e5300adaee.jpg,partial_face,train,35_left_jpg,pseudo-label + correct (training),True,Hyperpigmentation,True,True
105_left_png.rf.dedfd3b518dce114b29485b986d20e3c.jpg,C:/Users/Bautista/Downloads/PrecisionSkin/Classes/Hyperpigmentation/105_left_png.rf.dedfd3b518dce114b29485b986d20e3c.jpg,partial_face,train,105_left_png,pseudo-label + correct (training),True,Hyperpigmentation,True,True
image-28-1-_jpg.rf.e540e5ddb1790d64f48e5381d9e3e641.jpg,C:/Users/Bautista/Downloads/PrecisionSkin/Classes/Hyperpigmentation/image-28-1-_jpg.rf.e540e5ddb1790d64f48e5381d9e3e641.jpg,close_up_facial,train,image-28-1-_jpg,pseudo-label + correct (training),True,Hyperpigmentation,True,True
aug_0_2780.jpg,C:/Users/Bautista/Downloads/PrecisionSkin/Classes/Hyperpigmentation/aug_0_2780.jpg,close_up_facial,train,aug_0_2780.jpg,pseudo-label + correct (training),False,,False,False
m71_jpg.rf.5fe32f918a9d2371cfb7ca1f74833d1c.jpg,C:/Users/Bautista/Downloads/PrecisionSkin/Classes/Hyperpigmentation/m71_jpg.rf.5fe32f918a9d2371cfb7ca1f74833d1c.jpg,close_up_facial,train,m71_jpg,pseudo-label + correct (training),True,Hyperpigmentation,True,True
fla-57-_JPG.rf.0a462740fe3bbd1f571d4c4fd484d5d3.jpg,C:/Users/Bautista/Downloads/PrecisionSkin/Classes/Hyperpigmentation/fla-57-_JPG.rf.0a462740fe3bbd1f571d4c4fd484d5d3.jpg,close_up_facial,train,fla-57-_jpg,pseudo-label + correct (training),True,Hyperpigmentation,True,True
145_jpg.rf.21f81ea81e56c45d5132b96481f3afcc.jpg,C:/Users/Bautista/Downloads/PrecisionSkin/Classes/Hyperpigmentation/145_jpg.rf.21f81ea81e56c45d5132b96481f3afcc.jpg,partial_face,train,145_jpg,pseudo-label + correct (training),False,,True,True
6bdd3c06-ef12-4245-96fc-6b2258426c4d_jpg.rf.d61640eebbf576c9b6cd1ed34bd2718c.jpg,C:/Users/Bautista/Downloads/PrecisionSkin/Classes/Hyperpigmentation/6bdd3c06-ef12-4245-96fc-6b2258426c4d_jpg.rf.d61640eebbf576c9b6cd1ed34bd2718c.jpg,partial_face,train,6bdd3c06-ef12-4245-96fc-6b2258426c4d_jpg,pseudo-label + correct (training),False,,False,False
m21_jpg.rf.b3aae704f438ae6f48861867e9e236d2.jpg,C:/Users/Bautista/Downloads/PrecisionSkin/Classes/Hyperpigmentation/m21_jpg.rf.b3aae704f438ae6f48861867e9e236d2.jpg,close_up_facial,train,m21_jpg,pseudo-label + correct (training),True,Hyperpigmentation,True,True
aug_0_5357.jpg,C:/Users/Bautista/Downloads/PrecisionSkin/Classes/Hyperpigmentation/aug_0_5357.jpg,close_up_facial,train,aug_0_5357.jpg,pseudo-label + correct (training),False,,False,False
31_jpg.rf.4d0254199441c1797a71479e52a9896d.jpg,C:/Users/Bautista/Downloads/PrecisionSkin/Classes/Hyperpigmentation/31_jpg.rf.4d0254199441c1797a71479e52a9896d.jpg,partial_face,train,31_jpg,pseudo-label + correct (training),False,,True,True
melasma7_png.rf.a9b6ccd552abb4693a86702b72ef2c69.jpg,C:/Users/Bautista/Downloads/PrecisionSkin/Classes/Hyperpigmentation/melasma7_png.rf.a9b6ccd552abb4693a86702b72ef2c69.jpg,partial_face,train,melasma7_png,pseudo-label + correct (training),False,,True,True
119432bf-56fd-45ed-aba9-64ee745e90f3.jpg,C:/Users/Bautista/Downloads/PrecisionSkin/Classes/Hyperpigmentation/119432bf-56fd-45ed-aba9-64ee745e90f3.jpg,partial_face,train,119432bf-56fd-45ed-aba9-64ee745e90f3.jpg,pseudo-label + correct (training),False,,False,False
image-46_jpg.rf.1168348f50ea45f79392f9295aa9e5a2.jpg,C:/Users/Bautista/Downloads/PrecisionSkin/Classes/Hyperpigmentation/image-46_jpg.rf.1168348f50ea45f79392f9295aa9e5a2.jpg,full_face,train,image-46_jpg,pseudo-label + correct (training),True,Hyperpigmentation,True,True
image-61-1-_jpg.rf.167192229634d32bae352e9af396a818.jpg,C:/Users/Bautista/Downloads/PrecisionSkin/Classes/Hyperpigmentation/image-61-1-_jpg.rf.167192229634d32bae352e9af396a818.jpg,partial_face,train,image-61-1-_jpg,pseudo-label + correct (training),True,Hyperpigmentation,True,True
melasma42_jpg.rf.844529a80be95ca5921ebd559788324e.jpg,C:/Users/Bautista/Downloads/PrecisionSkin/Classes/Hyperpigmentation/melasma42_jpg.rf.844529a80be95ca5921ebd559788324e.jpg,partial_face,train,melasma42_jpg,pseudo-label + correct (training),True,Hyperpigmentation,True,True
freckles-164-_jpg.rf.afdf5dd58daca81fc9f12dcc647dcde1.jpg,C:/Users/Bautista/Downloads/PrecisionSkin/Classes/Hyperpigmentation/freckles-164-_jpg.rf.afdf5dd58daca81fc9f12dcc647dcde1.jpg,full_face,train,freckles-164-_jpg,pseudo-label + correct (training),False,,True,True
185_left_png.rf.85a440f4617080fc6bbf21950cfce4a8.jpg,C:/Users/Bautista/Downloads/PrecisionSkin/Classes/Hyperpigmentation/185_left_png.rf.85a440f4617080fc6bbf21950cfce4a8.jpg,close_up_facial,train,185_left_png,pseudo-label + correct (training),True,Hyperpigmentation,True,True
95_jpg.rf.f288172db9d306c337b4bd2d1c7aaf65.jpg,C:/Users/Bautista/Downloads/PrecisionSkin/Classes/Hyperpigmentation/95_jpg.rf.f288172db9d306c337b4bd2d1c7aaf65.jpg,partial_face,train,95_jpg,pseudo-label + correct (training),False,,True,True
aug_0_7598.jpg,C:/Users/Bautista/Downloads/PrecisionSkin/Classes/Hyperpigmentation/aug_0_7598.jpg,partial_face,train,aug_0_7598.jpg,pseudo-label + correct (training),False,,False,False
image-98-1-_jpg.rf.39683193cfcd61c9b7eb8d4c919754e1.jpg,C:/Users/Bautista/Downloads/PrecisionSkin/Classes/Hyperpigmentation/image-98-1-_jpg.rf.39683193cfcd61c9b7eb8d4c919754e1.jpg,partial_face,train,image-98-1-_jpg,pseudo-label + correct (training),True,Hyperpigmentation,True,True
c459d2af-6e50-4d0c-8f13-4a98cb6685e6_jpg.rf.0053b2102e7eb304a382818e0ebbf9b3.jpg,C:/Users/Bautista/Downloads/PrecisionSkin/Classes/Hyperpigmentation/c459d2af-6e50-4d0c-8f13-4a98cb6685e6_jpg.rf.0053b2102e7eb304a382818e0ebbf9b3.jpg,partial_face,train,c459d2af-6e50-4d0c-8f13-4a98cb6685e6_jpg,pseudo-label + correct (training),False,,False,False
1534767c-7b6c-4d0b-8946-6410736c00b7.jpg,C:/Users/Bautista/Downloads/PrecisionSkin/Classes/Hyperpigmentation/1534767c-7b6c-4d0b-8946-6410736c00b7.jpg,close_up_facial,train,1534767c-7b6c-4d0b-8946-6410736c00b7.jpg,pseudo-label + correct (training),False,,False,False
melasma23_png.rf.c517d024ed321f2afc43415856a60a7e.jpg,C:/Users/Bautista/Downloads/PrecisionSkin/Classes/Hyperpigmentation/melasma23_png.rf.c517d024ed321f2afc43415856a60a7e.jpg,full_face,train,melasma23_png,pseudo-label + correct (training),False,,True,True
c066cab4-e204-47b5-be8a-35b33c3fb48d_jpeg.rf.a4015b39e07b9afee53206a5fbe00ef0.jpg,C:/Users/Bautista/Downloads/PrecisionSkin/Classes/Hyperpigmentation/c066cab4-e204-47b5-be8a-35b33c3fb48d_jpeg.rf.a4015b39e07b9afee53206a5fbe00ef0.jpg,partial_face,train,c066cab4-e204-47b5-be8a-35b33c3fb48d_jpeg,pseudo-label + correct (training),False,,True,True
dbe6c84b-81f9-4e7d-9a6a-c2c654a092e1.jpg,C:/Users/Bautista/Downloads/PrecisionSkin/Classes/Hyperpigmentation/dbe6c84b-81f9-4e7d-9a6a-c2c654a092e1.jpg,partial_face,train,dbe6c84b-81f9-4e7d-9a6a-c2c654a092e1.jpg,pseudo-label + correct (training),False,,False,False
melasma53_png_jpg.rf.5f227467db00503cee6315b33d455e1d.jpg,C:/Users/Bautista/Downloads/PrecisionSkin/Classes/Hyperpigmentation/melasma53_png_jpg.rf.5f227467db00503cee6315b33d455e1d.jpg,full_face,train,melasma53_png_jpg,pseudo-label + correct (training),False,,True,True
melasma45_jpg.rf.1d47585e8f9fe6b670e535e35ddff642.jpg,C:/Users/Bautista/Downloads/PrecisionSkin/Classes/Hyperpigmentation/melasma45_jpg.rf.1d47585e8f9fe6b670e535e35ddff642.jpg,full_face,train,melasma45_jpg,pseudo-label + correct (training),True,Hyperpigmentation,True,True
Copy-of-melasma56_jpg.rf.9eb4d98cf311d8a1d517b9cb77f7b6de.jpg,C:/Users/Bautista/Downloads/PrecisionSkin/Classes/Hyperpigmentation/Copy-of-melasma56_jpg.rf.9eb4d98cf311d8a1d517b9cb77f7b6de.jpg,full_face,train,copy-of-melasma56_jpg,pseudo-label + correct (training),True,Hyperpigmentation,True,True
34046f00-460d-4fb1-b350-075811f42cbb_jpg.rf.0aa5da78a5cc8ddbcde1335d08a21996.jpg,C:/Users/Bautista/Downloads/PrecisionSkin/Classes/Hyperpigmentation/34046f00-460d-4fb1-b350-075811f42cbb_jpg.rf.0aa5da78a5cc8ddbcde1335d08a21996.jpg,partial_face,train,34046f00-460d-4fb1-b350-075811f42cbb_jpg,pseudo-label + correct (training),True,Hyperpigmentation,False,True
c955da5e-9306-4ba5-b6ae-bc8332466a63.jpg,C:/Users/Bautista/Downloads/PrecisionSkin/Classes/Hyperpigmentation/c955da5e-9306-4ba5-b6ae-bc8332466a63.jpg,partial_face,train,c955da5e-9306-4ba5-b6ae-bc8332466a63.jpg,pseudo-label + correct (training),False,,False,False
melasma48_png_jpg.rf.f662bb8ccd731dc696f63ae85a7927e2.jpg,C:/Users/Bautista/Downloads/PrecisionSkin/Classes/Hyperpigmentation/melasma48_png_jpg.rf.f662bb8ccd731dc696f63ae85a7927e2.jpg,partial_face,train,melasma48_png_jpg,pseudo-label + correct (training),True,Hyperpigmentation,True,True
image-28-1-_jpg.rf.0128612fab97846339d5575ad1d470bd.jpg,C:/Users/Bautista/Downloads/PrecisionSkin/Classes/Hyperpigmentation/image-28-1-_jpg.rf.0128612fab97846339d5575ad1d470bd.jpg,close_up_facial,train,image-28-1-_jpg,pseudo-label + correct (training),True,Hyperpigmentation,True,True
74_jpg.rf.156565f8decba84af1c1efc32bfe7ce5.jpg,C:/Users/Bautista/Downloads/PrecisionSkin/Classes/Hyperpigmentation/74_jpg.rf.156565f8decba84af1c1efc32bfe7ce5.jpg,partial_face,train,74_jpg,pseudo-label + correct (training),False,,True,True
53_jpg.rf.123bfb993a78ebe43fab9a87c5b7a510.jpg,C:/Users/Bautista/Downloads/PrecisionSkin/Classes/Hyperpigmentation/53_jpg.rf.123bfb993a78ebe43fab9a87c5b7a510.jpg,partial_face,train,53_jpg,pseudo-label + correct (training),False,,False,False
aug_0_2740.jpg,C:/Users/Bautista/Downloads/PrecisionSkin/Classes/Hyperpigmentation/aug_0_2740.jpg,close_up_facial,train,aug_0_2740.jpg,pseudo-label + correct (training),False,,False,False
aug_0_8305.jpg,C:/Users/Bautista/Downloads/PrecisionSkin/Classes/Hyperpigmentation/aug_0_8305.jpg,partial_face,train,aug_0_8305.jpg,pseudo-label + correct (training),False,,False,False
bfbf39c0-0a38-4ed9-8520-8026dc5ad63f_jpg.rf.e4da5fe0ec925b25b8cb1abed1c66985.jpg,C:/Users/Bautista/Downloads/PrecisionSkin/Classes/Hyperpigmentation/bfbf39c0-0a38-4ed9-8520-8026dc5ad63f_jpg.rf.e4da5fe0ec925b25b8cb1abed1c66985.jpg,partial_face,train,bfbf39c0-0a38-4ed9-8520-8026dc5ad63f_jpg,pseudo-label + correct (training),False,,False,False
116_left_png.rf.a07d6e790b0d15b3ca7ec0e481dc282f.jpg,C:/Users/Bautista/Downloads/PrecisionSkin/Classes/Hyperpigmentation/116_left_png.rf.a07d6e790b0d15b3ca7ec0e481dc282f.jpg,partial_face,train,116_left_png,pseudo-label + correct (training),False,,True,True
melasma14_png.rf.ab5de558ae7439080afa1b30db7d2a8c.jpg,C:/Users/Bautista/Downloads/PrecisionSkin/Classes/Hyperpigmentation/melasma14_png.rf.ab5de558ae7439080afa1b30db7d2a8c.jpg,full_face,train,melasma14_png,pseudo-label + correct (training),False,,True,True
187_left_png.rf.f561ff62e2c192fc9e6f9aeb51929d65.jpg,C:/Users/Bautista/Downloads/PrecisionSkin/Classes/Hyperpigmentation/187_left_png.rf.f561ff62e2c192fc9e6f9aeb51929d65.jpg,partial_face,train,187_left_png,pseudo-label + correct (training),False,,True,True
aug_0_5161.jpg,C:/Users/Bautista/Downloads/PrecisionSkin/Classes/Hyperpigmentation/aug_0_5161.jpg,close_up_facial,train,aug_0_5161.jpg,pseudo-label + correct (training),False,,False,False
295_left_png.rf.c6d8bc4783b950b2a76e4f538d8ec4ec.jpg,C:/Users/Bautista/Downloads/PrecisionSkin/Classes/Hyperpigmentation/295_left_png.rf.c6d8bc4783b950b2a76e4f538d8ec4ec.jpg,close_up_facial,train,295_left_png,pseudo-label + correct (training),True,Hyperpigmentation,True,True
fla-22-_JPG.rf.e1670fe47e9122c712c289d3e30f44e3.jpg,C:/Users/Bautista/Downloads/PrecisionSkin/Classes/Hyperpigmentation/fla-22-_JPG.rf.e1670fe47e9122c712c289d3e30f44e3.jpg,partial_face,train,fla-22-_jpg,pseudo-label + correct (training),False,,True,True
296_left_png.rf.41c65fda90a48ecfd9de410cd7909bc4.jpg,C:/Users/Bautista/Downloads/PrecisionSkin/Classes/Hyperpigmentation/296_left_png.rf.41c65fda90a48ecfd9de410cd7909bc4.jpg,partial_face,train,296_left_png,pseudo-label + correct (training),True,Hyperpigmentation,True,True
c459d2af-6e50-4d0c-8f13-4a98cb6685e6.jpg,C:/Users/Bautista/Downloads/PrecisionSkin/Classes/Hyperpigmentation/c459d2af-6e50-4d0c-8f13-4a98cb6685e6.jpg,partial_face,train,c459d2af-6e50-4d0c-8f13-4a98cb6685e6.jpg,pseudo-label + correct (training),False,,False,False
165_jpg.rf.a32d1b2bb5f35c22bcb70e7431fa2406.jpg,C:/Users/Bautista/Downloads/PrecisionSkin/Classes/Hyperpigmentation/165_jpg.rf.a32d1b2bb5f35c22bcb70e7431fa2406.jpg,partial_face,train,165_jpg,pseudo-label + correct (training),False,,True,True
186_left_png.rf.fc7b33ec6e06cc7afa7b5cf97d0fa18f.jpg,C:/Users/Bautista/Downloads/PrecisionSkin/Classes/Hyperpigmentation/186_left_png.rf.fc7b33ec6e06cc7afa7b5cf97d0fa18f.jpg,partial_face,train,186_left_png,pseudo-label + correct (training),False,,True,True
165_left_jpg.rf.4c4c5761e204e2ee22025cb6908359c7.jpg,C:/Users/Bautista/Downloads/PrecisionSkin/Classes/Hyperpigmentation/165_left_jpg.rf.4c4c5761e204e2ee22025cb6908359c7.jpg,partial_face,train,165_left_jpg,pseudo-label + correct (training),True,Hyperpigmentation,True,True
melasma18_jpg.rf.a0b7431929c611383098e081e94b1705.jpg,C:/Users/Bautista/Downloads/PrecisionSkin/Classes/Hyperpigmentation/melasma18_jpg.rf.a0b7431929c611383098e081e94b1705.jpg,close_up_facial,train,melasma18_jpg,pseudo-label + correct (training),True,Hyperpigmentation,True,True
aug_0_1574.jpg,C:/Users/Bautista/Downloads/PrecisionSkin/Classes/Hyperpigmentation/aug_0_1574.jpg,partial_face,train,aug_0_1574.jpg,pseudo-label + correct (training),False,,False,False
aug_0_2427.jpg,C:/Users/Bautista/Downloads/PrecisionSkin/Classes/Hyperpigmentation/aug_0_2427.jpg,partial_face,train,aug_0_2427.jpg,pseudo-label + correct (training),False,,False,False
melasma27_jpg.rf.94da526d7c30e2e149e3b36010e3e3e9.jpg,C:/Users/Bautista/Downloads/PrecisionSkin/Classes/Hyperpigmentation/melasma27_jpg.rf.94da526d7c30e2e149e3b36010e3e3e9.jpg,close_up_facial,train,melasma27_jpg,pseudo-label + correct (training),True,Hyperpigmentation,True,True
141_jpg.rf.063526ab43758fe2c2c37abc0540d5a7.jpg,C:/Users/Bautista/Downloads/PrecisionSkin/Classes/Hyperpigmentation/141_jpg.rf.063526ab43758fe2c2c37abc0540d5a7.jpg,partial_face,train,141_jpg,pseudo-label + correct (training),False,,True,True
26.jpg,C:/Users/Bautista/Downloads/PrecisionSkin/Classes/Hyperpigmentation/26.jpg,close_up_facial,train,26.jpg,pseudo-label + correct (training),False,,True,True
image-26_jpg.rf.57c5c32fe0199f074f70492d87793442.jpg,C:/Users/Bautista/Downloads/PrecisionSkin/Classes/Hyperpigmentation/image-26_jpg.rf.57c5c32fe0199f074f70492d87793442.jpg,full_face,train,image-26_jpg,pseudo-label + correct (training),True,Hyperpigmentation,True,True
m61_jpg.rf.e582e6f966f404a80d4ee5cdfff00691.jpg,C:/Users/Bautista/Downloads/PrecisionSkin/Classes/Hyperpigmentation/m61_jpg.rf.e582e6f966f404a80d4ee5cdfff00691.jpg,partial_face,train,m61_jpg,pseudo-label + correct (training),True,Hyperpigmentation,True,True
aug_0_3439.jpg,C:/Users/Bautista/Downloads/PrecisionSkin/Classes/Hyperpigmentation/aug_0_3439.jpg,partial_face,train,aug_0_3439.jpg,pseudo-label + correct (training),False,,False,False
aug_0_7309.jpg,C:/Users/Bautista/Downloads/PrecisionSkin/Classes/Hyperpigmentation/aug_0_7309.jpg,close_up_facial,train,aug_0_7309.jpg,pseudo-label + correct (training),False,,False,False
aug_0_3595.jpg,C:/Users/Bautista/Downloads/PrecisionSkin/Classes/Hyperpigmentation/aug_0_3595.jpg,partial_face,train,aug_0_3595.jpg,pseudo-label + correct (training),False,,False,False
aug_0_4302.jpg,C:/Users/Bautista/Downloads/PrecisionSkin/Classes/Hyperpigmentation/aug_0_4302.jpg,partial_face,train,aug_0_4302.jpg,pseudo-label + correct (training),False,,False,False
28_left_jpg.rf.47baaf31c07894ca36f789ec94ee7c73.jpg,C:/Users/Bautista/Downloads/PrecisionSkin/Classes/Hyperpigmentation/28_left_jpg.rf.47baaf31c07894ca36f789ec94ee7c73.jpg,partial_face,train,28_left_jpg,pseudo-label + correct (training),False,,True,True
3141_jpg.rf.52d383e2fed5edff6a40d6b6019c5599.jpg,C:/Users/Bautista/Downloads/PrecisionSkin/Classes/Hyperpigmentation/3141_jpg.rf.52d383e2fed5edff6a40d6b6019c5599.jpg,close_up_facial,train,3141_jpg,pseudo-label + correct (training),True,Hyperpigmentation,True,True
ffe25aec-0c58-46a4-a0b1-520f6dbec007.jpg,C:/Users/Bautista/Downloads/PrecisionSkin/Classes/Hyperpigmentation/ffe25aec-0c58-46a4-a0b1-520f6dbec007.jpg,partial_face,train,ffe25aec-0c58-46a4-a0b1-520f6dbec007.jpg,pseudo-label + correct (training),False,,False,False
aug_0_385.jpg,C:/Users/Bautista/Downloads/PrecisionSkin/Classes/Hyperpigmentation/aug_0_385.jpg,close_up_facial,train,aug_0_385.jpg,pseudo-label + correct (training),False,,False,False
aug_0_9702.jpg,C:/Users/Bautista/Downloads/PrecisionSkin/Classes/Hyperpigmentation/aug_0_9702.jpg,partial_face,train,aug_0_9702.jpg,pseudo-label + correct (training),False,,False,False
43366b23-c23b-46d8-a5b4-d920090812bc.jpg,C:/Users/Bautista/Downloads/PrecisionSkin/Classes/Hyperpigmentation/43366b23-c23b-46d8-a5b4-d920090812bc.jpg,close_up_facial,train,43366b23-c23b-46d8-a5b4-d920090812bc.jpg,pseudo-label + correct (training),False,,False,False
2ed1ef53-c137-460c-959e-7bf7fe5f4f02.jpg,C:/Users/Bautista/Downloads/PrecisionSkin/Classes/Hyperpigmentation/2ed1ef53-c137-460c-959e-7bf7fe5f4f02.jpg,full_face,train,2ed1ef53-c137-460c-959e-7bf7fe5f4f02.jpg,pseudo-label + correct (training),False,,False,False
image-61-1-_jpg.rf.6ad9a0602913452fb59a3c09b24f0d6c.jpg,C:/Users/Bautista/Downloads/PrecisionSkin/Classes/Hyperpigmentation/image-61-1-_jpg.rf.6ad9a0602913452fb59a3c09b24f0d6c.jpg,close_up_facial,train,image-61-1-_jpg,pseudo-label + correct (training),True,Hyperpigmentation,True,True
aug_0_9259.jpg,C:/Users/Bautista/Downloads/PrecisionSkin/Classes/Hyperpigmentation/aug_0_9259.jpg,close_up_facial,train,aug_0_9259.jpg,pseudo-label + correct (training),False,,False,False
141_jpg.rf.4e73651dee25eee67d138e8885c54878.jpg,C:/Users/Bautista/Downloads/PrecisionSkin/Classes/Hyperpigmentation/141_jpg.rf.4e73651dee25eee67d138e8885c54878.jpg,partial_face,train,141_jpg,pseudo-label + correct (training),True,Hyperpigmentation,True,True
43366b23-c23b-46d8-a5b4-d920090812bc_jpg.rf.1f5173bc3cc21cb02d6813b5bea631b9.jpg,C:/Users/Bautista/Downloads/PrecisionSkin/Classes/Hyperpigmentation/43366b23-c23b-46d8-a5b4-d920090812bc_jpg.rf.1f5173bc3cc21cb02d6813b5bea631b9.jpg,close_up_facial,train,43366b23-c23b-46d8-a5b4-d920090812bc_jpg,pseudo-label + correct (training),False,,False,False
melasma27_jpg.rf.519683d30e55cad3a002d70feb42dcf9.jpg,C:/Users/Bautista/Downloads/PrecisionSkin/Classes/Hyperpigmentation/melasma27_jpg.rf.519683d30e55cad3a002d70feb42dcf9.jpg,full_face,train,melasma27_jpg,pseudo-label + correct (training),False,,True,True
image-38_jpg.rf.521571caa37256476e245ac28b87e5c8.jpg,C:/Users/Bautista/Downloads/PrecisionSkin/Classes/Hyperpigmentation/image-38_jpg.rf.521571caa37256476e245ac28b87e5c8.jpg,close_up_facial,train,image-38_jpg,pseudo-label + correct (training),True,Hyperpigmentation,True,True
melasma16_jpg.rf.217d1c1fd39e92da04be9f28ab6e2741.jpg,C:/Users/Bautista/Downloads/PrecisionSkin/Classes/Hyperpigmentation/melasma16_jpg.rf.217d1c1fd39e92da04be9f28ab6e2741.jpg,close_up_facial,train,melasma16_jpg,pseudo-label + correct (training),True,Hyperpigmentation,True,True
fla-81-_JPG.rf.d5b8d83b98241c2727c414c08f6104c7.jpg,C:/Users/Bautista/Downloads/PrecisionSkin/Classes/Hyperpigmentation/fla-81-_JPG.rf.d5b8d83b98241c2727c414c08f6104c7.jpg,close_up_facial,train,fla-81-_jpg,pseudo-label + correct (training),True,Hyperpigmentation,True,True
259_left_png.rf.08f70b929aa880566975e429211d95d8.jpg,C:/Users/Bautista/Downloads/PrecisionSkin/Classes/Hyperpigmentation/259_left_png.rf.08f70b929aa880566975e429211d95d8.jpg,close_up_facial,train,259_left_png,pseudo-label + correct (training),False,,True,True
melasma24_jpg.rf.476519406513ebe4a69f529e8ffc25e3.jpg,C:/Users/Bautista/Downloads/PrecisionSkin/Classes/Hyperpigmentation/melasma24_jpg.rf.476519406513ebe4a69f529e8ffc25e3.jpg,partial_face,train,melasma24_jpg,pseudo-label + correct (training),True,Hyperpigmentation,True,True
aug_0_8157.jpg,C:/Users/Bautista/Downloads/PrecisionSkin/Classes/Hyperpigmentation/aug_0_8157.jpg,partial_face,train,aug_0_8157.jpg,pseudo-label + correct (training),False,,False,False
melasma23_png.rf.ccc26532e96fd7562971f1f1deec385b.jpg,C:/Users/Bautista/Downloads/PrecisionSkin/Classes/Hyperpigmentation/melasma23_png.rf.ccc26532e96fd7562971f1f1deec385b.jpg,full_face,train,melasma23_png,pseudo-label + correct (training),False,,True,True
9aab5972-409e-4eee-936d-0071e7305281.jpg,C:/Users/Bautista/Downloads/PrecisionSkin/Classes/Hyperpigmentation/9aab5972-409e-4eee-936d-0071e7305281.jpg,partial_face,train,9aab5972-409e-4eee-936d-0071e7305281.jpg,pseudo-label + correct (training),False,,False,False
aug_0_8466.jpg,C:/Users/Bautista/Downloads/PrecisionSkin/Classes/Hyperpigmentation/aug_0_8466.jpg,partial_face,train,aug_0_8466.jpg,pseudo-label + correct (training),False,,False,False
aug_0_7444.jpg,C:/Users/Bautista/Downloads/PrecisionSkin/Classes/Hyperpigmentation/aug_0_7444.jpg,partial_face,train,aug_0_7444.jpg,pseudo-label + correct (training),False,,False,False
125_left_png.rf.95b0df032fcfb3d52283595444725c72.jpg,C:/Users/Bautista/Downloads/PrecisionSkin/Classes/Hyperpigmentation/125_left_png.rf.95b0df032fcfb3d52283595444725c72.jpg,partial_face,train,125_left_png,pseudo-label + correct (training),True,Hyperpigmentation,True,True
43a83abc-c8b2-40d0-a838-c77cc10ee76b.jpg,C:/Users/Bautista/Downloads/PrecisionSkin/Classes/Hyperpigmentation/43a83abc-c8b2-40d0-a838-c77cc10ee76b.jpg,close_up_facial,train,43a83abc-c8b2-40d0-a838-c77cc10ee76b.jpg,pseudo-label + correct (training),False,,False,False
96e290e0-ebaa-487f-8b0b-5014c6b5c2a9.jpg,C:/Users/Bautista/Downloads/PrecisionSkin/Classes/Hyperpigmentation/96e290e0-ebaa-487f-8b0b-5014c6b5c2a9.jpg,partial_face,train,96e290e0-ebaa-487f-8b0b-5014c6b5c2a9.jpg,pseudo-label + correct (training),False,,False,False
Copy-of-melasma49_jpg.rf.227f531dedc9fc739524afb96e009db2.jpg,C:/Users/Bautista/Downloads/PrecisionSkin/Classes/Hyperpigmentation/Copy-of-melasma49_jpg.rf.227f531dedc9fc739524afb96e009db2.jpg,partial_face,train,copy-of-melasma49_jpg,pseudo-label + correct (training),True,Hyperpigmentation,True,True
114_jpg.rf.058d56f935b18e49793e7ec6094d3361.jpg,C:/Users/Bautista/Downloads/PrecisionSkin/Classes/Hyperpigmentation/114_jpg.rf.058d56f935b18e49793e7ec6094d3361.jpg,partial_face,train,114_jpg,pseudo-label + correct (training),False,,True,True
93_jpg.rf.c7ee913fb8532e8058a3655010ae6301.jpg,C:/Users/Bautista/Downloads/PrecisionSkin/Classes/Hyperpigmentation/93_jpg.rf.c7ee913fb8532e8058a3655010ae6301.jpg,close_up_facial,train,93_jpg,pseudo-label + correct (training),False,,True,True
aug_0_7625.jpg,C:/Users/Bautista/Downloads/PrecisionSkin/Classes/Hyperpigmentation/aug_0_7625.jpg,partial_face,train,aug_0_7625.jpg,pseudo-label + correct (training),False,,False,False
fla-77-_JPG.rf.1a3368d0d15b8650ee8e64781cb99dc7.jpg,C:/Users/Bautista/Downloads/PrecisionSkin/Classes/Hyperpigmentation/fla-77-_JPG.rf.1a3368d0d15b8650ee8e64781cb99dc7.jpg,close_up_facial,train,fla-77-_jpg,pseudo-label + correct (training),True,Hyperpigmentation,True,True
154_jpg.rf.83f905993ca9153820d9861e4ffb4efd.jpg,C:/Users/Bautista/Downloads/PrecisionSkin/Classes/Hyperpigmentation/154_jpg.rf.83f905993ca9153820d9861e4ffb4efd.jpg,close_up_facial,train,154_jpg,pseudo-label + correct (training),True,Hyperpigmentation,True,True
8c7a2e36-c577-4c7b-a7d7-e9a709f6c76d.jpg,C:/Users/Bautista/Downloads/PrecisionSkin/Classes/Hyperpigmentation/8c7a2e36-c577-4c7b-a7d7-e9a709f6c76d.jpg,close_up_facial,train,8c7a2e36-c577-4c7b-a7d7-e9a709f6c76d.jpg,pseudo-label + correct (training),False,,False,False
120_left_png.rf.9091266c4e874b2f5e3144c03bb73b9d.jpg,C:/Users/Bautista/Downloads/PrecisionSkin/Classes/Hyperpigmentation/120_left_png.rf.9091266c4e874b2f5e3144c03bb73b9d.jpg,close_up_facial,train,120_left_png,pseudo-label + correct (training),True,Hyperpigmentation,True,True
146_jpg.rf.3c5f690f2bf50e8ed9a98c304fdbeb0e.jpg,C:/Users/Bautista/Downloads/PrecisionSkin/Classes/Hyperpigmentation/146_jpg.rf.3c5f690f2bf50e8ed9a98c304fdbeb0e.jpg,partial_face,train,146_jpg,pseudo-label + correct (training),False,,True,True
aug_0_2105.jpg,C:/Users/Bautista/Downloads/PrecisionSkin/Classes/Hyperpigmentation/aug_0_2105.jpg,partial_face,train,aug_0_2105.jpg,pseudo-label + correct (training),False,,False,False
38afb976-5704-475b-93f3-ed7c2e58c184_jpg.rf.1ba03fca1fd94cd2901eac18c0e661d3.jpg,C:/Users/Bautista/Downloads/PrecisionSkin/Classes/Hyperpigmentation/38afb976-5704-475b-93f3-ed7c2e58c184_jpg.rf.1ba03fca1fd94cd2901eac18c0e661d3.jpg,partial_face,train,38afb976-5704-475b-93f3-ed7c2e58c184_jpg,pseudo-label + correct (training),False,,False,False
melasma16_jpg.rf.1b3270a1b91ae4fb30645620da8be475.jpg,C:/Users/Bautista/Downloads/PrecisionSkin/Classes/Hyperpigmentation/melasma16_jpg.rf.1b3270a1b91ae4fb30645620da8be475.jpg,close_up_facial,train,melasma16_jpg,pseudo-label + correct (training),True,Hyperpigmentation,True,True
6d19f100-58ec-49cc-aa84-200efb30dbd0.jpg,C:/Users/Bautista/Downloads/PrecisionSkin/Classes/Hyperpigmentation/6d19f100-58ec-49cc-aa84-200efb30dbd0.jpg,full_face,train,6d19f100-58ec-49cc-aa84-200efb30dbd0.jpg,pseudo-label + correct (training),False,,False,False
114_jpg.rf.7f80069dc0bb176f3b26b70c90b82da6.jpg,C:/Users/Bautista/Downloads/PrecisionSkin/Classes/Hyperpigmentation/114_jpg.rf.7f80069dc0bb176f3b26b70c90b82da6.jpg,partial_face,train,114_jpg,pseudo-label + correct (training),True,Hyperpigmentation,True,True
IMG_3751_jpg.rf.99478cb38119df5d175355fdf235e7e1.jpg,C:/Users/Bautista/Downloads/PrecisionSkin/Classes/Hyperpigmentation/IMG_3751_jpg.rf.99478cb38119df5d175355fdf235e7e1.jpg,close_up_facial,train,img_3751_jpg,pseudo-label + correct (training),True,Hyperpigmentation,True,True
image-54_jpg.rf.4d2204244c6511fb9880670e242df34e.jpg,C:/Users/Bautista/Downloads/PrecisionSkin/Classes/Hyperpigmentation/image-54_jpg.rf.4d2204244c6511fb9880670e242df34e.jpg,partial_face,train,image-54_jpg,pseudo-label + correct (training),True,Hyperpigmentation,True,True
m29_jpg.rf.5958f73caa4a49fb6e6ddb5ed9f0bd8e.jpg,C:/Users/Bautista/Downloads/PrecisionSkin/Classes/Hyperpigmentation/m29_jpg.rf.5958f73caa4a49fb6e6ddb5ed9f0bd8e.jpg,full_face,train,m29_jpg,pseudo-label + correct (training),False,,True,True
m61_jpg.rf.b1fb335b1d80f36ecdac6dd998af84b8.jpg,C:/Users/Bautista/Downloads/PrecisionSkin/Classes/Hyperpigmentation/m61_jpg.rf.b1fb335b1d80f36ecdac6dd998af84b8.jpg,partial_face,train,m61_jpg,pseudo-label + correct (training),False,,True,True
fla-74-_JPG.rf.dd804536c80185fe39b9d2644e54504e.jpg,C:/Users/Bautista/Downloads/PrecisionSkin/Classes/Hyperpigmentation/fla-74-_JPG.rf.dd804536c80185fe39b9d2644e54504e.jpg,partial_face,train,fla-74-_jpg,pseudo-label + correct (training),True,Hyperpigmentation,True,True
171_left_png.rf.f3cfd8143583305292100416283b066d.jpg,C:/Users/Bautista/Downloads/PrecisionSkin/Classes/Hyperpigmentation/171_left_png.rf.f3cfd8143583305292100416283b066d.jpg,close_up_facial,train,171_left_png,pseudo-label + correct (training),False,,True,True
aug_0_4556.jpg,C:/Users/Bautista/Downloads/PrecisionSkin/Classes/Hyperpigmentation/aug_0_4556.jpg,partial_face,train,aug_0_4556.jpg,pseudo-label + correct (training),False,,False,False
185_left_png.rf.cbeddc5d781e5805a1178abede11f10b.jpg,C:/Users/Bautista/Downloads/PrecisionSkin/Classes/Hyperpigmentation/185_left_png.rf.cbeddc5d781e5805a1178abede11f10b.jpg,close_up_facial,train,185_left_png,pseudo-label + correct (training),False,,True,True
image-37-1-_jpg.rf.70f2f11ed10930e5ecd78833eb56a691.jpg,C:/Users/Bautista/Downloads/PrecisionSkin/Classes/Hyperpigmentation/image-37-1-_jpg.rf.70f2f11ed10930e5ecd78833eb56a691.jpg,close_up_facial,train,image-37-1-_jpg,pseudo-label + correct (training),True,Hyperpigmentation,True,True
aug_0_2642.jpg,C:/Users/Bautista/Downloads/PrecisionSkin/Classes/Hyperpigmentation/aug_0_2642.jpg,partial_face,train,aug_0_2642.jpg,pseudo-label + correct (training),False,,False,False
melasma35_jpg.rf.9a31fa6f9a7238b18d343d82368cf6fd.jpg,C:/Users/Bautista/Downloads/PrecisionSkin/Classes/Hyperpigmentation/melasma35_jpg.rf.9a31fa6f9a7238b18d343d82368cf6fd.jpg,partial_face,train,melasma35_jpg,pseudo-label + correct (training),True,Hyperpigmentation,True,True
Copy-of-melasma27_jpg.rf.5311c661ee649cf5853d56db851ee059.jpg,C:/Users/Bautista/Downloads/PrecisionSkin/Classes/Hyperpigmentation/Copy-of-melasma27_jpg.rf.5311c661ee649cf5853d56db851ee059.jpg,partial_face,train,copy-of-melasma27_jpg,pseudo-label + correct (training),True,Hyperpigmentation,True,True
melasma53_png_jpg.rf.0363992752f4b4c2115e4128168cead3.jpg,C:/Users/Bautista/Downloads/PrecisionSkin/Classes/Hyperpigmentation/melasma53_png_jpg.rf.0363992752f4b4c2115e4128168cead3.jpg,full_face,train,melasma53_png_jpg,pseudo-label + correct (training),True,Hyperpigmentation,True,True
aug_0_7864.jpg,C:/Users/Bautista/Downloads/PrecisionSkin/Classes/Hyperpigmentation/aug_0_7864.jpg,close_up_facial,train,aug_0_7864.jpg,pseudo-label + correct (training),False,,False,False
melasma26_jpg.rf.da9073440e680119306709849e8a499e.jpg,C:/Users/Bautista/Downloads/PrecisionSkin/Classes/Hyperpigmentation/melasma26_jpg.rf.da9073440e680119306709849e8a499e.jpg,close_up_facial,train,melasma26_jpg,pseudo-label + correct (training),True,Hyperpigmentation,True,True
aug_0_9051.jpg,C:/Users/Bautista/Downloads/PrecisionSkin/Classes/Hyperpigmentation/aug_0_9051.jpg,partial_face,train,aug_0_9051.jpg,pseudo-label + correct (training),False,,False,False
86.jpg,C:/Users/Bautista/Downloads/PrecisionSkin/Classes/Hyperpigmentation/86.jpg,partial_face,train,86.jpg,pseudo-label + correct (training),False,,True,True
melasma53_png_jpg.rf.168607990cd47de9eef5827261518275.jpg,C:/Users/Bautista/Downloads/PrecisionSkin/Classes/Hyperpigmentation/melasma53_png_jpg.rf.168607990cd47de9eef5827261518275.jpg,full_face,train,melasma53_png_jpg,pseudo-label + correct (training),False,,True,True
aug_0_5445.jpg,C:/Users/Bautista/Downloads/PrecisionSkin/Classes/Hyperpigmentation/aug_0_5445.jpg,close_up_facial,train,aug_0_5445.jpg,pseudo-label + correct (training),False,,False,False
aug_0_3778.jpg,C:/Users/Bautista/Downloads/PrecisionSkin/Classes/Hyperpigmentation/aug_0_3778.jpg,partial_face,train,aug_0_3778.jpg,pseudo-label + correct (training),False,,False,False
image-59_jpg.rf.15fc50c8fb29cd0d72cd94e69c862015.jpg,C:/Users/Bautista/Downloads/PrecisionSkin/Classes/Hyperpigmentation/image-59_jpg.rf.15fc50c8fb29cd0d72cd94e69c862015.jpg,partial_face,train,image-59_jpg,pseudo-label + correct (training),True,Hyperpigmentation,True,True
d221d207-16d9-4ebc-b08e-3a5b9ee7f1ce.jpg,C:/Users/Bautista/Downloads/PrecisionSkin/Classes/Hyperpigmentation/d221d207-16d9-4ebc-b08e-3a5b9ee7f1ce.jpg,partial_face,train,d221d207-16d9-4ebc-b08e-3a5b9ee7f1ce.jpg,pseudo-label + correct (training),False,,False,False
9_left_png.rf.cf695c69f1d5fede32213f0265678d17.jpg,C:/Users/Bautista/Downloads/PrecisionSkin/Classes/Hyperpigmentation/9_left_png.rf.cf695c69f1d5fede32213f0265678d17.jpg,close_up_facial,train,9_left_png,pseudo-label + correct (training),False,,True,True
68_jpg.rf.3abade217fbe9d9840008b24212ece8d.jpg,C:/Users/Bautista/Downloads/PrecisionSkin/Classes/Hyperpigmentation/68_jpg.rf.3abade217fbe9d9840008b24212ece8d.jpg,partial_face,train,68_jpg,pseudo-label + correct (training),False,,True,True
aug_0_7802.jpg,C:/Users/Bautista/Downloads/PrecisionSkin/Classes/Hyperpigmentation/aug_0_7802.jpg,close_up_facial,train,aug_0_7802.jpg,pseudo-label + correct (training),False,,False,False
284_left_png.rf.0be8f904a56a6c87c90420c962db3843.jpg,C:/Users/Bautista/Downloads/PrecisionSkin/Classes/Hyperpigmentation/284_left_png.rf.0be8f904a56a6c87c90420c962db3843.jpg,full_face,train,284_left_png,pseudo-label + correct (training),False,,True,True
image-89-1-_jpg.rf.fd9f851ff0d9d025318c84d284f264a5.jpg,C:/Users/Bautista/Downloads/PrecisionSkin/Classes/Hyperpigmentation/image-89-1-_jpg.rf.fd9f851ff0d9d025318c84d284f264a5.jpg,partial_face,train,image-89-1-_jpg,pseudo-label + correct (training),True,Hyperpigmentation,True,True
64fce697-bf9c-4442-970a-70439c90f9bc.jpg,C:/Users/Bautista/Downloads/PrecisionSkin/Classes/Hyperpigmentation/64fce697-bf9c-4442-970a-70439c90f9bc.jpg,partial_face,train,64fce697-bf9c-4442-970a-70439c90f9bc.jpg,pseudo-label + correct (training),False,,False,False
ff7e81f3-a740-4d2e-9f37-908cecc840b6.jpg,C:/Users/Bautista/Downloads/PrecisionSkin/Classes/Hyperpigmentation/ff7e81f3-a740-4d2e-9f37-908cecc840b6.jpg,full_face,train,ff7e81f3-a740-4d2e-9f37-908cecc840b6.jpg,pseudo-label + correct (training),False,,False,False
image-23-1-_jpg.rf.e7e4eb793cefa1f3f13bf8408ed574a6.jpg,C:/Users/Bautista/Downloads/PrecisionSkin/Classes/Hyperpigmentation/image-23-1-_jpg.rf.e7e4eb793cefa1f3f13bf8408ed574a6.jpg,partial_face,train,image-23-1-_jpg,pseudo-label + correct (training),True,Hyperpigmentation,True,True
180_left_png.rf.c1112465c1d61d17a4873c806bcafd7a.jpg,C:/Users/Bautista/Downloads/PrecisionSkin/Classes/Hyperpigmentation/180_left_png.rf.c1112465c1d61d17a4873c806bcafd7a.jpg,close_up_facial,train,180_left_png,pseudo-label + correct (training),False,,True,True
image-60_jpg.rf.04bf97df14d6b5093c585ae725185478.jpg,C:/Users/Bautista/Downloads/PrecisionSkin/Classes/Hyperpigmentation/image-60_jpg.rf.04bf97df14d6b5093c585ae725185478.jpg,partial_face,train,image-60_jpg,pseudo-label + correct (training),True,Hyperpigmentation,True,True
melasma58_png_jpg.rf.ccd46f3784fd705527420fe67666d078.jpg,C:/Users/Bautista/Downloads/PrecisionSkin/Classes/Hyperpigmentation/melasma58_png_jpg.rf.ccd46f3784fd705527420fe67666d078.jpg,full_face,train,melasma58_png_jpg,pseudo-label + correct (training),False,,True,True
aug_0_6635.jpg,C:/Users/Bautista/Downloads/PrecisionSkin/Classes/Hyperpigmentation/aug_0_6635.jpg,partial_face,train,aug_0_6635.jpg,pseudo-label + correct (training),False,,False,False
melasma12_png.rf.473166fddff8d37f7cb0b000b9ee7c70.jpg,C:/Users/Bautista/Downloads/PrecisionSkin/Classes/Hyperpigmentation/melasma12_png.rf.473166fddff8d37f7cb0b000b9ee7c70.jpg,full_face,train,melasma12_png,pseudo-label + correct (training),False,,True,True
186_left_png.rf.b52da5360bbabbee83bd7e4066a2d2ad.jpg,C:/Users/Bautista/Downloads/PrecisionSkin/Classes/Hyperpigmentation/186_left_png.rf.b52da5360bbabbee83bd7e4066a2d2ad.jpg,close_up_facial,train,186_left_png,pseudo-label + correct (training),True,Hyperpigmentation,True,True
m4_jpg.rf.f6c6724c1ae8030fed4d9ec95f264dac.jpg,C:/Users/Bautista/Downloads/PrecisionSkin/Classes/Hyperpigmentation/m4_jpg.rf.f6c6724c1ae8030fed4d9ec95f264dac.jpg,partial_face,train,m4_jpg,pseudo-label + correct (training),False,,True,True
Copy-of-melasma18_jpg.rf.a15a7fb4027dcd9e6698b15ce8f10c92.jpg,C:/Users/Bautista/Downloads/PrecisionSkin/Classes/Hyperpigmentation/Copy-of-melasma18_jpg.rf.a15a7fb4027dcd9e6698b15ce8f10c92.jpg,partial_face,train,copy-of-melasma18_jpg,pseudo-label + correct (training),True,Hyperpigmentation,True,True
265_left_png.rf.94d969242a6c412a0b060e87426aee10.jpg,C:/Users/Bautista/Downloads/PrecisionSkin/Classes/Hyperpigmentation/265_left_png.rf.94d969242a6c412a0b060e87426aee10.jpg,partial_face,train,265_left_png,pseudo-label + correct (training),False,,True,True
176_left_png.rf.0eaf4036e0ec71fd4681859d0efdd20f.jpg,C:/Users/Bautista/Downloads/PrecisionSkin/Classes/Hyperpigmentation/176_left_png.rf.0eaf4036e0ec71fd4681859d0efdd20f.jpg,full_face,train,176_left_png,pseudo-label + correct (training),False,,True,True
adc72e27-namtannhang_34_jpg.rf.53b43ae12ead8954a55c604dc77857d2.jpg,C:/Users/Bautista/Downloads/PrecisionSkin/Classes/Hyperpigmentation/adc72e27-namtannhang_34_jpg.rf.53b43ae12ead8954a55c604dc77857d2.jpg,partial_face,train,adc72e27-namtannhang_34_jpg,pseudo-label + correct (training),True,Hyperpigmentation,True,True
238_left_png.rf.6460c1a1b5c1047f4c67a22951bf6a98.jpg,C:/Users/Bautista/Downloads/PrecisionSkin/Classes/Hyperpigmentation/238_left_png.rf.6460c1a1b5c1047f4c67a22951bf6a98.jpg,close_up_facial,train,238_left_png,pseudo-label + correct (training),True,Hyperpigmentation,True,True
145_jpg.rf.0d9a0ad5c29607562528a1ea8b404849.jpg,C:/Users/Bautista/Downloads/PrecisionSkin/Classes/Hyperpigmentation/145_jpg.rf.0d9a0ad5c29607562528a1ea8b404849.jpg,partial_face,train,145_jpg,pseudo-label + correct (training),True,Hyperpigmentation,True,True
melasma49_jpg.rf.f78a166ed3ec4358a95ed7a4b35b8383.jpg,C:/Users/Bautista/Downloads/PrecisionSkin/Classes/Hyperpigmentation/melasma49_jpg.rf.f78a166ed3ec4358a95ed7a4b35b8383.jpg,full_face,train,melasma49_jpg,pseudo-label + correct (training),False,,True,True
aug_0_7398.jpg,C:/Users/Bautista/Downloads/PrecisionSkin/Classes/Hyperpigmentation/aug_0_7398.jpg,partial_face,train,aug_0_7398.jpg,pseudo-label + correct (training),False,,False,False
fla-72-_JPG.rf.71df7e869c9faabda23ffee177ba244c.jpg,C:/Users/Bautista/Downloads/PrecisionSkin/Classes/Hyperpigmentation/fla-72-_JPG.rf.71df7e869c9faabda23ffee177ba244c.jpg,close_up_facial,train,fla-72-_jpg,pseudo-label + correct (training),True,Hyperpigmentation,True,True
image-21_jpg.rf.d92902b2473c264e38feaebe405b8824.jpg,C:/Users/Bautista/Downloads/PrecisionSkin/Classes/Hyperpigmentation/image-21_jpg.rf.d92902b2473c264e38feaebe405b8824.jpg,partial_face,train,image-21_jpg,pseudo-label + correct (training),True,Hyperpigmentation,True,True
9a457d99-b7cb-4168-b5a5-08324b8f9852.jpg,C:/Users/Bautista/Downloads/PrecisionSkin/Classes/Hyperpigmentation/9a457d99-b7cb-4168-b5a5-08324b8f9852.jpg,partial_face,train,9a457d99-b7cb-4168-b5a5-08324b8f9852.jpg,pseudo-label + correct (training),False,,False,False
Copy-of-melasma20_jpg.rf.318802db60722023ea717510d40e7f8e.jpg,C:/Users/Bautista/Downloads/PrecisionSkin/Classes/Hyperpigmentation/Copy-of-melasma20_jpg.rf.318802db60722023ea717510d40e7f8e.jpg,partial_face,train,copy-of-melasma20_jpg,pseudo-label + correct (training),True,Hyperpigmentation,True,True
9_jpg.rf.7c88856e0cdad2901a853c3dfc60d09f.jpg,C:/Users/Bautista/Downloads/PrecisionSkin/Classes/Hyperpigmentation/9_jpg.rf.7c88856e0cdad2901a853c3dfc60d09f.jpg,partial_face,train,9_jpg,pseudo-label + correct (training),False,,False,False
64fce697-bf9c-4442-970a-70439c90f9bc_jpg.rf.bdc95efd51ecd495c11e9f6dc91da06e.jpg,C:/Users/Bautista/Downloads/PrecisionSkin/Classes/Hyperpigmentation/64fce697-bf9c-4442-970a-70439c90f9bc_jpg.rf.bdc95efd51ecd495c11e9f6dc91da06e.jpg,partial_face,train,64fce697-bf9c-4442-970a-70439c90f9bc_jpg,pseudo-label + correct (training),False,,False,False
95_jpg.rf.8317e7f6fe53046992309ebbf12e48d5.jpg,C:/Users/Bautista/Downloads/PrecisionSkin/Classes/Hyperpigmentation/95_jpg.rf.8317e7f6fe53046992309ebbf12e48d5.jpg,partial_face,train,95_jpg,pseudo-label + correct (training),False,,True,True
73a56ea4-namtannhang_30_jpg.rf.536ba906e00e365ea122e431391c4185.jpg,C:/Users/Bautista/Downloads/PrecisionSkin/Classes/Hyperpigmentation/73a56ea4-namtannhang_30_jpg.rf.536ba906e00e365ea122e431391c4185.jpg,close_up_facial,train,73a56ea4-namtannhang_30_jpg,pseudo-label + correct (training),True,Hyperpigmentation,True,True
melasma4_jpg.rf.342f50fc4163ac15effc128fa6231b8d.jpg,C:/Users/Bautista/Downloads/PrecisionSkin/Classes/Hyperpigmentation/melasma4_jpg.rf.342f50fc4163ac15effc128fa6231b8d.jpg,partial_face,train,melasma4_jpg,pseudo-label + correct (training),True,Hyperpigmentation,True,True
m83_jpg.rf.4b3f8aa390557373c1ad36022999881b.jpg,C:/Users/Bautista/Downloads/PrecisionSkin/Classes/Hyperpigmentation/m83_jpg.rf.4b3f8aa390557373c1ad36022999881b.jpg,full_face,train,m83_jpg,pseudo-label + correct (training),False,,True,True
image-80-1-_jpg.rf.61ee68534c5973b4b370320d7d2ad011.jpg,C:/Users/Bautista/Downloads/PrecisionSkin/Classes/Hyperpigmentation/image-80-1-_jpg.rf.61ee68534c5973b4b370320d7d2ad011.jpg,full_face,train,image-80-1-_jpg,pseudo-label + correct (training),True,Hyperpigmentation,True,True
3_jpg.rf.3e69d06c444b57966634f989757ae5cb.jpg,C:/Users/Bautista/Downloads/PrecisionSkin/Classes/Hyperpigmentation/3_jpg.rf.3e69d06c444b57966634f989757ae5cb.jpg,full_face,train,3_jpg,pseudo-label + correct (training),False,,True,True
melasma43_jpg.rf.9a478dca6a9f118715943448469f470f.jpg,C:/Users/Bautista/Downloads/PrecisionSkin/Classes/Hyperpigmentation/melasma43_jpg.rf.9a478dca6a9f118715943448469f470f.jpg,full_face,train,melasma43_jpg,pseudo-label + correct (training),True,Hyperpigmentation,True,True
image-25-1-_jpg.rf.ca495bf5145e4f9e25181de62feac553.jpg,C:/Users/Bautista/Downloads/PrecisionSkin/Classes/Hyperpigmentation/image-25-1-_jpg.rf.ca495bf5145e4f9e25181de62feac553.jpg,close_up_facial,train,image-25-1-_jpg,pseudo-label + correct (training),True,Hyperpigmentation,True,True
melasma5_jpg.rf.5cc3b6ca957a3975acb271d14f367742.jpg,C:/Users/Bautista/Downloads/PrecisionSkin/Classes/Hyperpigmentation/melasma5_jpg.rf.5cc3b6ca957a3975acb271d14f367742.jpg,close_up_facial,train,melasma5_jpg,pseudo-label + correct (training),True,Hyperpigmentation,True,True
45_left_png.rf.701c2a0dadd0ec0a7dad803b03cafc6b.jpg,C:/Users/Bautista/Downloads/PrecisionSkin/Classes/Hyperpigmentation/45_left_png.rf.701c2a0dadd0ec0a7dad803b03cafc6b.jpg,close_up_facial,train,45_left_png,pseudo-label + correct (training),False,,True,True
183_left_png.rf.956fd4334d3b37fde9d3d188467b444f.jpg,C:/Users/Bautista/Downloads/PrecisionSkin/Classes/Hyperpigmentation/183_left_png.rf.956fd4334d3b37fde9d3d188467b444f.jpg,full_face,train,183_left_png,pseudo-label + correct (training),False,,True,True
50_jpg.rf.6d85f6ee8195997862c9a3e9b47ec418.jpg,C:/Users/Bautista/Downloads/PrecisionSkin/Classes/Hyperpigmentation/50_jpg.rf.6d85f6ee8195997862c9a3e9b47ec418.jpg,close_up_facial,train,50_jpg,pseudo-label + correct (training),False,,False,False
image-22-2-_jpg.rf.3535d944c4185dc2a3af8966c58caef5.jpg,C:/Users/Bautista/Downloads/PrecisionSkin/Classes/Hyperpigmentation/image-22-2-_jpg.rf.3535d944c4185dc2a3af8966c58caef5.jpg,close_up_facial,train,image-22-2-_jpg,pseudo-label + correct (training),True,Hyperpigmentation,True,True
image-81-1-_jpg.rf.d2b0f3a964166b8c3c15c3c8e6922072.jpg,C:/Users/Bautista/Downloads/PrecisionSkin/Classes/Hyperpigmentation/image-81-1-_jpg.rf.d2b0f3a964166b8c3c15c3c8e6922072.jpg,close_up_facial,train,image-81-1-_jpg,pseudo-label + correct (training),True,Hyperpigmentation,True,True
117_left_png.rf.7de2e6f7d94504a85086b93a1f022a57.jpg,C:/Users/Bautista/Downloads/PrecisionSkin/Classes/Hyperpigmentation/117_left_png.rf.7de2e6f7d94504a85086b93a1f022a57.jpg,close_up_facial,train,117_left_png,pseudo-label + correct (training),False,,True,True
292_left_png.rf.9006aacc23e028b28fca79fafcb831e8.jpg,C:/Users/Bautista/Downloads/PrecisionSkin/Classes/Hyperpigmentation/292_left_png.rf.9006aacc23e028b28fca79fafcb831e8.jpg,close_up_facial,train,292_left_png,pseudo-label + correct (training),True,Hyperpigmentation,True,True
30_left_jpg.rf.0d760710dced27b9f514b2fd13a1ed69.jpg,C:/Users/Bautista/Downloads/PrecisionSkin/Classes/Hyperpigmentation/30_left_jpg.rf.0d760710dced27b9f514b2fd13a1ed69.jpg,close_up_facial,train,30_left_jpg,pseudo-label + correct (training),True,Hyperpigmentation,True,True
melasma32_jpg.rf.40ac52785f47cf9be842dc6e9b34501a.jpg,C:/Users/Bautista/Downloads/PrecisionSkin/Classes/Hyperpigmentation/melasma32_jpg.rf.40ac52785f47cf9be842dc6e9b34501a.jpg,partial_face,train,melasma32_jpg,pseudo-label + correct (training),True,Hyperpigmentation,True,True
110_jpg.rf.47d983d9d6b301a0aa784851c8eed379.jpg,C:/Users/Bautista/Downloads/PrecisionSkin/Classes/Hyperpigmentation/110_jpg.rf.47d983d9d6b301a0aa784851c8eed379.jpg,partial_face,train,110_jpg,pseudo-label + correct (training),True,Hyperpigmentation,True,True
157_jpg.rf.93ea55e0fc27a8beba58417e8088df42.jpg,C:/Users/Bautista/Downloads/PrecisionSkin/Classes/Hyperpigmentation/157_jpg.rf.93ea55e0fc27a8beba58417e8088df42.jpg,close_up_facial,train,157_jpg,pseudo-label + correct (training),True,Hyperpigmentation,True,True
melasma28_jpg.rf.77f1b93cf7193267bd4df40047e04d56.jpg,C:/Users/Bautista/Downloads/PrecisionSkin/Classes/Hyperpigmentation/melasma28_jpg.rf.77f1b93cf7193267bd4df40047e04d56.jpg,full_face,train,melasma28_jpg,pseudo-label + correct (training),True,Hyperpigmentation,True,True
image-104-1-_jpg.rf.0d2c7941124532fda744b48906e61f4d.jpg,C:/Users/Bautista/Downloads/PrecisionSkin/Classes/Hyperpigmentation/image-104-1-_jpg.rf.0d2c7941124532fda744b48906e61f4d.jpg,close_up_facial,train,image-104-1-_jpg,pseudo-label + correct (training),True,Hyperpigmentation,True,True
102_jpg.rf.c9bc82b7f77df9f5b01fa56c63c05147.jpg,C:/Users/Bautista/Downloads/PrecisionSkin/Classes/Hyperpigmentation/102_jpg.rf.c9bc82b7f77df9f5b01fa56c63c05147.jpg,close_up_facial,train,102_jpg,pseudo-label + correct (training),True,Hyperpigmentation,True,True
melasma59_png_jpg.rf.c7131312eb5094a487b1ed2e7e941da9.jpg,C:/Users/Bautista/Downloads/PrecisionSkin/Classes/Hyperpigmentation/melasma59_png_jpg.rf.c7131312eb5094a487b1ed2e7e941da9.jpg,partial_face,train,melasma59_png_jpg,pseudo-label + correct (training),True,Hyperpigmentation,True,True
114_jpg.rf.f6cdd333560620adb5564e225da1380a.jpg,C:/Users/Bautista/Downloads/PrecisionSkin/Classes/Hyperpigmentation/114_jpg.rf.f6cdd333560620adb5564e225da1380a.jpg,partial_face,train,114_jpg,pseudo-label + correct (training),False,,True,True
29_jpg.rf.7442dafc65341ee041d08755069f8bdb.jpg,C:/Users/Bautista/Downloads/PrecisionSkin/Classes/Hyperpigmentation/29_jpg.rf.7442dafc65341ee041d08755069f8bdb.jpg,partial_face,train,29_jpg,pseudo-label + correct (training),False,,True,True
158_left_png.rf.f76beb01661a7593f5cc1defa9bc8a34.jpg,C:/Users/Bautista/Downloads/PrecisionSkin/Classes/Hyperpigmentation/158_left_png.rf.f76beb01661a7593f5cc1defa9bc8a34.jpg,partial_face,train,158_left_png,pseudo-label + correct (training),False,,True,True
aug_0_7747.jpg,C:/Users/Bautista/Downloads/PrecisionSkin/Classes/Hyperpigmentation/aug_0_7747.jpg,close_up_facial,train,aug_0_7747.jpg,pseudo-label + correct (training),False,,False,False
165_jpg.rf.ef4c3dfb303dc7489c23ca043a747fdc.jpg,C:/Users/Bautista/Downloads/PrecisionSkin/Classes/Hyperpigmentation/165_jpg.rf.ef4c3dfb303dc7489c23ca043a747fdc.jpg,partial_face,train,165_jpg,pseudo-label + correct (training),True,Hyperpigmentation,True,True
c066cab4-e204-47b5-be8a-35b33c3fb48d_jpeg.rf.c2f08626eb1b0f57e5d410cf5b77a210.jpg,C:/Users/Bautista/Downloads/PrecisionSkin/Classes/Hyperpigmentation/c066cab4-e204-47b5-be8a-35b33c3fb48d_jpeg.rf.c2f08626eb1b0f57e5d410cf5b77a210.jpg,partial_face,train,c066cab4-e204-47b5-be8a-35b33c3fb48d_jpeg,pseudo-label + correct (training),True,Hyperpigmentation,True,True
97_jpg.rf.2b3b6a339a6abe22dcd31606d7c41cdb.jpg,C:/Users/Bautista/Downloads/PrecisionSkin/Classes/Hyperpigmentation/97_jpg.rf.2b3b6a339a6abe22dcd31606d7c41cdb.jpg,partial_face,train,97_jpg,pseudo-label + correct (training),False,,True,True
59_jpg.rf.7c3d1740b68ce45b5de6ed7a80ea0952.jpg,C:/Users/Bautista/Downloads/PrecisionSkin/Classes/Hyperpigmentation/59_jpg.rf.7c3d1740b68ce45b5de6ed7a80ea0952.jpg,partial_face,train,59_jpg,pseudo-label + correct (training),True,Hyperpigmentation,True,True
melasma19_png.rf.30ef642105a55f1607bb804f72a874ec.jpg,C:/Users/Bautista/Downloads/PrecisionSkin/Classes/Hyperpigmentation/melasma19_png.rf.30ef642105a55f1607bb804f72a874ec.jpg,full_face,train,melasma19_png,pseudo-label + correct (training),True,Hyperpigmentation,True,True
fla-31-_JPG.rf.70f034484205d2f8f5ddd3656a039b11.jpg,C:/Users/Bautista/Downloads/PrecisionSkin/Classes/Hyperpigmentation/fla-31-_JPG.rf.70f034484205d2f8f5ddd3656a039b11.jpg,close_up_facial,train,fla-31-_jpg,pseudo-label + correct (training),True,Hyperpigmentation,True,True
102_left_png.rf.7876f109f3c603165e696fab783b60db.jpg,C:/Users/Bautista/Downloads/PrecisionSkin/Classes/Hyperpigmentation/102_left_png.rf.7876f109f3c603165e696fab783b60db.jpg,full_face,train,102_left_png,pseudo-label + correct (training),True,Hyperpigmentation,True,True
148_jpg.rf.1a514d01015d948b89a4bb0195a29008.jpg,C:/Users/Bautista/Downloads/PrecisionSkin/Classes/Hyperpigmentation/148_jpg.rf.1a514d01015d948b89a4bb0195a29008.jpg,partial_face,train,148_jpg,pseudo-label + correct (training),True,Hyperpigmentation,True,True
melasma63_png_jpg.rf.4255b7459580c3f628b6ea7acf8fcc35.jpg,C:/Users/Bautista/Downloads/PrecisionSkin/Classes/Hyperpigmentation/melasma63_png_jpg.rf.4255b7459580c3f628b6ea7acf8fcc35.jpg,partial_face,train,melasma63_png_jpg,pseudo-label + correct (training),True,Hyperpigmentation,True,True
19_left_jpg.rf.c8d9a21a1890b5da0d368ecc1fb5caaa.jpg,C:/Users/Bautista/Downloads/PrecisionSkin/Classes/Hyperpigmentation/19_left_jpg.rf.c8d9a21a1890b5da0d368ecc1fb5caaa.jpg,partial_face,train,19_left_jpg,pseudo-label + correct (training),True,Hyperpigmentation,True,True
melasma54_png_jpg.rf.04a1d2bbaba12470f747a3f8518d9fd4.jpg,C:/Users/Bautista/Downloads/PrecisionSkin/Classes/Hyperpigmentation/melasma54_png_jpg.rf.04a1d2bbaba12470f747a3f8518d9fd4.jpg,full_face,train,melasma54_png_jpg,pseudo-label + correct (training),True,Hyperpigmentation,True,True
image-49_jpg.rf.7d75256fdfd85019454b3187fe8f8bdb.jpg,C:/Users/Bautista/Downloads/PrecisionSkin/Classes/Hyperpigmentation/image-49_jpg.rf.7d75256fdfd85019454b3187fe8f8bdb.jpg,partial_face,train,image-49_jpg,pseudo-label + correct (training),True,Hyperpigmentation,True,True
melasma37_jpg.rf.8ecaf122a5eb5920168884e5aa2dcd06.jpg,C:/Users/Bautista/Downloads/PrecisionSkin/Classes/Hyperpigmentation/melasma37_jpg.rf.8ecaf122a5eb5920168884e5aa2dcd06.jpg,partial_face,train,melasma37_jpg,pseudo-label + correct (training),True,Hyperpigmentation,True,True
aug_0_7180.jpg,C:/Users/Bautista/Downloads/PrecisionSkin/Classes/Hyperpigmentation/aug_0_7180.jpg,close_up_facial,train,aug_0_7180.jpg,pseudo-label + correct (training),False,,False,False
344ed90a-2401-45b0-b48a-d023138260dd.jpg,C:/Users/Bautista/Downloads/PrecisionSkin/Classes/Hyperpigmentation/344ed90a-2401-45b0-b48a-d023138260dd.jpg,full_face,train,344ed90a-2401-45b0-b48a-d023138260dd.jpg,pseudo-label + correct (training),False,,False,False
aug_0_1341.jpg,C:/Users/Bautista/Downloads/PrecisionSkin/Classes/Hyperpigmentation/aug_0_1341.jpg,close_up_facial,train,aug_0_1341.jpg,pseudo-label + correct (training),False,,False,False
b2dc0e85-cc56-4f58-a82e-7a65a4d5fb12.jpg,C:/Users/Bautista/Downloads/PrecisionSkin/Classes/Hyperpigmentation/b2dc0e85-cc56-4f58-a82e-7a65a4d5fb12.jpg,partial_face,train,b2dc0e85-cc56-4f58-a82e-7a65a4d5fb12.jpg,pseudo-label + correct (training),False,,False,False
image-107_jpg.rf.6a1e987bf4f4e12c83ae345026a13022.jpg,C:/Users/Bautista/Downloads/PrecisionSkin/Classes/Hyperpigmentation/image-107_jpg.rf.6a1e987bf4f4e12c83ae345026a13022.jpg,partial_face,train,image-107_jpg,pseudo-label + correct (training),True,Hyperpigmentation,True,True
164_jpg.rf.01c58ea9d051dd18607af0bed346331c.jpg,C:/Users/Bautista/Downloads/PrecisionSkin/Classes/Hyperpigmentation/164_jpg.rf.01c58ea9d051dd18607af0bed346331c.jpg,partial_face,train,164_jpg,pseudo-label + correct (training),True,Hyperpigmentation,True,True
175_left_png.rf.c9f1f4b9b1251aa5f8202df743f7e266.jpg,C:/Users/Bautista/Downloads/PrecisionSkin/Classes/Hyperpigmentation/175_left_png.rf.c9f1f4b9b1251aa5f8202df743f7e266.jpg,full_face,train,175_left_png,pseudo-label + correct (training),False,,True,True
aug_0_2512.jpg,C:/Users/Bautista/Downloads/PrecisionSkin/Classes/Hyperpigmentation/aug_0_2512.jpg,partial_face,train,aug_0_2512.jpg,pseudo-label + correct (training),False,,False,False
m38_jpg.rf.e26cabc82811e273ae557bb89b644d9e.jpg,C:/Users/Bautista/Downloads/PrecisionSkin/Classes/Hyperpigmentation/m38_jpg.rf.e26cabc82811e273ae557bb89b644d9e.jpg,partial_face,train,m38_jpg,pseudo-label + correct (training),True,Hyperpigmentation,True,True
melasma7_jpg.rf.b5660896d4db433c672c26677946fd62.jpg,C:/Users/Bautista/Downloads/PrecisionSkin/Classes/Hyperpigmentation/melasma7_jpg.rf.b5660896d4db433c672c26677946fd62.jpg,partial_face,train,melasma7_jpg,pseudo-label + correct (training),True,Hyperpigmentation,True,True
Copy-of-melasma29_jpg.rf.2ca437bcb3b7bd347a8b4752fb1fcd96.jpg,C:/Users/Bautista/Downloads/PrecisionSkin/Classes/Hyperpigmentation/Copy-of-melasma29_jpg.rf.2ca437bcb3b7bd347a8b4752fb1fcd96.jpg,full_face,train,copy-of-melasma29_jpg,pseudo-label + correct (training),True,Hyperpigmentation,True,True
image-40_jpg.rf.02b893ab63e5dd3d77b1062d250e0f40.jpg,C:/Users/Bautista/Downloads/PrecisionSkin/Classes/Hyperpigmentation/image-40_jpg.rf.02b893ab63e5dd3d77b1062d250e0f40.jpg,close_up_facial,train,image-40_jpg,pseudo-label + correct (training),True,Hyperpigmentation,True,True
aug_0_2215.jpg,C:/Users/Bautista/Downloads/PrecisionSkin/Classes/Hyperpigmentation/aug_0_2215.jpg,partial_face,train,aug_0_2215.jpg,pseudo-label + correct (training),False,,False,False
melasma28_jpg.rf.446787e99feabedae2d2327cb894fd88.jpg,C:/Users/Bautista/Downloads/PrecisionSkin/Classes/Hyperpigmentation/melasma28_jpg.rf.446787e99feabedae2d2327cb894fd88.jpg,full_face,train,melasma28_jpg,pseudo-label + correct (training),False,,True,True
265_left_png.rf.cd379a14800cf487dd2cde4fb5b02d68.jpg,C:/Users/Bautista/Downloads/PrecisionSkin/Classes/Hyperpigmentation/265_left_png.rf.cd379a14800cf487dd2cde4fb5b02d68.jpg,partial_face,train,265_left_png,pseudo-label + correct (training),False,,True,True
fla-18-_JPG.rf.d1a45e0121c02b52a9a02d5a875e79df.jpg,C:/Users/Bautista/Downloads/PrecisionSkin/Classes/Hyperpigmentation/fla-18-_JPG.rf.d1a45e0121c02b52a9a02d5a875e79df.jpg,close_up_facial,train,fla-18-_jpg,pseudo-label + correct (training),True,Hyperpigmentation,True,True
aug_0_8607.jpg,C:/Users/Bautista/Downloads/PrecisionSkin/Classes/Hyperpigmentation/aug_0_8607.jpg,partial_face,train,aug_0_8607.jpg,pseudo-label + correct (training),False,,False,False
melasma46_jpg.rf.2711a267f2f7804fcd198d65bf6a342a.jpg,C:/Users/Bautista/Downloads/PrecisionSkin/Classes/Hyperpigmentation/melasma46_jpg.rf.2711a267f2f7804fcd198d65bf6a342a.jpg,close_up_facial,train,melasma46_jpg,pseudo-label + correct (training),True,Hyperpigmentation,True,True
aug_0_7470.jpg,C:/Users/Bautista/Downloads/PrecisionSkin/Classes/Hyperpigmentation/aug_0_7470.jpg,full_face,train,aug_0_7470.jpg,pseudo-label + correct (training),False,,False,False
melasma23_png.rf.a26093ef42e04fe846e24bf572a3b12b.jpg,C:/Users/Bautista/Downloads/PrecisionSkin/Classes/Hyperpigmentation/melasma23_png.rf.a26093ef42e04fe846e24bf572a3b12b.jpg,full_face,train,melasma23_png,pseudo-label + correct (training),False,,True,True
melasma47_jpg.rf.6e92d1532f4554ff6bda135793f2c8a1.jpg,C:/Users/Bautista/Downloads/PrecisionSkin/Classes/Hyperpigmentation/melasma47_jpg.rf.6e92d1532f4554ff6bda135793f2c8a1.jpg,partial_face,train,melasma47_jpg,pseudo-label + correct (training),True,Hyperpigmentation,True,True
melasma55_png_jpg.rf.748bc785e1affb3e9945e253b5927b30.jpg,C:/Users/Bautista/Downloads/PrecisionSkin/Classes/Hyperpigmentation/melasma55_png_jpg.rf.748bc785e1affb3e9945e253b5927b30.jpg,full_face,train,melasma55_png_jpg,pseudo-label + correct (training),False,,True,True
114_jpg.rf.5b47d405c729b38eae88493e054f7b74.jpg,C:/Users/Bautista/Downloads/PrecisionSkin/Classes/Hyperpigmentation/114_jpg.rf.5b47d405c729b38eae88493e054f7b74.jpg,partial_face,train,114_jpg,pseudo-label + correct (training),False,,True,True
aug_0_6124.jpg,C:/Users/Bautista/Downloads/PrecisionSkin/Classes/Hyperpigmentation/aug_0_6124.jpg,partial_face,train,aug_0_6124.jpg,pseudo-label + correct (training),False,,False,False
112_jpg.rf.96aec11fb5d741723a175c23fe934562.jpg,C:/Users/Bautista/Downloads/PrecisionSkin/Classes/Hyperpigmentation/112_jpg.rf.96aec11fb5d741723a175c23fe934562.jpg,close_up_facial,train,112_jpg,pseudo-label + correct (training),False,,True,True
857ba2f1-e672-40c8-b520-efeda228a6fd.jpg,C:/Users/Bautista/Downloads/PrecisionSkin/Classes/Hyperpigmentation/857ba2f1-e672-40c8-b520-efeda228a6fd.jpg,partial_face,train,857ba2f1-e672-40c8-b520-efeda228a6fd.jpg,pseudo-label + correct (training),False,,False,False
aug_0_1083.jpg,C:/Users/Bautista/Downloads/PrecisionSkin/Classes/Hyperpigmentation/aug_0_1083.jpg,close_up_facial,train,aug_0_1083.jpg,pseudo-label + correct (training),False,,False,False
image-60_jpg.rf.560eb50a9660a42cbc636c968f33341b.jpg,C:/Users/Bautista/Downloads/PrecisionSkin/Classes/Hyperpigmentation/image-60_jpg.rf.560eb50a9660a42cbc636c968f33341b.jpg,partial_face,train,image-60_jpg,pseudo-label + correct (training),True,Hyperpigmentation,True,True
melasma12_png.rf.34ce3081172161fd85cb9435bd1c075b.jpg,C:/Users/Bautista/Downloads/PrecisionSkin/Classes/Hyperpigmentation/melasma12_png.rf.34ce3081172161fd85cb9435bd1c075b.jpg,full_face,train,melasma12_png,pseudo-label + correct (training),False,,True,True
melasma56_png_jpg.rf.3bb16cdcfa781047426c5f256ddd29da.jpg,C:/Users/Bautista/Downloads/PrecisionSkin/Classes/Hyperpigmentation/melasma56_png_jpg.rf.3bb16cdcfa781047426c5f256ddd29da.jpg,full_face,train,melasma56_png_jpg,pseudo-label + correct (training),False,,True,True
34.jpg,C:/Users/Bautista/Downloads/PrecisionSkin/Classes/Hyperpigmentation/34.jpg,partial_face,train,34.jpg,pseudo-label + correct (training),False,,True,True
image-26_jpg.rf.a449463349e73d9951a2bbae167b4d67.jpg,C:/Users/Bautista/Downloads/PrecisionSkin/Classes/Hyperpigmentation/image-26_jpg.rf.a449463349e73d9951a2bbae167b4d67.jpg,full_face,train,image-26_jpg,pseudo-label + correct (training),True,Hyperpigmentation,True,True
melasma22_png.rf.2c886267b05772e7c189b32b6fbbbab5.jpg,C:/Users/Bautista/Downloads/PrecisionSkin/Classes/Hyperpigmentation/melasma22_png.rf.2c886267b05772e7c189b32b6fbbbab5.jpg,partial_face,train,melasma22_png,pseudo-label + correct (training),False,,True,True
aug_0_6385.jpg,C:/Users/Bautista/Downloads/PrecisionSkin/Classes/Hyperpigmentation/aug_0_6385.jpg,partial_face,train,aug_0_6385.jpg,pseudo-label + correct (training),False,,False,False
melasma16_jpg.rf.fa0c5278b2d7349500bd992964c316f1.jpg,C:/Users/Bautista/Downloads/PrecisionSkin/Classes/Hyperpigmentation/melasma16_jpg.rf.fa0c5278b2d7349500bd992964c316f1.jpg,partial_face,train,melasma16_jpg,pseudo-label + correct (training),True,Hyperpigmentation,True,True
melasma-4_jpg.rf.03ef9e269fb728f64087a5c58176ee23.jpg,C:/Users/Bautista/Downloads/PrecisionSkin/Classes/Hyperpigmentation/melasma-4_jpg.rf.03ef9e269fb728f64087a5c58176ee23.jpg,full_face,train,melasma-4_jpg,pseudo-label + correct (training),False,,True,True
aug_0_3487.jpg,C:/Users/Bautista/Downloads/PrecisionSkin/Classes/Hyperpigmentation/aug_0_3487.jpg,partial_face,train,aug_0_3487.jpg,pseudo-label + correct (training),False,,False,False
image-39_jpg.rf.c7580eea9a217a6c24a6352b3f2ff15e.jpg,C:/Users/Bautista/Downloads/PrecisionSkin/Classes/Hyperpigmentation/image-39_jpg.rf.c7580eea9a217a6c24a6352b3f2ff15e.jpg,partial_face,train,image-39_jpg,pseudo-label + correct (training),True,Hyperpigmentation,True,True
aug_0_4374.jpg,C:/Users/Bautista/Downloads/PrecisionSkin/Classes/Hyperpigmentation/aug_0_4374.jpg,partial_face,train,aug_0_4374.jpg,pseudo-label + correct (training),False,,False,False
2e81a0f1-fe62-4ccc-8ddb-409bd965277c.jpg,C:/Users/Bautista/Downloads/PrecisionSkin/Classes/Hyperpigmentation/2e81a0f1-fe62-4ccc-8ddb-409bd965277c.jpg,partial_face,train,2e81a0f1-fe62-4ccc-8ddb-409bd965277c.jpg,pseudo-label + correct (training),False,,False,False
145c0c21-d758-4d57-a3dd-a15ed0c4e855.jpg,C:/Users/Bautista/Downloads/PrecisionSkin/Classes/Hyperpigmentation/145c0c21-d758-4d57-a3dd-a15ed0c4e855.jpg,close_up_facial,train,145c0c21-d758-4d57-a3dd-a15ed0c4e855.jpg,pseudo-label + correct (training),True,Hyperpigmentation,True,True
Melasma25_jpg.rf.f9532dbfd40dbe8c6a25c020ea40af23.jpg,C:/Users/Bautista/Downloads/PrecisionSkin/Classes/Hyperpigmentation/Melasma25_jpg.rf.f9532dbfd40dbe8c6a25c020ea40af23.jpg,full_face,train,melasma25_jpg,pseudo-label + correct (training),False,,True,True
aug_0_4020.jpg,C:/Users/Bautista/Downloads/PrecisionSkin/Classes/Hyperpigmentation/aug_0_4020.jpg,partial_face,train,aug_0_4020.jpg,pseudo-label + correct (training),False,,False,False
image-89-1-_jpg.rf.2e84c147061987d268131bb4dd8438c1.jpg,C:/Users/Bautista/Downloads/PrecisionSkin/Classes/Hyperpigmentation/image-89-1-_jpg.rf.2e84c147061987d268131bb4dd8438c1.jpg,partial_face,train,image-89-1-_jpg,pseudo-label + correct (training),True,Hyperpigmentation,True,True
85_left_png.rf.6902e0b4dc417a5692f4bd335db5f943.jpg,C:/Users/Bautista/Downloads/PrecisionSkin/Classes/Hyperpigmentation/85_left_png.rf.6902e0b4dc417a5692f4bd335db5f943.jpg,partial_face,train,85_left_png,pseudo-label + correct (training),True,Hyperpigmentation,True,True
image-38_jpg.rf.d6d96e7b8a137b4369ee7c77709bc91a.jpg,C:/Users/Bautista/Downloads/PrecisionSkin/Classes/Hyperpigmentation/image-38_jpg.rf.d6d96e7b8a137b4369ee7c77709bc91a.jpg,partial_face,train,image-38_jpg,pseudo-label + correct (training),True,Hyperpigmentation,True,True
aug_0_9226.jpg,C:/Users/Bautista/Downloads/PrecisionSkin/Classes/Hyperpigmentation/aug_0_9226.jpg,partial_face,train,aug_0_9226.jpg,pseudo-label + correct (training),False,,False,False
3145_jpg.rf.6edaa06f82318aec647b3892ff026059.jpg,C:/Users/Bautista/Downloads/PrecisionSkin/Classes/Hyperpigmentation/3145_jpg.rf.6edaa06f82318aec647b3892ff026059.jpg,partial_face,train,3145_jpg,pseudo-label + correct (training),True,Hyperpigmentation,True,True
image-108_jpg.rf.cd6fbc56dba27c9a53ed089436b81382.jpg,C:/Users/Bautista/Downloads/PrecisionSkin/Classes/Hyperpigmentation/image-108_jpg.rf.cd6fbc56dba27c9a53ed089436b81382.jpg,partial_face,train,image-108_jpg,pseudo-label + correct (training),True,Hyperpigmentation,True,True
melasm73_png_jpg.rf.ac13e6bca4f5e4a3a2824d5d0fc5bc6e.jpg,C:/Users/Bautista/Downloads/PrecisionSkin/Classes/Hyperpigmentation/melasm73_png_jpg.rf.ac13e6bca4f5e4a3a2824d5d0fc5bc6e.jpg,close_up_facial,train,melasm73_png_jpg,pseudo-label + correct (training),True,Hyperpigmentation,True,True
Copy-of-melasma41_jpg.rf.9788f86f75d66012dea13d7f3e7117b6.jpg,C:/Users/Bautista/Downloads/PrecisionSkin/Classes/Hyperpigmentation/Copy-of-melasma41_jpg.rf.9788f86f75d66012dea13d7f3e7117b6.jpg,partial_face,train,copy-of-melasma41_jpg,pseudo-label + correct (training),True,Hyperpigmentation,True,True
melasma37_jpg.rf.5571aa8d83a535baf704f5fa30bc1dcc.jpg,C:/Users/Bautista/Downloads/PrecisionSkin/Classes/Hyperpigmentation/melasma37_jpg.rf.5571aa8d83a535baf704f5fa30bc1dcc.jpg,full_face,train,melasma37_jpg,pseudo-label + correct (training),True,Hyperpigmentation,True,True
aug_0_1818.jpg,C:/Users/Bautista/Downloads/PrecisionSkin/Classes/Hyperpigmentation/aug_0_1818.jpg,partial_face,train,aug_0_1818.jpg,pseudo-label + correct (training),False,,False,False
135_jpg.rf.91d7ef9297ca213227002787123fc0d8.jpg,C:/Users/Bautista/Downloads/PrecisionSkin/Classes/Hyperpigmentation/135_jpg.rf.91d7ef9297ca213227002787123fc0d8.jpg,partial_face,train,135_jpg,pseudo-label + correct (training),False,,True,True
Copy-of-melasma56_jpg.rf.ef7ce0f9ff171fbe0d8f08026c403b24.jpg,C:/Users/Bautista/Downloads/PrecisionSkin/Classes/Hyperpigmentation/Copy-of-melasma56_jpg.rf.ef7ce0f9ff171fbe0d8f08026c403b24.jpg,full_face,train,copy-of-melasma56_jpg,pseudo-label + correct (training),True,Hyperpigmentation,True,True
image-25-1-_jpg.rf.00778872daf62369e2f162a2b8fdd664.jpg,C:/Users/Bautista/Downloads/PrecisionSkin/Classes/Hyperpigmentation/image-25-1-_jpg.rf.00778872daf62369e2f162a2b8fdd664.jpg,close_up_facial,train,image-25-1-_jpg,pseudo-label + correct (training),True,Hyperpigmentation,True,True
image-75-1-_jpg.rf.d795508e2b571ac7eb44dd618a865225.jpg,C:/Users/Bautista/Downloads/PrecisionSkin/Classes/Hyperpigmentation/image-75-1-_jpg.rf.d795508e2b571ac7eb44dd618a865225.jpg,close_up_facial,train,image-75-1-_jpg,pseudo-label + correct (training),True,Hyperpigmentation,True,True
aug_0_1459.jpg,C:/Users/Bautista/Downloads/PrecisionSkin/Classes/Hyperpigmentation/aug_0_1459.jpg,partial_face,train,aug_0_1459.jpg,pseudo-label + correct (training),False,,False,False
97eeed53-d813-4f64-863e-229b88975281.jpg,C:/Users/Bautista/Downloads/PrecisionSkin/Classes/Hyperpigmentation/97eeed53-d813-4f64-863e-229b88975281.jpg,close_up_facial,train,97eeed53-d813-4f64-863e-229b88975281.jpg,pseudo-label + correct (training),False,,False,False
Copy-of-melasma45_jpg.rf.517c1dcb50f06fd36b0618c572076cb2.jpg,C:/Users/Bautista/Downloads/PrecisionSkin/Classes/Hyperpigmentation/Copy-of-melasma45_jpg.rf.517c1dcb50f06fd36b0618c572076cb2.jpg,full_face,train,copy-of-melasma45_jpg,pseudo-label + correct (training),True,Hyperpigmentation,True,True
image-8_jpg.rf.fe1b697b64b7ea74b571305d198129d6.jpg,C:/Users/Bautista/Downloads/PrecisionSkin/Classes/Hyperpigmentation/image-8_jpg.rf.fe1b697b64b7ea74b571305d198129d6.jpg,close_up_facial,train,image-8_jpg,pseudo-label + correct (training),True,Hyperpigmentation,True,True
m100_jpg.rf.f14a6dc6196ac154855e6ee1ffc07abf.jpg,C:/Users/Bautista/Downloads/PrecisionSkin/Classes/Hyperpigmentation/m100_jpg.rf.f14a6dc6196ac154855e6ee1ffc07abf.jpg,close_up_facial,train,m100_jpg,pseudo-label + correct (training),True,Hyperpigmentation,True,True
aug_0_4676.jpg,C:/Users/Bautista/Downloads/PrecisionSkin/Classes/Hyperpigmentation/aug_0_4676.jpg,partial_face,train,aug_0_4676.jpg,pseudo-label + correct (training),False,,False,False
176_left_png.rf.cee6ce7ddd8590a1e37844cfc0be0dfb.jpg,C:/Users/Bautista/Downloads/PrecisionSkin/Classes/Hyperpigmentation/176_left_png.rf.cee6ce7ddd8590a1e37844cfc0be0dfb.jpg,full_face,train,176_left_png,pseudo-label + correct (training),False,,True,True
aug_0_7004.jpg,C:/Users/Bautista/Downloads/PrecisionSkin/Classes/Hyperpigmentation/aug_0_7004.jpg,full_face,train,aug_0_7004.jpg,pseudo-label + correct (training),False,,False,False
238_left_png.rf.73dfaf902a203700eda196b7f3951035.jpg,C:/Users/Bautista/Downloads/PrecisionSkin/Classes/Hyperpigmentation/238_left_png.rf.73dfaf902a203700eda196b7f3951035.jpg,close_up_facial,train,238_left_png,pseudo-label + correct (training),False,,True,True
aug_0_7075.jpg,C:/Users/Bautista/Downloads/PrecisionSkin/Classes/Hyperpigmentation/aug_0_7075.jpg,close_up_facial,train,aug_0_7075.jpg,pseudo-label + correct (training),False,,False,False
aug_0_2264.jpg,C:/Users/Bautista/Downloads/PrecisionSkin/Classes/Hyperpigmentation/aug_0_2264.jpg,full_face,train,aug_0_2264.jpg,pseudo-label + correct (training),False,,False,False
aug_0_9412.jpg,C:/Users/Bautista/Downloads/PrecisionSkin/Classes/Hyperpigmentation/aug_0_9412.jpg,partial_face,train,aug_0_9412.jpg,pseudo-label + correct (training),False,,False,False
268_left_png.rf.f83db4f6fe68180ec00829b2aed88b59.jpg,C:/Users/Bautista/Downloads/PrecisionSkin/Classes/Hyperpigmentation/268_left_png.rf.f83db4f6fe68180ec00829b2aed88b59.jpg,partial_face,train,268_left_png,pseudo-label + correct (training),True,Hyperpigmentation,True,True
melasma43_jpg.rf.9ec2adcea90d87a283f6f1c87500d7ca.jpg,C:/Users/Bautista/Downloads/PrecisionSkin/Classes/Hyperpigmentation/melasma43_jpg.rf.9ec2adcea90d87a283f6f1c87500d7ca.jpg,full_face,train,melasma43_jpg,pseudo-label + correct (training),True,Hyperpigmentation,True,True
aug_0_1666.jpg,C:/Users/Bautista/Downloads/PrecisionSkin/Classes/Hyperpigmentation/aug_0_1666.jpg,partial_face,train,aug_0_1666.jpg,pseudo-label + correct (training),False,,False,False
149_jpg.rf.a3e77a455f619a8858893d3cdf9cadd7.jpg,C:/Users/Bautista/Downloads/PrecisionSkin/Classes/Hyperpigmentation/149_jpg.rf.a3e77a455f619a8858893d3cdf9cadd7.jpg,partial_face,train,149_jpg,pseudo-label + correct (training),False,,True,True
melasma37_jpg.rf.21dae81fb501f96fbcdf772157da813c.jpg,C:/Users/Bautista/Downloads/PrecisionSkin/Classes/Hyperpigmentation/melasma37_jpg.rf.21dae81fb501f96fbcdf772157da813c.jpg,full_face,train,melasma37_jpg,pseudo-label + correct (training),False,,True,True
melasma11_png.rf.8ec1c025eed420c4e0d714b4de5a2e07.jpg,C:/Users/Bautista/Downloads/PrecisionSkin/Classes/Hyperpigmentation/melasma11_png.rf.8ec1c025eed420c4e0d714b4de5a2e07.jpg,full_face,train,melasma11_png,pseudo-label + correct (training),False,,True,True
freckles-164-_jpg.rf.587b44db4989455a5e426969cd4b770e.jpg,C:/Users/Bautista/Downloads/PrecisionSkin/Classes/Hyperpigmentation/freckles-164-_jpg.rf.587b44db4989455a5e426969cd4b770e.jpg,full_face,train,freckles-164-_jpg,pseudo-label + correct (training),False,,True,True
melasma27_jpg.rf.b064d9b9dc5aa9c50dbaa9667b9e9dce.jpg,C:/Users/Bautista/Downloads/PrecisionSkin/Classes/Hyperpigmentation/melasma27_jpg.rf.b064d9b9dc5aa9c50dbaa9667b9e9dce.jpg,partial_face,train,melasma27_jpg,pseudo-label + correct (training),True,Hyperpigmentation,True,True
image-29-1-_jpg.rf.8988b83e6323aee74160ccaf4bae81b8.jpg,C:/Users/Bautista/Downloads/PrecisionSkin/Classes/Hyperpigmentation/image-29-1-_jpg.rf.8988b83e6323aee74160ccaf4bae81b8.jpg,close_up_facial,train,image-29-1-_jpg,pseudo-label + correct (training),True,Hyperpigmentation,True,True
image-3-1-_jpg.rf.7b57d367e67f7938708b29b1b0277fb6.jpg,C:/Users/Bautista/Downloads/PrecisionSkin/Classes/Hyperpigmentation/image-3-1-_jpg.rf.7b57d367e67f7938708b29b1b0277fb6.jpg,partial_face,train,image-3-1-_jpg,pseudo-label + correct (training),True,Hyperpigmentation,True,True
60_jpg.rf.aa801eb3324b45103f8c25d6300752fa.jpg,C:/Users/Bautista/Downloads/PrecisionSkin/Classes/Hyperpigmentation/60_jpg.rf.aa801eb3324b45103f8c25d6300752fa.jpg,full_face,train,60_jpg,pseudo-label + correct (training),False,,True,True
flnv1-3-_jpg.rf.214aa0b10ba03879231c7b62a3caa002.jpg,C:/Users/Bautista/Downloads/PrecisionSkin/Classes/Hyperpigmentation/flnv1-3-_jpg.rf.214aa0b10ba03879231c7b62a3caa002.jpg,close_up_facial,train,flnv1-3-_jpg,pseudo-label + correct (training),True,Hyperpigmentation,True,True
Melasma1_png.rf.2ddc027e0590cad6bfdff4b1dfa9b1b1.jpg,C:/Users/Bautista/Downloads/PrecisionSkin/Classes/Hyperpigmentation/Melasma1_png.rf.2ddc027e0590cad6bfdff4b1dfa9b1b1.jpg,full_face,train,melasma1_png,pseudo-label + correct (training),False,,True,True
aug_0_1252.jpg,C:/Users/Bautista/Downloads/PrecisionSkin/Classes/Hyperpigmentation/aug_0_1252.jpg,partial_face,train,aug_0_1252.jpg,pseudo-label + correct (training),False,,False,False
3_jpg.rf.a5eb9e5b02bfc0b13177957e28266220.jpg,C:/Users/Bautista/Downloads/PrecisionSkin/Classes/Hyperpigmentation/3_jpg.rf.a5eb9e5b02bfc0b13177957e28266220.jpg,partial_face,train,3_jpg,pseudo-label + correct (training),True,Hyperpigmentation,True,True
aug_0_3519.jpg,C:/Users/Bautista/Downloads/PrecisionSkin/Classes/Hyperpigmentation/aug_0_3519.jpg,partial_face,train,aug_0_3519.jpg,pseudo-label + correct (training),False,,False,False
fl-12-_jpg.rf.360ce0b8570f57273e7e69a9532350d9.jpg,C:/Users/Bautista/Downloads/PrecisionSkin/Classes/Hyperpigmentation/fl-12-_jpg.rf.360ce0b8570f57273e7e69a9532350d9.jpg,close_up_facial,train,fl-12-_jpg,pseudo-label + correct (training),False,,True,True
melasma49_jpg.rf.310676299fa02c6bc055cd5a915dc9fc.jpg,C:/Users/Bautista/Downloads/PrecisionSkin/Classes/Hyperpigmentation/melasma49_jpg.rf.310676299fa02c6bc055cd5a915dc9fc.jpg,full_face,train,melasma49_jpg,pseudo-label + correct (training),False,,True,True
139_jpg.rf.83340f1c1ec118e357d7897c582e7061.jpg,C:/Users/Bautista/Downloads/PrecisionSkin/Classes/Hyperpigmentation/139_jpg.rf.83340f1c1ec118e357d7897c582e7061.jpg,partial_face,train,139_jpg,pseudo-label + correct (training),True,Hyperpigmentation,True,True
image-84_jpg.rf.982627b09babceac3bfc6e8745f10c42.jpg,C:/Users/Bautista/Downloads/PrecisionSkin/Classes/Hyperpigmentation/image-84_jpg.rf.982627b09babceac3bfc6e8745f10c42.jpg,partial_face,train,image-84_jpg,pseudo-label + correct (training),True,Hyperpigmentation,True,True
aug_0_2373.jpg,C:/Users/Bautista/Downloads/PrecisionSkin/Classes/Hyperpigmentation/aug_0_2373.jpg,close_up_facial,train,aug_0_2373.jpg,pseudo-label + correct (training),False,,False,False
277_left_png.rf.86ba466468348ea2bded8c64570ddfd9.jpg,C:/Users/Bautista/Downloads/PrecisionSkin/Classes/Hyperpigmentation/277_left_png.rf.86ba466468348ea2bded8c64570ddfd9.jpg,partial_face,train,277_left_png,pseudo-label + correct (training),False,,True,True
67_left_png.rf.a8f480b7338b323bb4b4a81a36efdf03.jpg,C:/Users/Bautista/Downloads/PrecisionSkin/Classes/Hyperpigmentation/67_left_png.rf.a8f480b7338b323bb4b4a81a36efdf03.jpg,close_up_facial,train,67_left_png,pseudo-label + correct (training),True,Hyperpigmentation,True,True
fla-67-_JPG.rf.eb5daa29d338a35c2d34d2dc80100bbe.jpg,C:/Users/Bautista/Downloads/PrecisionSkin/Classes/Hyperpigmentation/fla-67-_JPG.rf.eb5daa29d338a35c2d34d2dc80100bbe.jpg,partial_face,train,fla-67-_jpg,pseudo-label + correct (training),False,,True,True
melasm73_png_jpg.rf.5ad229557760aa37fa1e7e81799a96c5.jpg,C:/Users/Bautista/Downloads/PrecisionSkin/Classes/Hyperpigmentation/melasm73_png_jpg.rf.5ad229557760aa37fa1e7e81799a96c5.jpg,close_up_facial,train,melasm73_png_jpg,pseudo-label + correct (training),True,Hyperpigmentation,True,True
87_jpg.rf.71446537f9ef3ff279ab25539767b9aa.jpg,C:/Users/Bautista/Downloads/PrecisionSkin/Classes/Hyperpigmentation/87_jpg.rf.71446537f9ef3ff279ab25539767b9aa.jpg,partial_face,train,87_jpg,pseudo-label + correct (training),False,,True,True
116_left_png.rf.efb3495a264fd55e20e12131e80a5992.jpg,C:/Users/Bautista/Downloads/PrecisionSkin/Classes/Hyperpigmentation/116_left_png.rf.efb3495a264fd55e20e12131e80a5992.jpg,partial_face,train,116_left_png,pseudo-label + correct (training),False,,True,True
melasma55_png_jpg.rf.56808433434dca5b853dc5afaa0c18bd.jpg,C:/Users/Bautista/Downloads/PrecisionSkin/Classes/Hyperpigmentation/melasma55_png_jpg.rf.56808433434dca5b853dc5afaa0c18bd.jpg,full_face,train,melasma55_png_jpg,pseudo-label + correct (training),False,,True,True
77251e7e-eaf9-493b-b4cd-a261ca6b1a14_jpg.rf.275e39dd5fff6d232470bc2257bcb3ba.jpg,C:/Users/Bautista/Downloads/PrecisionSkin/Classes/Hyperpigmentation/77251e7e-eaf9-493b-b4cd-a261ca6b1a14_jpg.rf.275e39dd5fff6d232470bc2257bcb3ba.jpg,close_up_facial,train,77251e7e-eaf9-493b-b4cd-a261ca6b1a14_jpg,pseudo-label + correct (training),False,,False,False
aug_0_5676.jpg,C:/Users/Bautista/Downloads/PrecisionSkin/Classes/Hyperpigmentation/aug_0_5676.jpg,partial_face,train,aug_0_5676.jpg,pseudo-label + correct (training),False,,False,False
melasma18_jpg.rf.e9498df45515857b075bfd972a3c54dc.jpg,C:/Users/Bautista/Downloads/PrecisionSkin/Classes/Hyperpigmentation/melasma18_jpg.rf.e9498df45515857b075bfd972a3c54dc.jpg,close_up_facial,train,melasma18_jpg,pseudo-label + correct (training),True,Hyperpigmentation,True,True
154_jpg.rf.b4ef900bdb16a0965bfb1e1a204e7c0d.jpg,C:/Users/Bautista/Downloads/PrecisionSkin/Classes/Hyperpigmentation/154_jpg.rf.b4ef900bdb16a0965bfb1e1a204e7c0d.jpg,close_up_facial,train,154_jpg,pseudo-label + correct (training),False,,True,True
image-108_jpg.rf.57f8c27e0a98ba160423f4fe86110376.jpg,C:/Users/Bautista/Downloads/PrecisionSkin/Classes/Hyperpigmentation/image-108_jpg.rf.57f8c27e0a98ba160423f4fe86110376.jpg,partial_face,train,image-108_jpg,pseudo-label + correct (training),True,Hyperpigmentation,True,True
aug_0_4012.jpg,C:/Users/Bautista/Downloads/PrecisionSkin/Classes/Hyperpigmentation/aug_0_4012.jpg,partial_face,train,aug_0_4012.jpg,pseudo-label + correct (training),False,,False,False
433679f8-b278-4787-9f44-b5ad8dde11da.jpg,C:/Users/Bautista/Downloads/PrecisionSkin/Classes/Hyperpigmentation/433679f8-b278-4787-9f44-b5ad8dde11da.jpg,partial_face,train,433679f8-b278-4787-9f44-b5ad8dde11da.jpg,pseudo-label + correct (training),False,,False,False
183_left_png.rf.d58a03cfb02a4baae22e62434cc8aa51.jpg,C:/Users/Bautista/Downloads/PrecisionSkin/Classes/Hyperpigmentation/183_left_png.rf.d58a03cfb02a4baae22e62434cc8aa51.jpg,full_face,train,183_left_png,pseudo-label + correct (training),False,,True,True
image-11-1-_jpg.rf.cadd7e0504d747580dcae4c60b6c1461.jpg,C:/Users/Bautista/Downloads/PrecisionSkin/Classes/Hyperpigmentation/image-11-1-_jpg.rf.cadd7e0504d747580dcae4c60b6c1461.jpg,partial_face,train,image-11-1-_jpg,pseudo-label + correct (training),False,,True,True
melasma35_jpg.rf.689eb0bcef299b2b34a01391dc963a34.jpg,C:/Users/Bautista/Downloads/PrecisionSkin/Classes/Hyperpigmentation/melasma35_jpg.rf.689eb0bcef299b2b34a01391dc963a34.jpg,partial_face,train,melasma35_jpg,pseudo-label + correct (training),True,Hyperpigmentation,True,True
aug_0_2415.jpg,C:/Users/Bautista/Downloads/PrecisionSkin/Classes/Hyperpigmentation/aug_0_2415.jpg,partial_face,train,aug_0_2415.jpg,pseudo-label + correct (training),False,,False,False
aug_0_2.jpg,C:/Users/Bautista/Downloads/PrecisionSkin/Classes/Hyperpigmentation/aug_0_2.jpg,close_up_facial,train,aug_0_2.jpg,pseudo-label + correct (training),False,,False,False
ff18447a-5aed-46c6-bb31-d2ec58b52e03.jpg,C:/Users/Bautista/Downloads/PrecisionSkin/Classes/Hyperpigmentation/ff18447a-5aed-46c6-bb31-d2ec58b52e03.jpg,partial_face,train,ff18447a-5aed-46c6-bb31-d2ec58b52e03.jpg,pseudo-label + correct (training),False,,False,False
melasma27_jpg.rf.d799fbe0c5db81b4f4d439cb9208e133.jpg,C:/Users/Bautista/Downloads/PrecisionSkin/Classes/Hyperpigmentation/melasma27_jpg.rf.d799fbe0c5db81b4f4d439cb9208e133.jpg,partial_face,train,melasma27_jpg,pseudo-label + correct (training),True,Hyperpigmentation,True,True
9b4d1032-c4d7-4b30-89ba-523cf69d36ff.jpg,C:/Users/Bautista/Downloads/PrecisionSkin/Classes/Hyperpigmentation/9b4d1032-c4d7-4b30-89ba-523cf69d36ff.jpg,partial_face,train,9b4d1032-c4d7-4b30-89ba-523cf69d36ff.jpg,pseudo-label + correct (training),False,,False,False
melasma31_jpg.rf.6abd27be5f4903097755a679b32fa51d.jpg,C:/Users/Bautista/Downloads/PrecisionSkin/Classes/Hyperpigmentation/melasma31_jpg.rf.6abd27be5f4903097755a679b32fa51d.jpg,close_up_facial,train,melasma31_jpg,pseudo-label + correct (training),True,Hyperpigmentation,True,True
aug_0_6328.jpg,C:/Users/Bautista/Downloads/PrecisionSkin/Classes/Hyperpigmentation/aug_0_6328.jpg,partial_face,train,aug_0_6328.jpg,pseudo-label + correct (training),False,,False,False
42018b4e-namtannhang_8_jpg.rf.77aae72201209b1322ff48f29981d64a.jpg,C:/Users/Bautista/Downloads/PrecisionSkin/Classes/Hyperpigmentation/42018b4e-namtannhang_8_jpg.rf.77aae72201209b1322ff48f29981d64a.jpg,close_up_facial,train,42018b4e-namtannhang_8_jpg,pseudo-label + correct (training),True,Hyperpigmentation,True,True
aug_0_5618.jpg,C:/Users/Bautista/Downloads/PrecisionSkin/Classes/Hyperpigmentation/aug_0_5618.jpg,partial_face,train,aug_0_5618.jpg,pseudo-label + correct (training),False,,False,False
melasma53_png_jpg.rf.d622c94964d23ec1be3964508c1e530d.jpg,C:/Users/Bautista/Downloads/PrecisionSkin/Classes/Hyperpigmentation/melasma53_png_jpg.rf.d622c94964d23ec1be3964508c1e530d.jpg,full_face,train,melasma53_png_jpg,pseudo-label + correct (training),False,,True,True
Melasma25_jpg.rf.2a2710f93d154882a62475568d63dc04.jpg,C:/Users/Bautista/Downloads/PrecisionSkin/Classes/Hyperpigmentation/Melasma25_jpg.rf.2a2710f93d154882a62475568d63dc04.jpg,full_face,train,melasma25_jpg,pseudo-label + correct (training),False,,True,True
image-108_jpg.rf.0dce19e1c76904e5bae452cfc12d2a5c.jpg,C:/Users/Bautista/Downloads/PrecisionSkin/Classes/Hyperpigmentation/image-108_jpg.rf.0dce19e1c76904e5bae452cfc12d2a5c.jpg,partial_face,train,image-108_jpg,pseudo-label + correct (training),True,Hyperpigmentation,True,True
aug_0_5528.jpg,C:/Users/Bautista/Downloads/PrecisionSkin/Classes/Hyperpigmentation/aug_0_5528.jpg,partial_face,train,aug_0_5528.jpg,pseudo-label + correct (training),False,,False,False
923126c5-16a0-48ed-969e-0b43af0f3c1e.jpg,C:/Users/Bautista/Downloads/PrecisionSkin/Classes/Hyperpigmentation/923126c5-16a0-48ed-969e-0b43af0f3c1e.jpg,close_up_facial,train,923126c5-16a0-48ed-969e-0b43af0f3c1e.jpg,pseudo-label + correct (training),False,,False,False
289_left_png.rf.39b7572961ce7db72c77a21d2c1668e8.jpg,C:/Users/Bautista/Downloads/PrecisionSkin/Classes/Hyperpigmentation/289_left_png.rf.39b7572961ce7db72c77a21d2c1668e8.jpg,close_up_facial,train,289_left_png,pseudo-label + correct (training),True,Hyperpigmentation,True,True
aug_0_1262.jpg,C:/Users/Bautista/Downloads/PrecisionSkin/Classes/Hyperpigmentation/aug_0_1262.jpg,close_up_facial,train,aug_0_1262.jpg,pseudo-label + correct (training),False,,False,False
131_left_png.rf.1eb31a291053ce33a27c122c6a8813fb.jpg,C:/Users/Bautista/Downloads/PrecisionSkin/Classes/Hyperpigmentation/131_left_png.rf.1eb31a291053ce33a27c122c6a8813fb.jpg,partial_face,train,131_left_png,pseudo-label + correct (training),False,,True,True
7_jpg.rf.a50ee139245e2d72d52137af3e945078.jpg,C:/Users/Bautista/Downloads/PrecisionSkin/Classes/Hyperpigmentation/7_jpg.rf.a50ee139245e2d72d52137af3e945078.jpg,close_up_facial,train,7_jpg,pseudo-label + correct (training),False,,False,False
image-76-1-_jpg.rf.de661d2a83771ba0d1f6e696b4c2b9cf.jpg,C:/Users/Bautista/Downloads/PrecisionSkin/Classes/Hyperpigmentation/image-76-1-_jpg.rf.de661d2a83771ba0d1f6e696b4c2b9cf.jpg,close_up_facial,train,image-76-1-_jpg,pseudo-label + correct (training),True,Hyperpigmentation,True,True
282_left_png.rf.c4e8e860d81458ee57017b76ea970088.jpg,C:/Users/Bautista/Downloads/PrecisionSkin/Classes/Hyperpigmentation/282_left_png.rf.c4e8e860d81458ee57017b76ea970088.jpg,partial_face,train,282_left_png,pseudo-label + correct (training),True,Hyperpigmentation,True,True
Copy-of-melasma31_jpg.rf.5594a15e1778d7e726652cc14e0d79ec.jpg,C:/Users/Bautista/Downloads/PrecisionSkin/Classes/Hyperpigmentation/Copy-of-melasma31_jpg.rf.5594a15e1778d7e726652cc14e0d79ec.jpg,partial_face,train,copy-of-melasma31_jpg,pseudo-label + correct (training),True,Hyperpigmentation,True,True
9aca6223-fe38-4958-81d7-71e16a0018c7.jpg,C:/Users/Bautista/Downloads/PrecisionSkin/Classes/Hyperpigmentation/9aca6223-fe38-4958-81d7-71e16a0018c7.jpg,close_up_facial,train,9aca6223-fe38-4958-81d7-71e16a0018c7.jpg,pseudo-label + correct (training),False,,False,False
aea4383c-8a9d-442c-9636-2e5d415458f2.jpg,C:/Users/Bautista/Downloads/PrecisionSkin/Classes/Hyperpigmentation/aea4383c-8a9d-442c-9636-2e5d415458f2.jpg,close_up_facial,train,aea4383c-8a9d-442c-9636-2e5d415458f2.jpg,pseudo-label + correct (training),True,Hyperpigmentation,False,True
melasma40_jpg.rf.fd148d344316f868bc48b36403ff8d7f.jpg,C:/Users/Bautista/Downloads/PrecisionSkin/Classes/Hyperpigmentation/melasma40_jpg.rf.fd148d344316f868bc48b36403ff8d7f.jpg,full_face,train,melasma40_jpg,pseudo-label + correct (training),True,Hyperpigmentation,True,True
melasma39_jpg.rf.59ba285c27f8a9809095b8a64eff220f.jpg,C:/Users/Bautista/Downloads/PrecisionSkin/Classes/Hyperpigmentation/melasma39_jpg.rf.59ba285c27f8a9809095b8a64eff220f.jpg,full_face,train,melasma39_jpg,pseudo-label + correct (training),True,Hyperpigmentation,True,True
aug_0_991.jpg,C:/Users/Bautista/Downloads/PrecisionSkin/Classes/Hyperpigmentation/aug_0_991.jpg,partial_face,train,aug_0_991.jpg,pseudo-label + correct (training),False,,False,False
freckles-164-_jpg.rf.e6bdbea0bdb9c45ebc5c9727022ae68a.jpg,C:/Users/Bautista/Downloads/PrecisionSkin/Classes/Hyperpigmentation/freckles-164-_jpg.rf.e6bdbea0bdb9c45ebc5c9727022ae68a.jpg,full_face,train,freckles-164-_jpg,pseudo-label + correct (training),False,,True,True
image-48-1-_jpg.rf.ec4b5fc5cc10190e065f0e99c492cbba.jpg,C:/Users/Bautista/Downloads/PrecisionSkin/Classes/Hyperpigmentation/image-48-1-_jpg.rf.ec4b5fc5cc10190e065f0e99c492cbba.jpg,close_up_facial,train,image-48-1-_jpg,pseudo-label + correct (training),True,Hyperpigmentation,True,True
melasma43_jpg.rf.251eee901b4afca05c79c27e475614e8.jpg,C:/Users/Bautista/Downloads/PrecisionSkin/Classes/Hyperpigmentation/melasma43_jpg.rf.251eee901b4afca05c79c27e475614e8.jpg,full_face,train,melasma43_jpg,pseudo-label + correct (training),True,Hyperpigmentation,True,True
aug_0_7410.jpg,C:/Users/Bautista/Downloads/PrecisionSkin/Classes/Hyperpigmentation/aug_0_7410.jpg,close_up_facial,train,aug_0_7410.jpg,pseudo-label + correct (training),False,,False,False
melasma49_jpg.rf.71e924b33a8f13fc216a9d49ed2cbac0.jpg,C:/Users/Bautista/Downloads/PrecisionSkin/Classes/Hyperpigmentation/melasma49_jpg.rf.71e924b33a8f13fc216a9d49ed2cbac0.jpg,full_face,train,melasma49_jpg,pseudo-label + correct (training),False,,True,True
Copy-of-melasma20_jpg.rf.22c72b22d7520720a9fcb83308164913.jpg,C:/Users/Bautista/Downloads/PrecisionSkin/Classes/Hyperpigmentation/Copy-of-melasma20_jpg.rf.22c72b22d7520720a9fcb83308164913.jpg,partial_face,train,copy-of-melasma20_jpg,pseudo-label + correct (training),True,Hyperpigmentation,True,True
melasma72_png_jpg.rf.8ebf26230b88efa27f03519cf84545b5.jpg,C:/Users/Bautista/Downloads/PrecisionSkin/Classes/Hyperpigmentation/melasma72_png_jpg.rf.8ebf26230b88efa27f03519cf84545b5.jpg,close_up_facial,train,melasma72_png_jpg,pseudo-label + correct (training),True,Hyperpigmentation,True,True
melasma22_png.rf.baffae6dd1fb1fd1c76ec0e3bcd76d21.jpg,C:/Users/Bautista/Downloads/PrecisionSkin/Classes/Hyperpigmentation/melasma22_png.rf.baffae6dd1fb1fd1c76ec0e3bcd76d21.jpg,partial_face,train,melasma22_png,pseudo-label + correct (training),False,,True,True
81_jpg.rf.88f0ce36d7dbf581d31b7ed022c4c57c.jpg,C:/Users/Bautista/Downloads/PrecisionSkin/Classes/Hyperpigmentation/81_jpg.rf.88f0ce36d7dbf581d31b7ed022c4c57c.jpg,close_up_facial,train,81_jpg,pseudo-label + correct (training),False,,False,False
235_left_png.rf.d12a86cdbd0151a89ac4547630863e3e.jpg,C:/Users/Bautista/Downloads/PrecisionSkin/Classes/Hyperpigmentation/235_left_png.rf.d12a86cdbd0151a89ac4547630863e3e.jpg,close_up_facial,train,235_left_png,pseudo-label + correct (training),True,Hyperpigmentation,True,True
melasma16_jpg.rf.7d02f15b6b89b932ce8eb1a7a3023f10.jpg,C:/Users/Bautista/Downloads/PrecisionSkin/Classes/Hyperpigmentation/melasma16_jpg.rf.7d02f15b6b89b932ce8eb1a7a3023f10.jpg,partial_face,train,melasma16_jpg,pseudo-label + correct (training),True,Hyperpigmentation,True,True
141_jpg.rf.1a6f28bcd7da469b83a2fbcd1d4cb7d1.jpg,C:/Users/Bautista/Downloads/PrecisionSkin/Classes/Hyperpigmentation/141_jpg.rf.1a6f28bcd7da469b83a2fbcd1d4cb7d1.jpg,partial_face,train,141_jpg,pseudo-label + correct (training),True,Hyperpigmentation,True,True
aug_0_2885.jpg,C:/Users/Bautista/Downloads/PrecisionSkin/Classes/Hyperpigmentation/aug_0_2885.jpg,partial_face,train,aug_0_2885.jpg,pseudo-label + correct (training),False,,False,False
128_jpg.rf.4d05c5527be642ec63aa9de39e18b170.jpg,C:/Users/Bautista/Downloads/PrecisionSkin/Classes/Hyperpigmentation/128_jpg.rf.4d05c5527be642ec63aa9de39e18b170.jpg,partial_face,train,128_jpg,pseudo-label + correct (training),True,Hyperpigmentation,True,True
fla-31-_JPG.rf.2c678f8a151f542ed8cb7320af2ac142.jpg,C:/Users/Bautista/Downloads/PrecisionSkin/Classes/Hyperpigmentation/fla-31-_JPG.rf.2c678f8a151f542ed8cb7320af2ac142.jpg,close_up_facial,train,fla-31-_jpg,pseudo-label + correct (training),True,Hyperpigmentation,True,True
fln-4-_jpg.rf.9d50338d5b9e3e31bf259edcbfffbf37.jpg,C:/Users/Bautista/Downloads/PrecisionSkin/Classes/Hyperpigmentation/fln-4-_jpg.rf.9d50338d5b9e3e31bf259edcbfffbf37.jpg,close_up_facial,train,fln-4-_jpg,pseudo-label + correct (training),True,Hyperpigmentation,True,True
melasma29_jpg.rf.c0d75b3ae6b50191e347d851a8e06dd4.jpg,C:/Users/Bautista/Downloads/PrecisionSkin/Classes/Hyperpigmentation/melasma29_jpg.rf.c0d75b3ae6b50191e347d851a8e06dd4.jpg,full_face,train,melasma29_jpg,pseudo-label + correct (training),False,,True,True
aug_0_6722.jpg,C:/Users/Bautista/Downloads/PrecisionSkin/Classes/Hyperpigmentation/aug_0_6722.jpg,partial_face,train,aug_0_6722.jpg,pseudo-label + correct (training),False,,False,False
melasma56_png_jpg.rf.6c1e784fee677034924c6f2c0449860c.jpg,C:/Users/Bautista/Downloads/PrecisionSkin/Classes/Hyperpigmentation/melasma56_png_jpg.rf.6c1e784fee677034924c6f2c0449860c.jpg,full_face,train,melasma56_png_jpg,pseudo-label + correct (training),False,,True,True
fla-86-_JPG.rf.0f1bccdd478440544195b6d10a0f10a8.jpg,C:/Users/Bautista/Downloads/PrecisionSkin/Classes/Hyperpigmentation/fla-86-_JPG.rf.0f1bccdd478440544195b6d10a0f10a8.jpg,partial_face,train,fla-86-_jpg,pseudo-label + correct (training),False,,True,True
Melasma25_jpg.rf.85d15fb9525ba16c8d263bd908766865.jpg,C:/Users/Bautista/Downloads/PrecisionSkin/Classes/Hyperpigmentation/Melasma25_jpg.rf.85d15fb9525ba16c8d263bd908766865.jpg,full_face,train,melasma25_jpg,pseudo-label + correct (training),False,,True,True
98_jpg.rf.7a6c68155e024443484a786a305b7ba6.jpg,C:/Users/Bautista/Downloads/PrecisionSkin/Classes/Hyperpigmentation/98_jpg.rf.7a6c68155e024443484a786a305b7ba6.jpg,close_up_facial,train,98_jpg,pseudo-label + correct (training),True,Hyperpigmentation,True,True
109_jpg.rf.2c44686937b0e12090b8f8745629fd99.jpg,C:/Users/Bautista/Downloads/PrecisionSkin/Classes/Hyperpigmentation/109_jpg.rf.2c44686937b0e12090b8f8745629fd99.jpg,partial_face,train,109_jpg,pseudo-label + correct (training),True,Hyperpigmentation,True,True
melasm73_png_jpg.rf.5b64e612772b613838c0e76f33d5d48f.jpg,C:/Users/Bautista/Downloads/PrecisionSkin/Classes/Hyperpigmentation/melasm73_png_jpg.rf.5b64e612772b613838c0e76f33d5d48f.jpg,close_up_facial,train,melasm73_png_jpg,pseudo-label + correct (training),True,Hyperpigmentation,True,True
image-37-1-_jpg.rf.155f2c9c468c413c88e0aac46e8e67ef.jpg,C:/Users/Bautista/Downloads/PrecisionSkin/Classes/Hyperpigmentation/image-37-1-_jpg.rf.155f2c9c468c413c88e0aac46e8e67ef.jpg,close_up_facial,train,image-37-1-_jpg,pseudo-label + correct (training),True,Hyperpigmentation,True,True
210_left_png.rf.073b47c8e270596ef57066191bba90d1.jpg,C:/Users/Bautista/Downloads/PrecisionSkin/Classes/Hyperpigmentation/210_left_png.rf.073b47c8e270596ef57066191bba90d1.jpg,partial_face,train,210_left_png,pseudo-label + correct (training),True,Hyperpigmentation,True,True
melasma50_png_jpg.rf.287267e2cb64b52cb607b5335e827bc6.jpg,C:/Users/Bautista/Downloads/PrecisionSkin/Classes/Hyperpigmentation/melasma50_png_jpg.rf.287267e2cb64b52cb607b5335e827bc6.jpg,close_up_facial,train,melasma50_png_jpg,pseudo-label + correct (training),True,Hyperpigmentation,True,True
image-108_jpg.rf.415ef3cfe3adb5df763d2754b407c26a.jpg,C:/Users/Bautista/Downloads/PrecisionSkin/Classes/Hyperpigmentation/image-108_jpg.rf.415ef3cfe3adb5df763d2754b407c26a.jpg,partial_face,train,image-108_jpg,pseudo-label + correct (training),True,Hyperpigmentation,True,True
3_jpg.rf.e364519df3e455783eca78cc66247842.jpg,C:/Users/Bautista/Downloads/PrecisionSkin/Classes/Hyperpigmentation/3_jpg.rf.e364519df3e455783eca78cc66247842.jpg,partial_face,train,3_jpg,pseudo-label + correct (training),False,,True,True
freckles-266-_jpg.rf.6a3516d362e970c47f26054e5680685b.jpg,C:/Users/Bautista/Downloads/PrecisionSkin/Classes/Hyperpigmentation/freckles-266-_jpg.rf.6a3516d362e970c47f26054e5680685b.jpg,partial_face,train,freckles-266-_jpg,pseudo-label + correct (training),False,,False,False
292_left_png.rf.00b0e82bd409705fb5a2c7360a5c660f.jpg,C:/Users/Bautista/Downloads/PrecisionSkin/Classes/Hyperpigmentation/292_left_png.rf.00b0e82bd409705fb5a2c7360a5c660f.jpg,close_up_facial,train,292_left_png,pseudo-label + correct (training),True,Hyperpigmentation,True,True
freckles-266-_jpg.rf.345fc522b8aa43feba3f59df022888ad.jpg,C:/Users/Bautista/Downloads/PrecisionSkin/Classes/Hyperpigmentation/freckles-266-_jpg.rf.345fc522b8aa43feba3f59df022888ad.jpg,close_up_facial,train,freckles-266-_jpg,pseudo-label + correct (training),False,,False,False
melasma35_jpg.rf.e1e18637e353149cc5191545db1c5e4d.jpg,C:/Users/Bautista/Downloads/PrecisionSkin/Classes/Hyperpigmentation/melasma35_jpg.rf.e1e18637e353149cc5191545db1c5e4d.jpg,partial_face,train,melasma35_jpg,pseudo-label + correct (training),True,Hyperpigmentation,True,True
melasma64_png_jpg.rf.03a692b39b0544ac1c5f045d1bd93ca5.jpg,C:/Users/Bautista/Downloads/PrecisionSkin/Classes/Hyperpigmentation/melasma64_png_jpg.rf.03a692b39b0544ac1c5f045d1bd93ca5.jpg,full_face,train,melasma64_png_jpg,pseudo-label + correct (training),True,Hyperpigmentation,True,True
6d19f100-58ec-49cc-aa84-200efb30dbd0_jpg.rf.226c9dd2a3ae235edcbc05fd2b3ff044.jpg,C:/Users/Bautista/Downloads/PrecisionSkin/Classes/Hyperpigmentation/6d19f100-58ec-49cc-aa84-200efb30dbd0_jpg.rf.226c9dd2a3ae235edcbc05fd2b3ff044.jpg,full_face,train,6d19f100-58ec-49cc-aa84-200efb30dbd0_jpg,pseudo-label + correct (training),False,,False,False
shutterstock_1540815983_jpg.rf.773b5e35d19a7314a618c30e59a81e26.jpg,C:/Users/Bautista/Downloads/PrecisionSkin/Classes/Hyperpigmentation/shutterstock_1540815983_jpg.rf.773b5e35d19a7314a618c30e59a81e26.jpg,partial_face,train,shutterstock_1540815983_jpg,pseudo-label + correct (training),True,Hyperpigmentation,True,True
aug_0_4578.jpg,C:/Users/Bautista/Downloads/PrecisionSkin/Classes/Hyperpigmentation/aug_0_4578.jpg,partial_face,train,aug_0_4578.jpg,pseudo-label + correct (training),False,,False,False
m83_jpg.rf.01e06572286a7ad1c2db0b2097644c69.jpg,C:/Users/Bautista/Downloads/PrecisionSkin/Classes/Hyperpigmentation/m83_jpg.rf.01e06572286a7ad1c2db0b2097644c69.jpg,full_face,train,m83_jpg,pseudo-label + correct (training),True,Hyperpigmentation,True,True
image-98-1-_jpg.rf.3e57334e26424403a3dc1c9e455f3b67.jpg,C:/Users/Bautista/Downloads/PrecisionSkin/Classes/Hyperpigmentation/image-98-1-_jpg.rf.3e57334e26424403a3dc1c9e455f3b67.jpg,partial_face,train,image-98-1-_jpg,pseudo-label + correct (training),True,Hyperpigmentation,True,True
aug_0_3182.jpg,C:/Users/Bautista/Downloads/PrecisionSkin/Classes/Hyperpigmentation/aug_0_3182.jpg,partial_face,train,aug_0_3182.jpg,pseudo-label + correct (training),False,,False,False
m29_jpg.rf.3dbdf8131e3a277b831800373a88354e.jpg,C:/Users/Bautista/Downloads/PrecisionSkin/Classes/Hyperpigmentation/m29_jpg.rf.3dbdf8131e3a277b831800373a88354e.jpg,full_face,train,m29_jpg,pseudo-label + correct (training),False,,True,True
image-31-2-_jpg.rf.b996fa6300f14587bb900b716dc06328.jpg,C:/Users/Bautista/Downloads/PrecisionSkin/Classes/Hyperpigmentation/image-31-2-_jpg.rf.b996fa6300f14587bb900b716dc06328.jpg,partial_face,train,image-31-2-_jpg,pseudo-label + correct (training),True,Hyperpigmentation,True,True
freckles-164-_jpg.rf.7e4f38dc6d6b141f2c6212053122291d.jpg,C:/Users/Bautista/Downloads/PrecisionSkin/Classes/Hyperpigmentation/freckles-164-_jpg.rf.7e4f38dc6d6b141f2c6212053122291d.jpg,full_face,train,freckles-164-_jpg,pseudo-label + correct (training),False,,True,True
image-107_jpg.rf.299a862a8f1011be3563ae67bf0df183.jpg,C:/Users/Bautista/Downloads/PrecisionSkin/Classes/Hyperpigmentation/image-107_jpg.rf.299a862a8f1011be3563ae67bf0df183.jpg,partial_face,train,image-107_jpg,pseudo-label + correct (training),True,Hyperpigmentation,True,True
35cd8ef3-9d57-40bb-97fa-c45cd29de402_jpg.rf.ba7ba2d1f70ae6fe3538be8b9debbc6e.jpg,C:/Users/Bautista/Downloads/PrecisionSkin/Classes/Hyperpigmentation/35cd8ef3-9d57-40bb-97fa-c45cd29de402_jpg.rf.ba7ba2d1f70ae6fe3538be8b9debbc6e.jpg,close_up_facial,train,35cd8ef3-9d57-40bb-97fa-c45cd29de402_jpg,pseudo-label + correct (training),False,,False,False
21.jpg,C:/Users/Bautista/Downloads/PrecisionSkin/Classes/Hyperpigmentation/21.jpg,close_up_facial,train,21.jpg,pseudo-label + correct (training),False,,False,False
flnv1-15-_jpg.rf.3ee9848ec38d0154c34fbdca94e31fd2.jpg,C:/Users/Bautista/Downloads/PrecisionSkin/Classes/Hyperpigmentation/flnv1-15-_jpg.rf.3ee9848ec38d0154c34fbdca94e31fd2.jpg,close_up_facial,train,flnv1-15-_jpg,pseudo-label + correct (training),False,,True,True
aug_0_1529.jpg,C:/Users/Bautista/Downloads/PrecisionSkin/Classes/Hyperpigmentation/aug_0_1529.jpg,close_up_facial,train,aug_0_1529.jpg,pseudo-label + correct (training),False,,False,False
aug_0_5567.jpg,C:/Users/Bautista/Downloads/PrecisionSkin/Classes/Hyperpigmentation/aug_0_5567.jpg,partial_face,train,aug_0_5567.jpg,pseudo-label + correct (training),False,,False,False
melasma53_png_jpg.rf.37205fa25d031ea4c90b7769d48ff2b5.jpg,C:/Users/Bautista/Downloads/PrecisionSkin/Classes/Hyperpigmentation/melasma53_png_jpg.rf.37205fa25d031ea4c90b7769d48ff2b5.jpg,full_face,train,melasma53_png_jpg,pseudo-label + correct (training),True,Hyperpigmentation,True,True
melasma19_png.rf.60961d017baa222c2517527a08d6e969.jpg,C:/Users/Bautista/Downloads/PrecisionSkin/Classes/Hyperpigmentation/melasma19_png.rf.60961d017baa222c2517527a08d6e969.jpg,full_face,train,melasma19_png,pseudo-label + correct (training),False,,True,True
28_jpg.rf.92c0db62d3f30fb29cd946614da88005.jpg,C:/Users/Bautista/Downloads/PrecisionSkin/Classes/Hyperpigmentation/28_jpg.rf.92c0db62d3f30fb29cd946614da88005.jpg,full_face,train,28_jpg,pseudo-label + correct (training),False,,False,False
Copy-of-melasma49_jpg.rf.79ed7b425a4b26f73574045f2e993d78.jpg,C:/Users/Bautista/Downloads/PrecisionSkin/Classes/Hyperpigmentation/Copy-of-melasma49_jpg.rf.79ed7b425a4b26f73574045f2e993d78.jpg,partial_face,train,copy-of-melasma49_jpg,pseudo-label + correct (training),True,Hyperpigmentation,True,True
image-60_jpg.rf.8f742ba50a3c81bc01732dc5da295e04.jpg,C:/Users/Bautista/Downloads/PrecisionSkin/Classes/Hyperpigmentation/image-60_jpg.rf.8f742ba50a3c81bc01732dc5da295e04.jpg,partial_face,train,image-60_jpg,pseudo-label + correct (training),True,Hyperpigmentation,True,True
14_jpg.rf.cff2f09afa5f3b78ea0abf0b0ca50cdd.jpg,C:/Users/Bautista/Downloads/PrecisionSkin/Classes/Hyperpigmentation/14_jpg.rf.cff2f09afa5f3b78ea0abf0b0ca50cdd.jpg,partial_face,train,14_jpg,pseudo-label + correct (training),False,,True,True
aug_0_92.jpg,C:/Users/Bautista/Downloads/PrecisionSkin/Classes/Hyperpigmentation/aug_0_92.jpg,partial_face,train,aug_0_92.jpg,pseudo-label + correct (training),False,,False,False
melasma16_jpg.rf.783aac63ac48b4f23c77d6c2e4f29277.jpg,C:/Users/Bautista/Downloads/PrecisionSkin/Classes/Hyperpigmentation/melasma16_jpg.rf.783aac63ac48b4f23c77d6c2e4f29277.jpg,partial_face,train,melasma16_jpg,pseudo-label + correct (training),True,Hyperpigmentation,True,True
131_left_png.rf.0ec465445142aa4f24ec40f26eaae6b6.jpg,C:/Users/Bautista/Downloads/PrecisionSkin/Classes/Hyperpigmentation/131_left_png.rf.0ec465445142aa4f24ec40f26eaae6b6.jpg,partial_face,train,131_left_png,pseudo-label + correct (training),False,,True,True
134_left_png.rf.44da84da5e7144dacb8cbc6800894df9.jpg,C:/Users/Bautista/Downloads/PrecisionSkin/Classes/Hyperpigmentation/134_left_png.rf.44da84da5e7144dacb8cbc6800894df9.jpg,partial_face,train,134_left_png,pseudo-label + correct (training),False,,True,True
melasma53_png_jpg.rf.75a2ec73a28db24bacb8bfe286511680.jpg,C:/Users/Bautista/Downloads/PrecisionSkin/Classes/Hyperpigmentation/melasma53_png_jpg.rf.75a2ec73a28db24bacb8bfe286511680.jpg,full_face,train,melasma53_png_jpg,pseudo-label + correct (training),False,,True,True
yt-ZBV_vEcAEco-0074_jpg.rf.472523665803f440288a86111158afdd.jpg,C:/Users/Bautista/Downloads/PrecisionSkin/Classes/Hyperpigmentation/yt-ZBV_vEcAEco-0074_jpg.rf.472523665803f440288a86111158afdd.jpg,close_up_facial,train,yt-zbv_vecaeco-0074_jpg,pseudo-label + correct (training),True,Hyperpigmentation,True,True
melasma24_png.rf.8d6e939b8527422d5bef3ec7fc2fcb66.jpg,C:/Users/Bautista/Downloads/PrecisionSkin/Classes/Hyperpigmentation/melasma24_png.rf.8d6e939b8527422d5bef3ec7fc2fcb66.jpg,full_face,train,melasma24_png,pseudo-label + correct (training),False,,True,True
melasma4_png.rf.8a0fd9299923e8622236cd3a1d2613a1.jpg,C:/Users/Bautista/Downloads/PrecisionSkin/Classes/Hyperpigmentation/melasma4_png.rf.8a0fd9299923e8622236cd3a1d2613a1.jpg,partial_face,train,melasma4_png,pseudo-label + correct (training),True,Hyperpigmentation,True,True
image-98-1-_jpg.rf.3033155a21f3fa7aca765d1b92a53b25.jpg,C:/Users/Bautista/Downloads/PrecisionSkin/Classes/Hyperpigmentation/image-98-1-_jpg.rf.3033155a21f3fa7aca765d1b92a53b25.jpg,partial_face,train,image-98-1-_jpg,pseudo-label + correct (training),True,Hyperpigmentation,True,True
118_jpg.rf.e5910b10bb28c303acb391ec3d8a9995.jpg,C:/Users/Bautista/Downloads/PrecisionSkin/Classes/Hyperpigmentation/118_jpg.rf.e5910b10bb28c303acb391ec3d8a9995.jpg,close_up_facial,train,118_jpg,pseudo-label + correct (training),True,Hyperpigmentation,True,True
melasma39_jpg.rf.d10ed570157b2664691610ec89c20293.jpg,C:/Users/Bautista/Downloads/PrecisionSkin/Classes/Hyperpigmentation/melasma39_jpg.rf.d10ed570157b2664691610ec89c20293.jpg,full_face,train,melasma39_jpg,pseudo-label + correct (training),False,,True,True
19_jpg.rf.afe5956066ed6829f00f022e6a143e47.jpg,C:/Users/Bautista/Downloads/PrecisionSkin/Classes/Hyperpigmentation/19_jpg.rf.afe5956066ed6829f00f022e6a143e47.jpg,full_face,train,19_jpg,pseudo-label + correct (training),False,,True,True
melasma9_jpg.rf.71118a580df2cbe6a900574c194c764c.jpg,C:/Users/Bautista/Downloads/PrecisionSkin/Classes/Hyperpigmentation/melasma9_jpg.rf.71118a580df2cbe6a900574c194c764c.jpg,partial_face,train,melasma9_jpg,pseudo-label + correct (training),True,Hyperpigmentation,True,True
melasma27_jpg.rf.98027182892c1847247859352ae0b68d.jpg,C:/Users/Bautista/Downloads/PrecisionSkin/Classes/Hyperpigmentation/melasma27_jpg.rf.98027182892c1847247859352ae0b68d.jpg,full_face,train,melasma27_jpg,pseudo-label + correct (training),False,,True,True
fla-45-_JPG.rf.62673931d23624474965fab25b5c1565.jpg,C:/Users/Bautista/Downloads/PrecisionSkin/Classes/Hyperpigmentation/fla-45-_JPG.rf.62673931d23624474965fab25b5c1565.jpg,partial_face,train,fla-45-_jpg,pseudo-label + correct (training),False,,True,True
8d81d218-70fd-423e-9e8a-a734de960456_jpg.rf.f4d381eaa774c6e8a6d553669defac63.jpg,C:/Users/Bautista/Downloads/PrecisionSkin/Classes/Hyperpigmentation/8d81d218-70fd-423e-9e8a-a734de960456_jpg.rf.f4d381eaa774c6e8a6d553669defac63.jpg,close_up_facial,train,8d81d218-70fd-423e-9e8a-a734de960456_jpg,pseudo-label + correct (training),False,,False,False
fla-15-_jpg.rf.40e04c7163a633bd6722abde4b96e4e3.jpg,C:/Users/Bautista/Downloads/PrecisionSkin/Classes/Hyperpigmentation/fla-15-_jpg.rf.40e04c7163a633bd6722abde4b96e4e3.jpg,close_up_facial,train,fla-15-_jpg,pseudo-label + correct (training),True,Hyperpigmentation,True,True
aug_0_4937.jpg,C:/Users/Bautista/Downloads/PrecisionSkin/Classes/Hyperpigmentation/aug_0_4937.jpg,partial_face,train,aug_0_4937.jpg,pseudo-label + correct (training),False,,False,False
melasma29_jpg.rf.946f7b9194099d11d6274fc568c89de3.jpg,C:/Users/Bautista/Downloads/PrecisionSkin/Classes/Hyperpigmentation/melasma29_jpg.rf.946f7b9194099d11d6274fc568c89de3.jpg,full_face,train,melasma29_jpg,pseudo-label + correct (training),True,Hyperpigmentation,True,True
aug_0_6057.jpg,C:/Users/Bautista/Downloads/PrecisionSkin/Classes/Hyperpigmentation/aug_0_6057.jpg,partial_face,train,aug_0_6057.jpg,pseudo-label + correct (training),False,,False,False
91_jpg.rf.ac756a6dc605c328c18e8da636422e78.jpg,C:/Users/Bautista/Downloads/PrecisionSkin/Classes/Hyperpigmentation/91_jpg.rf.ac756a6dc605c328c18e8da636422e78.jpg,close_up_facial,train,91_jpg,pseudo-label + correct (training),True,Hyperpigmentation,True,True
118_jpg.rf.6ce66e15d3cd1686fb0885d1a293e5c1.jpg,C:/Users/Bautista/Downloads/PrecisionSkin/Classes/Hyperpigmentation/118_jpg.rf.6ce66e15d3cd1686fb0885d1a293e5c1.jpg,close_up_facial,train,118_jpg,pseudo-label + correct (training),True,Hyperpigmentation,True,True
aug_0_767.jpg,C:/Users/Bautista/Downloads/PrecisionSkin/Classes/Hyperpigmentation/aug_0_767.jpg,close_up_facial,train,aug_0_767.jpg,pseudo-label + correct (training),False,,False,False
41_jpg.rf.718f750c32ad29cbfb894f2ae6df9950.jpg,C:/Users/Bautista/Downloads/PrecisionSkin/Classes/Hyperpigmentation/41_jpg.rf.718f750c32ad29cbfb894f2ae6df9950.jpg,partial_face,train,41_jpg,pseudo-label + correct (training),False,,False,False
91_jpg.rf.5fd84829274b460baadb6515ef5d522a.jpg,C:/Users/Bautista/Downloads/PrecisionSkin/Classes/Hyperpigmentation/91_jpg.rf.5fd84829274b460baadb6515ef5d522a.jpg,close_up_facial,train,91_jpg,pseudo-label + correct (training),True,Hyperpigmentation,True,True
melasma29_jpg.rf.6e8539897db7c8a2eb0c834bedb8a404.jpg,C:/Users/Bautista/Downloads/PrecisionSkin/Classes/Hyperpigmentation/melasma29_jpg.rf.6e8539897db7c8a2eb0c834bedb8a404.jpg,full_face,train,melasma29_jpg,pseudo-label + correct (training),True,Hyperpigmentation,True,True
122_left_png.rf.55a2e6a579da57512ff5311d9760155d.jpg,C:/Users/Bautista/Downloads/PrecisionSkin/Classes/Hyperpigmentation/122_left_png.rf.55a2e6a579da57512ff5311d9760155d.jpg,partial_face,train,122_left_png,pseudo-label + correct (training),True,Hyperpigmentation,True,True
128_jpg.rf.62feecc13bf53fb62284085c773bc442.jpg,C:/Users/Bautista/Downloads/PrecisionSkin/Classes/Hyperpigmentation/128_jpg.rf.62feecc13bf53fb62284085c773bc442.jpg,partial_face,train,128_jpg,pseudo-label + correct (training),True,Hyperpigmentation,True,True
image-56-1-_jpg.rf.fb6891b69318a3f87c7c7cbf24b02002.jpg,C:/Users/Bautista/Downloads/PrecisionSkin/Classes/Hyperpigmentation/image-56-1-_jpg.rf.fb6891b69318a3f87c7c7cbf24b02002.jpg,partial_face,train,image-56-1-_jpg,pseudo-label + correct (training),True,Hyperpigmentation,True,True
35_jpg.rf.c4156e0a8959adc13e7cf968394addba.jpg,C:/Users/Bautista/Downloads/PrecisionSkin/Classes/Hyperpigmentation/35_jpg.rf.c4156e0a8959adc13e7cf968394addba.jpg,partial_face,train,35_jpg,pseudo-label + correct (training),False,,True,True
aug_0_2317.jpg,C:/Users/Bautista/Downloads/PrecisionSkin/Classes/Hyperpigmentation/aug_0_2317.jpg,partial_face,train,aug_0_2317.jpg,pseudo-label + correct (training),False,,False,False
145_left_png.rf.e06246a0975d82b136009c5b05639a7c.jpg,C:/Users/Bautista/Downloads/PrecisionSkin/Classes/Hyperpigmentation/145_left_png.rf.e06246a0975d82b136009c5b05639a7c.jpg,close_up_facial,train,145_left_png,pseudo-label + correct (training),False,,True,True
melasma58_png_jpg.rf.904783026f9db52725f511e68c22ede1.jpg,C:/Users/Bautista/Downloads/PrecisionSkin/Classes/Hyperpigmentation/melasma58_png_jpg.rf.904783026f9db52725f511e68c22ede1.jpg,full_face,train,melasma58_png_jpg,pseudo-label + correct (training),True,Hyperpigmentation,True,True
aug_0_7708.jpg,C:/Users/Bautista/Downloads/PrecisionSkin/Classes/Hyperpigmentation/aug_0_7708.jpg,partial_face,train,aug_0_7708.jpg,pseudo-label + correct (training),False,,False,False
melasma25_png.rf.5e78772d76a426a4d3f5f2333def39b0.jpg,C:/Users/Bautista/Downloads/PrecisionSkin/Classes/Hyperpigmentation/melasma25_png.rf.5e78772d76a426a4d3f5f2333def39b0.jpg,full_face,train,melasma25_png,pseudo-label + correct (training),False,,True,True
image-26_jpg.rf.eb9e96f7c24eaf16138eb9049b81ae43.jpg,C:/Users/Bautista/Downloads/PrecisionSkin/Classes/Hyperpigmentation/image-26_jpg.rf.eb9e96f7c24eaf16138eb9049b81ae43.jpg,full_face,train,image-26_jpg,pseudo-label + correct (training),True,Hyperpigmentation,True,True
116_jpg.rf.2d88cda2f956e2ffbce6c1b9dcc42fd6.jpg,C:/Users/Bautista/Downloads/PrecisionSkin/Classes/Hyperpigmentation/116_jpg.rf.2d88cda2f956e2ffbce6c1b9dcc42fd6.jpg,partial_face,train,116_jpg,pseudo-label + correct (training),True,Hyperpigmentation,True,True
aug_0_2951.jpg,C:/Users/Bautista/Downloads/PrecisionSkin/Classes/Hyperpigmentation/aug_0_2951.jpg,close_up_facial,train,aug_0_2951.jpg,pseudo-label + correct (training),False,,False,False
download_jpg.rf.1823830cc031379f36ad62ec8dce4f24.jpg,C:/Users/Bautista/Downloads/PrecisionSkin/Classes/Hyperpigmentation/download_jpg.rf.1823830cc031379f36ad62ec8dce4f24.jpg,partial_face,train,download_jpg,pseudo-label + correct (training),True,Hyperpigmentation,True,True
aug_0_5480.jpg,C:/Users/Bautista/Downloads/PrecisionSkin/Classes/Hyperpigmentation/aug_0_5480.jpg,partial_face,train,aug_0_5480.jpg,pseudo-label + correct (training),False,,False,False
melasma55_png_jpg.rf.fc386c33e1e2e17e6110c156b888c2f6.jpg,C:/Users/Bautista/Downloads/PrecisionSkin/Classes/Hyperpigmentation/melasma55_png_jpg.rf.fc386c33e1e2e17e6110c156b888c2f6.jpg,full_face,train,melasma55_png_jpg,pseudo-label + correct (training),False,,True,True
aug_0_6753.jpg,C:/Users/Bautista/Downloads/PrecisionSkin/Classes/Hyperpigmentation/aug_0_6753.jpg,partial_face,train,aug_0_6753.jpg,pseudo-label + correct (training),False,,False,False
1380edc8-cb4f-4a34-8d83-0159a2e15cb9.jpg,C:/Users/Bautista/Downloads/PrecisionSkin/Classes/Hyperpigmentation/1380edc8-cb4f-4a34-8d83-0159a2e15cb9.jpg,partial_face,train,1380edc8-cb4f-4a34-8d83-0159a2e15cb9.jpg,pseudo-label + correct (training),True,Hyperpigmentation,False,True
146_jpg.rf.edc6b2a8fa31612fc8121ff523289c8b.jpg,C:/Users/Bautista/Downloads/PrecisionSkin/Classes/Hyperpigmentation/146_jpg.rf.edc6b2a8fa31612fc8121ff523289c8b.jpg,partial_face,train,146_jpg,pseudo-label + correct (training),False,,True,True
aug_0_6829.jpg,C:/Users/Bautista/Downloads/PrecisionSkin/Classes/Hyperpigmentation/aug_0_6829.jpg,partial_face,train,aug_0_6829.jpg,pseudo-label + correct (training),False,,False,False
Copy-of-melasma50_jpg.rf.b2c370bb19e35c1cf05f93e0f8b1025a.jpg,C:/Users/Bautista/Downloads/PrecisionSkin/Classes/Hyperpigmentation/Copy-of-melasma50_jpg.rf.b2c370bb19e35c1cf05f93e0f8b1025a.jpg,partial_face,train,copy-of-melasma50_jpg,pseudo-label + correct (training),True,Hyperpigmentation,True,True
3130-1-_jpg.rf.5d15d22284c4c5541343bc160e285f22.jpg,C:/Users/Bautista/Downloads/PrecisionSkin/Classes/Hyperpigmentation/3130-1-_jpg.rf.5d15d22284c4c5541343bc160e285f22.jpg,close_up_facial,train,3130-1-_jpg,pseudo-label + correct (training),True,Hyperpigmentation,True,True
aug_0_1814.jpg,C:/Users/Bautista/Downloads/PrecisionSkin/Classes/Hyperpigmentation/aug_0_1814.jpg,close_up_facial,train,aug_0_1814.jpg,pseudo-label + correct (training),False,,False,False
70_left_png.rf.a4fa696251761f0825e7d3ea63c66163.jpg,C:/Users/Bautista/Downloads/PrecisionSkin/Classes/Hyperpigmentation/70_left_png.rf.a4fa696251761f0825e7d3ea63c66163.jpg,partial_face,train,70_left_png,pseudo-label + correct (training),True,Hyperpigmentation,True,True
fla-18-_JPG.rf.a10969d72c794ca879bd4d6434ac8c73.jpg,C:/Users/Bautista/Downloads/PrecisionSkin/Classes/Hyperpigmentation/fla-18-_JPG.rf.a10969d72c794ca879bd4d6434ac8c73.jpg,close_up_facial,train,fla-18-_jpg,pseudo-label + correct (training),True,Hyperpigmentation,True,True
image-105_jpg.rf.fed86fcadbb8f409d081081e213fff6e.jpg,C:/Users/Bautista/Downloads/PrecisionSkin/Classes/Hyperpigmentation/image-105_jpg.rf.fed86fcadbb8f409d081081e213fff6e.jpg,partial_face,train,image-105_jpg,pseudo-label + correct (training),True,Hyperpigmentation,True,True
image-48-1-_jpg.rf.b078e04fff40c58839db914954d428ec.jpg,C:/Users/Bautista/Downloads/PrecisionSkin/Classes/Hyperpigmentation/image-48-1-_jpg.rf.b078e04fff40c58839db914954d428ec.jpg,close_up_facial,train,image-48-1-_jpg,pseudo-label + correct (training),True,Hyperpigmentation,True,True
aug_0_2789.jpg,C:/Users/Bautista/Downloads/PrecisionSkin/Classes/Hyperpigmentation/aug_0_2789.jpg,close_up_facial,train,aug_0_2789.jpg,pseudo-label + correct (training),False,,False,False
116_jpg.rf.bdc9b4ef86136697717ebb7faf1ff780.jpg,C:/Users/Bautista/Downloads/PrecisionSkin/Classes/Hyperpigmentation/116_jpg.rf.bdc9b4ef86136697717ebb7faf1ff780.jpg,partial_face,train,116_jpg,pseudo-label + correct (training),False,,True,True
melasma55_png_jpg.rf.44c4012037379715b2dd76be52c1f873.jpg,C:/Users/Bautista/Downloads/PrecisionSkin/Classes/Hyperpigmentation/melasma55_png_jpg.rf.44c4012037379715b2dd76be52c1f873.jpg,full_face,train,melasma55_png_jpg,pseudo-label + correct (training),False,,True,True
84_jpg.rf.d1d890b739fae9c31812699698e8b30b.jpg,C:/Users/Bautista/Downloads/PrecisionSkin/Classes/Hyperpigmentation/84_jpg.rf.d1d890b739fae9c31812699698e8b30b.jpg,partial_face,train,84_jpg,pseudo-label + correct (training),False,,False,False
melasma32_jpg.rf.ae4666bcdb75ccb86e86c23d4aa05891.jpg,C:/Users/Bautista/Downloads/PrecisionSkin/Classes/Hyperpigmentation/melasma32_jpg.rf.ae4666bcdb75ccb86e86c23d4aa05891.jpg,close_up_facial,train,melasma32_jpg,pseudo-label + correct (training),True,Hyperpigmentation,True,True
a4ae6746-e35e-44b3-a000-6d21a0b8c26e_jpg.rf.c2207f4aa2a844682f624f1f711268fe.jpg,C:/Users/Bautista/Downloads/PrecisionSkin/Classes/Hyperpigmentation/a4ae6746-e35e-44b3-a000-6d21a0b8c26e_jpg.rf.c2207f4aa2a844682f624f1f711268fe.jpg,close_up_facial,train,a4ae6746-e35e-44b3-a000-6d21a0b8c26e_jpg,pseudo-label + correct (training),False,,False,False
37_jpg.rf.0bf40ac3a7c84e02453b73aaf6988a44.jpg,C:/Users/Bautista/Downloads/PrecisionSkin/Classes/Hyperpigmentation/37_jpg.rf.0bf40ac3a7c84e02453b73aaf6988a44.jpg,partial_face,train,37_jpg,pseudo-label + correct (training),False,,True,True
melasma72_png_jpg.rf.018bddf7fff7503aba225553e4561d1d.jpg,C:/Users/Bautista/Downloads/PrecisionSkin/Classes/Hyperpigmentation/melasma72_png_jpg.rf.018bddf7fff7503aba225553e4561d1d.jpg,close_up_facial,train,melasma72_png_jpg,pseudo-label + correct (training),True,Hyperpigmentation,True,True
aug_0_4007.jpg,C:/Users/Bautista/Downloads/PrecisionSkin/Classes/Hyperpigmentation/aug_0_4007.jpg,partial_face,train,aug_0_4007.jpg,pseudo-label + correct (training),False,,False,False
image-104-1-_jpg.rf.1dfcb02b04fb0e0ef680a29c508c4280.jpg,C:/Users/Bautista/Downloads/PrecisionSkin/Classes/Hyperpigmentation/image-104-1-_jpg.rf.1dfcb02b04fb0e0ef680a29c508c4280.jpg,close_up_facial,train,image-104-1-_jpg,pseudo-label + correct (training),True,Hyperpigmentation,True,True
0d12df28-6795-4693-95e6-baa3c5c7d14b.jpg,C:/Users/Bautista/Downloads/PrecisionSkin/Classes/Hyperpigmentation/0d12df28-6795-4693-95e6-baa3c5c7d14b.jpg,partial_face,train,0d12df28-6795-4693-95e6-baa3c5c7d14b.jpg,pseudo-label + correct (training),False,,False,False
aug_0_8332.jpg,C:/Users/Bautista/Downloads/PrecisionSkin/Classes/Hyperpigmentation/aug_0_8332.jpg,close_up_facial,train,aug_0_8332.jpg,pseudo-label + correct (training),False,,False,False
299_left_png.rf.4d60c131489ab3c1f01ef9f1ee6a8914.jpg,C:/Users/Bautista/Downloads/PrecisionSkin/Classes/Hyperpigmentation/299_left_png.rf.4d60c131489ab3c1f01ef9f1ee6a8914.jpg,partial_face,train,299_left_png,pseudo-label + correct (training),True,Hyperpigmentation,True,True
melasma66_png_jpg.rf.0f7f9661cf1aa36b5375761f5f560447.jpg,C:/Users/Bautista/Downloads/PrecisionSkin/Classes/Hyperpigmentation/melasma66_png_jpg.rf.0f7f9661cf1aa36b5375761f5f560447.jpg,partial_face,train,melasma66_png_jpg,pseudo-label + correct (training),True,Hyperpigmentation,True,True
102_left_png.rf.d764b35cde85d8aa57a132191d69a1ed.jpg,C:/Users/Bautista/Downloads/PrecisionSkin/Classes/Hyperpigmentation/102_left_png.rf.d764b35cde85d8aa57a132191d69a1ed.jpg,full_face,train,102_left_png,pseudo-label + correct (training),False,,True,True
27_left_jpg.rf.90a31b7acbb706cc4ade7c56aa3fb0fb.jpg,C:/Users/Bautista/Downloads/PrecisionSkin/Classes/Hyperpigmentation/27_left_jpg.rf.90a31b7acbb706cc4ade7c56aa3fb0fb.jpg,partial_face,train,27_left_jpg,pseudo-label + correct (training),True,Hyperpigmentation,True,True
oily-156-_jpg.rf.0b0f4f8e7f1f605a33fa3fee6c0b0875.jpg,C:/Users/Bautista/Downloads/PrecisionSkin/Classes/Hyperpigmentation/oily-156-_jpg.rf.0b0f4f8e7f1f605a33fa3fee6c0b0875.jpg,partial_face,train,oily-156-_jpg,pseudo-label + correct (training),False,,False,False
aug_0_5901.jpg,C:/Users/Bautista/Downloads/PrecisionSkin/Classes/Hyperpigmentation/aug_0_5901.jpg,partial_face,train,aug_0_5901.jpg,pseudo-label + correct (training),False,,False,False
bf73dec9-namtannhang_39_jpg.rf.55912a792427ec4dcc493de0c70f5aeb.jpg,C:/Users/Bautista/Downloads/PrecisionSkin/Classes/Hyperpigmentation/bf73dec9-namtannhang_39_jpg.rf.55912a792427ec4dcc493de0c70f5aeb.jpg,partial_face,train,bf73dec9-namtannhang_39_jpg,pseudo-label + correct (training),True,Hyperpigmentation,True,True
aug_0_7591.jpg,C:/Users/Bautista/Downloads/PrecisionSkin/Classes/Hyperpigmentation/aug_0_7591.jpg,close_up_facial,train,aug_0_7591.jpg,pseudo-label + correct (training),False,,False,False
image-23-2-_jpg.rf.846b9d6cd12664cb67b7981406a7c1c5.jpg,C:/Users/Bautista/Downloads/PrecisionSkin/Classes/Hyperpigmentation/image-23-2-_jpg.rf.846b9d6cd12664cb67b7981406a7c1c5.jpg,partial_face,train,image-23-2-_jpg,pseudo-label + correct (training),True,Hyperpigmentation,True,True
28.jpg,C:/Users/Bautista/Downloads/PrecisionSkin/Classes/Hyperpigmentation/28.jpg,full_face,train,28.jpg,pseudo-label + correct (training),False,,False,False
aug_0_80.jpg,C:/Users/Bautista/Downloads/PrecisionSkin/Classes/Hyperpigmentation/aug_0_80.jpg,partial_face,train,aug_0_80.jpg,pseudo-label + correct (training),False,,False,False
fla-27-_JPG.rf.b1cb2e4ad081656146d3ff61ba18920c.jpg,C:/Users/Bautista/Downloads/PrecisionSkin/Classes/Hyperpigmentation/fla-27-_JPG.rf.b1cb2e4ad081656146d3ff61ba18920c.jpg,partial_face,train,fla-27-_jpg,pseudo-label + correct (training),True,Hyperpigmentation,True,True
265_left_png.rf.bf06fc4223fce80fbe84c0a803b7b638.jpg,C:/Users/Bautista/Downloads/PrecisionSkin/Classes/Hyperpigmentation/265_left_png.rf.bf06fc4223fce80fbe84c0a803b7b638.jpg,partial_face,train,265_left_png,pseudo-label + correct (training),False,,True,True
32_jpg.rf.667267059cab7e2226f1296d46ef0999.jpg,C:/Users/Bautista/Downloads/PrecisionSkin/Classes/Hyperpigmentation/32_jpg.rf.667267059cab7e2226f1296d46ef0999.jpg,partial_face,train,32_jpg,pseudo-label + correct (training),False,,False,False
image-70-1-_jpg.rf.dbd6fa5eb1c60faf12d9f6031f065353.jpg,C:/Users/Bautista/Downloads/PrecisionSkin/Classes/Hyperpigmentation/image-70-1-_jpg.rf.dbd6fa5eb1c60faf12d9f6031f065353.jpg,full_face,train,image-70-1-_jpg,pseudo-label + correct (training),True,Hyperpigmentation,True,True
image-79_jpg.rf.f02500de3338fc1fb972a2de44d401d5.jpg,C:/Users/Bautista/Downloads/PrecisionSkin/Classes/Hyperpigmentation/image-79_jpg.rf.f02500de3338fc1fb972a2de44d401d5.jpg,partial_face,train,image-79_jpg,pseudo-label + correct (training),True,Hyperpigmentation,True,True
melasma29_jpg.rf.fa5908f5b04c49da24b71cafa19ee7ee.jpg,C:/Users/Bautista/Downloads/PrecisionSkin/Classes/Hyperpigmentation/melasma29_jpg.rf.fa5908f5b04c49da24b71cafa19ee7ee.jpg,full_face,train,melasma29_jpg,pseudo-label + correct (training),True,Hyperpigmentation,True,True
aug_0_3208.jpg,C:/Users/Bautista/Downloads/PrecisionSkin/Classes/Hyperpigmentation/aug_0_3208.jpg,partial_face,train,aug_0_3208.jpg,pseudo-label + correct (training),False,,False,False
melasma33_jpg.rf.5714fb08e7a10eb3b34fa20a80f94f58.jpg,C:/Users/Bautista/Downloads/PrecisionSkin/Classes/Hyperpigmentation/melasma33_jpg.rf.5714fb08e7a10eb3b34fa20a80f94f58.jpg,partial_face,train,melasma33_jpg,pseudo-label + correct (training),False,,True,True
139_jpg.rf.23b2a4e08e7ed8951b335d526dc2e266.jpg,C:/Users/Bautista/Downloads/PrecisionSkin/Classes/Hyperpigmentation/139_jpg.rf.23b2a4e08e7ed8951b335d526dc2e266.jpg,partial_face,train,139_jpg,pseudo-label + correct (training),True,Hyperpigmentation,True,True
06b372d2-f0b4-4bbe-8736-13af471cba9e_jpg.rf.3328e149292f19fc6e93350ff6501edc.jpg,C:/Users/Bautista/Downloads/PrecisionSkin/Classes/Hyperpigmentation/06b372d2-f0b4-4bbe-8736-13af471cba9e_jpg.rf.3328e149292f19fc6e93350ff6501edc.jpg,partial_face,train,06b372d2-f0b4-4bbe-8736-13af471cba9e_jpg,pseudo-label + correct (training),False,,False,False
aug_0_4332.jpg,C:/Users/Bautista/Downloads/PrecisionSkin/Classes/Hyperpigmentation/aug_0_4332.jpg,partial_face,train,aug_0_4332.jpg,pseudo-label + correct (training),False,,False,False
10_left_jpg.rf.ec8a5ddd48903e6932fe720ce10f78b2.jpg,C:/Users/Bautista/Downloads/PrecisionSkin/Classes/Hyperpigmentation/10_left_jpg.rf.ec8a5ddd48903e6932fe720ce10f78b2.jpg,close_up_facial,train,10_left_jpg,pseudo-label + correct (training),True,Hyperpigmentation,True,True
image-85_jpg.rf.266c8dfd687a924cee3929b4f6bd5c54.jpg,C:/Users/Bautista/Downloads/PrecisionSkin/Classes/Hyperpigmentation/image-85_jpg.rf.266c8dfd687a924cee3929b4f6bd5c54.jpg,close_up_facial,train,image-85_jpg,pseudo-label + correct (training),True,Hyperpigmentation,True,True
114_jpg.rf.80e941787683573d51948e745b67f479.jpg,C:/Users/Bautista/Downloads/PrecisionSkin/Classes/Hyperpigmentation/114_jpg.rf.80e941787683573d51948e745b67f479.jpg,partial_face,train,114_jpg,pseudo-label + correct (training),False,,True,True
53.jpg,C:/Users/Bautista/Downloads/PrecisionSkin/Classes/Hyperpigmentation/53.jpg,partial_face,train,53.jpg,pseudo-label + correct (training),False,,False,False
image-38_jpg.rf.2a42e6e0d7bc3bb9c94140b9bf0ca0bb.jpg,C:/Users/Bautista/Downloads/PrecisionSkin/Classes/Hyperpigmentation/image-38_jpg.rf.2a42e6e0d7bc3bb9c94140b9bf0ca0bb.jpg,partial_face,train,image-38_jpg,pseudo-label + correct (training),True,Hyperpigmentation,True,True
89.jpg,C:/Users/Bautista/Downloads/PrecisionSkin/Classes/Hyperpigmentation/89.jpg,partial_face,train,89.jpg,pseudo-label + correct (training),False,,True,True
m11_jpg.rf.ea569d75f9324f4d4fdc80d421c1572d.jpg,C:/Users/Bautista/Downloads/PrecisionSkin/Classes/Hyperpigmentation/m11_jpg.rf.ea569d75f9324f4d4fdc80d421c1572d.jpg,close_up_facial,train,m11_jpg,pseudo-label + correct (training),True,Hyperpigmentation,True,True
aug_0_7633.jpg,C:/Users/Bautista/Downloads/PrecisionSkin/Classes/Hyperpigmentation/aug_0_7633.jpg,partial_face,train,aug_0_7633.jpg,pseudo-label + correct (training),False,,False,False
melasma58_png_jpg.rf.15be40670ec3f2fa9f2b0fab0e563873.jpg,C:/Users/Bautista/Downloads/PrecisionSkin/Classes/Hyperpigmentation/melasma58_png_jpg.rf.15be40670ec3f2fa9f2b0fab0e563873.jpg,full_face,train,melasma58_png_jpg,pseudo-label + correct (training),True,Hyperpigmentation,True,True
155_jpg.rf.36d37a0cd6214189c68d9655e50d9267.jpg,C:/Users/Bautista/Downloads/PrecisionSkin/Classes/Hyperpigmentation/155_jpg.rf.36d37a0cd6214189c68d9655e50d9267.jpg,partial_face,train,155_jpg,pseudo-label + correct (training),True,Hyperpigmentation,True,True
fl73_JPG.rf.c0eaf56837e5d8dcad35bb2ef0ddf3d7.jpg,C:/Users/Bautista/Downloads/PrecisionSkin/Classes/Hyperpigmentation/fl73_JPG.rf.c0eaf56837e5d8dcad35bb2ef0ddf3d7.jpg,partial_face,train,fl73_jpg,pseudo-label + correct (training),False,,True,True
aug_0_872.jpg,C:/Users/Bautista/Downloads/PrecisionSkin/Classes/Hyperpigmentation/aug_0_872.jpg,partial_face,train,aug_0_872.jpg,pseudo-label + correct (training),False,,False,False
fla-47-_JPG.rf.37b68ae9dd4a055fd00865816ad88104.jpg,C:/Users/Bautista/Downloads/PrecisionSkin/Classes/Hyperpigmentation/fla-47-_JPG.rf.37b68ae9dd4a055fd00865816ad88104.jpg,close_up_facial,train,fla-47-_jpg,pseudo-label + correct (training),True,Hyperpigmentation,True,True
image-21-1-_jpg.rf.7b43bcb51a66e80973da4661fcd90227.jpg,C:/Users/Bautista/Downloads/PrecisionSkin/Classes/Hyperpigmentation/image-21-1-_jpg.rf.7b43bcb51a66e80973da4661fcd90227.jpg,close_up_facial,train,image-21-1-_jpg,pseudo-label + correct (training),True,Hyperpigmentation,True,True
131_left_png.rf.2c46b7bbb1e7d69b00e10a1b35032dc7.jpg,C:/Users/Bautista/Downloads/PrecisionSkin/Classes/Hyperpigmentation/131_left_png.rf.2c46b7bbb1e7d69b00e10a1b35032dc7.jpg,partial_face,train,131_left_png,pseudo-label + correct (training),False,,True,True
86996485-namtannhang_10_jpg.rf.d47fc4c54e9f1a85b3a5dbfbd335b894.jpg,C:/Users/Bautista/Downloads/PrecisionSkin/Classes/Hyperpigmentation/86996485-namtannhang_10_jpg.rf.d47fc4c54e9f1a85b3a5dbfbd335b894.jpg,close_up_facial,train,86996485-namtannhang_10_jpg,pseudo-label + correct (training),True,Hyperpigmentation,True,True
Copy-of-melasma20_jpg.rf.195b00124d2ed75045bf2caaff944983.jpg,C:/Users/Bautista/Downloads/PrecisionSkin/Classes/Hyperpigmentation/Copy-of-melasma20_jpg.rf.195b00124d2ed75045bf2caaff944983.jpg,partial_face,train,copy-of-melasma20_jpg,pseudo-label + correct (training),True,Hyperpigmentation,True,True
aug_0_7711.jpg,C:/Users/Bautista/Downloads/PrecisionSkin/Classes/Hyperpigmentation/aug_0_7711.jpg,partial_face,train,aug_0_7711.jpg,pseudo-label + correct (training),False,,False,False
bb3ccdc4-afc1-4253-bc82-d598110f720e.jpg,C:/Users/Bautista/Downloads/PrecisionSkin/Classes/Hyperpigmentation/bb3ccdc4-afc1-4253-bc82-d598110f720e.jpg,full_face,train,bb3ccdc4-afc1-4253-bc82-d598110f720e.jpg,pseudo-label + correct (training),True,Hyperpigmentation,False,True
6b6b0428-e39e-4781-8cb3-4977861d6608_jpg.rf.e4a973401aa88f6dcf62d9bd26edfbf7.jpg,C:/Users/Bautista/Downloads/PrecisionSkin/Classes/Hyperpigmentation/6b6b0428-e39e-4781-8cb3-4977861d6608_jpg.rf.e4a973401aa88f6dcf62d9bd26edfbf7.jpg,partial_face,train,6b6b0428-e39e-4781-8cb3-4977861d6608_jpg,pseudo-label + correct (training),False,,False,False
aug_0_3501.jpg,C:/Users/Bautista/Downloads/PrecisionSkin/Classes/Hyperpigmentation/aug_0_3501.jpg,partial_face,train,aug_0_3501.jpg,pseudo-label + correct (training),False,,False,False
melasma10_jpg.rf.da092c80ad48ca0dd4349c9a80a9da6e.jpg,C:/Users/Bautista/Downloads/PrecisionSkin/Classes/Hyperpigmentation/melasma10_jpg.rf.da092c80ad48ca0dd4349c9a80a9da6e.jpg,close_up_facial,train,melasma10_jpg,pseudo-label + correct (training),True,Hyperpigmentation,True,True
melasma24_jpg.rf.47ce840c5aaea6617a7a52ca77b4e7ea.jpg,C:/Users/Bautista/Downloads/PrecisionSkin/Classes/Hyperpigmentation/melasma24_jpg.rf.47ce840c5aaea6617a7a52ca77b4e7ea.jpg,partial_face,train,melasma24_jpg,pseudo-label + correct (training),True,Hyperpigmentation,True,True
166_left_jpg.rf.3325d9cbc76988ea986a5fc36ec844ac.jpg,C:/Users/Bautista/Downloads/PrecisionSkin/Classes/Hyperpigmentation/166_left_jpg.rf.3325d9cbc76988ea986a5fc36ec844ac.jpg,partial_face,train,166_left_jpg,pseudo-label + correct (training),False,,True,True
aug_0_5114.jpg,C:/Users/Bautista/Downloads/PrecisionSkin/Classes/Hyperpigmentation/aug_0_5114.jpg,close_up_facial,train,aug_0_5114.jpg,pseudo-label + correct (training),False,,False,False
149_jpg.rf.b8e5aaeb4687aacac76b9a5422bdfc4c.jpg,C:/Users/Bautista/Downloads/PrecisionSkin/Classes/Hyperpigmentation/149_jpg.rf.b8e5aaeb4687aacac76b9a5422bdfc4c.jpg,partial_face,train,149_jpg,pseudo-label + correct (training),False,,True,True
melasma33_jpg.rf.dd4357a20c20ebc6e03b27e0e8458366.jpg,C:/Users/Bautista/Downloads/PrecisionSkin/Classes/Hyperpigmentation/melasma33_jpg.rf.dd4357a20c20ebc6e03b27e0e8458366.jpg,partial_face,train,melasma33_jpg,pseudo-label + correct (training),False,,True,True
141_jpg.rf.489c3709dee452abf7ba0c4d005b8541.jpg,C:/Users/Bautista/Downloads/PrecisionSkin/Classes/Hyperpigmentation/141_jpg.rf.489c3709dee452abf7ba0c4d005b8541.jpg,partial_face,train,141_jpg,pseudo-label + correct (training),True,Hyperpigmentation,True,True
image-75-1-_jpg.rf.8d0cf01faa7df72aaeb89ba81c1e2164.jpg,C:/Users/Bautista/Downloads/PrecisionSkin/Classes/Hyperpigmentation/image-75-1-_jpg.rf.8d0cf01faa7df72aaeb89ba81c1e2164.jpg,close_up_facial,train,image-75-1-_jpg,pseudo-label + correct (training),True,Hyperpigmentation,True,True
aug_0_4385.jpg,C:/Users/Bautista/Downloads/PrecisionSkin/Classes/Hyperpigmentation/aug_0_4385.jpg,close_up_facial,train,aug_0_4385.jpg,pseudo-label + correct (training),False,,False,False
aug_0_9968.jpg,C:/Users/Bautista/Downloads/PrecisionSkin/Classes/Hyperpigmentation/aug_0_9968.jpg,partial_face,train,aug_0_9968.jpg,pseudo-label + correct (training),False,,False,False
m29_jpg.rf.6eccff6788eee3c22ace5a8f646063f3.jpg,C:/Users/Bautista/Downloads/PrecisionSkin/Classes/Hyperpigmentation/m29_jpg.rf.6eccff6788eee3c22ace5a8f646063f3.jpg,full_face,train,m29_jpg,pseudo-label + correct (training),False,,True,True
melasma56_png_jpg.rf.3f930cdb982d920c6698dffadb853ee5.jpg,C:/Users/Bautista/Downloads/PrecisionSkin/Classes/Hyperpigmentation/melasma56_png_jpg.rf.3f930cdb982d920c6698dffadb853ee5.jpg,full_face,train,melasma56_png_jpg,pseudo-label + correct (training),True,Hyperpigmentation,True,True
83.jpg,C:/Users/Bautista/Downloads/PrecisionSkin/Classes/Hyperpigmentation/83.jpg,partial_face,train,83.jpg,pseudo-label + correct (training),True,Hyperpigmentation,True,True
m29_jpg.rf.c9bb321fb565f4d74a06ba3260ba6981.jpg,C:/Users/Bautista/Downloads/PrecisionSkin/Classes/Hyperpigmentation/m29_jpg.rf.c9bb321fb565f4d74a06ba3260ba6981.jpg,full_face,train,m29_jpg,pseudo-label + correct (training),False,,True,True
Copy-of-melasma52_jpg.rf.6fdcec9f359a0f56407424d26c751e79.jpg,C:/Users/Bautista/Downloads/PrecisionSkin/Classes/Hyperpigmentation/Copy-of-melasma52_jpg.rf.6fdcec9f359a0f56407424d26c751e79.jpg,partial_face,train,copy-of-melasma52_jpg,pseudo-label + correct (training),True,Hyperpigmentation,True,True
image-46_jpg.rf.632d95d70ce4f4c53525c1df00e52222.jpg,C:/Users/Bautista/Downloads/PrecisionSkin/Classes/Hyperpigmentation/image-46_jpg.rf.632d95d70ce4f4c53525c1df00e52222.jpg,full_face,train,image-46_jpg,pseudo-label + correct (training),True,Hyperpigmentation,True,True
melasma41_jpg.rf.faf695ba369b40615eb16a8e34d638c6.jpg,C:/Users/Bautista/Downloads/PrecisionSkin/Classes/Hyperpigmentation/melasma41_jpg.rf.faf695ba369b40615eb16a8e34d638c6.jpg,partial_face,train,melasma41_jpg,pseudo-label + correct (training),True,Hyperpigmentation,True,True
aug_0_8001.jpg,C:/Users/Bautista/Downloads/PrecisionSkin/Classes/Hyperpigmentation/aug_0_8001.jpg,close_up_facial,train,aug_0_8001.jpg,pseudo-label + correct (training),False,,False,False
aug_0_7055.jpg,C:/Users/Bautista/Downloads/PrecisionSkin/Classes/Hyperpigmentation/aug_0_7055.jpg,close_up_facial,train,aug_0_7055.jpg,pseudo-label + correct (training),False,,False,False
image-81_jpg.rf.2a78cfc182452e9c048d730857d05512.jpg,C:/Users/Bautista/Downloads/PrecisionSkin/Classes/Hyperpigmentation/image-81_jpg.rf.2a78cfc182452e9c048d730857d05512.jpg,full_face,train,image-81_jpg,pseudo-label + correct (training),True,Hyperpigmentation,True,True
33_jpg.rf.9d0d7d361f60a6df1eda6d9476d992d0.jpg,C:/Users/Bautista/Downloads/PrecisionSkin/Classes/Hyperpigmentation/33_jpg.rf.9d0d7d361f60a6df1eda6d9476d992d0.jpg,partial_face,train,33_jpg,pseudo-label + correct (training),False,,False,False
melasma33_jpg.rf.157ab5200441868b6bb0e0b4dab857ed.jpg,C:/Users/Bautista/Downloads/PrecisionSkin/Classes/Hyperpigmentation/melasma33_jpg.rf.157ab5200441868b6bb0e0b4dab857ed.jpg,partial_face,train,melasma33_jpg,pseudo-label + correct (training),True,Hyperpigmentation,True,True
melasma10_jpg.rf.09c0c17e4fb28b241bec6eeb69bee25f.jpg,C:/Users/Bautista/Downloads/PrecisionSkin/Classes/Hyperpigmentation/melasma10_jpg.rf.09c0c17e4fb28b241bec6eeb69bee25f.jpg,close_up_facial,train,melasma10_jpg,pseudo-label + correct (training),True,Hyperpigmentation,True,True
image-52-1-_jpg.rf.a98318b3d42903a302ce3dbff6167d39.jpg,C:/Users/Bautista/Downloads/PrecisionSkin/Classes/Hyperpigmentation/image-52-1-_jpg.rf.a98318b3d42903a302ce3dbff6167d39.jpg,close_up_facial,train,image-52-1-_jpg,pseudo-label + correct (training),True,Hyperpigmentation,True,True
melasma26_png.rf.b833c352c3bfbceff3c4af2ce3bc8708.jpg,C:/Users/Bautista/Downloads/PrecisionSkin/Classes/Hyperpigmentation/melasma26_png.rf.b833c352c3bfbceff3c4af2ce3bc8708.jpg,full_face,train,melasma26_png,pseudo-label + correct (training),False,,True,True
276_left_png.rf.90c7711d20ab8ef884960277d6f8ae5f.jpg,C:/Users/Bautista/Downloads/PrecisionSkin/Classes/Hyperpigmentation/276_left_png.rf.90c7711d20ab8ef884960277d6f8ae5f.jpg,partial_face,train,276_left_png,pseudo-label + correct (training),False,,True,True
image-102-1-_jpg.rf.f60ca0584211c4ccd7aa2c7d269c05d2.jpg,C:/Users/Bautista/Downloads/PrecisionSkin/Classes/Hyperpigmentation/image-102-1-_jpg.rf.f60ca0584211c4ccd7aa2c7d269c05d2.jpg,partial_face,train,image-102-1-_jpg,pseudo-label + correct (training),True,Hyperpigmentation,True,True
aug_0_2027.jpg,C:/Users/Bautista/Downloads/PrecisionSkin/Classes/Hyperpigmentation/aug_0_2027.jpg,partial_face,train,aug_0_2027.jpg,pseudo-label + correct (training),False,,False,False
175_left_png.rf.debf8eacc1f32d83c371b4298bd065af.jpg,C:/Users/Bautista/Downloads/PrecisionSkin/Classes/Hyperpigmentation/175_left_png.rf.debf8eacc1f32d83c371b4298bd065af.jpg,full_face,train,175_left_png,pseudo-label + correct (training),False,,True,True
image-60_jpg.rf.c688898b3faaee77c689b46ac2cbc501.jpg,C:/Users/Bautista/Downloads/PrecisionSkin/Classes/Hyperpigmentation/image-60_jpg.rf.c688898b3faaee77c689b46ac2cbc501.jpg,partial_face,train,image-60_jpg,pseudo-label + correct (training),True,Hyperpigmentation,True,True
aug_0_9090.jpg,C:/Users/Bautista/Downloads/PrecisionSkin/Classes/Hyperpigmentation/aug_0_9090.jpg,close_up_facial,train,aug_0_9090.jpg,pseudo-label + correct (training),False,,False,False
aug_0_5200.jpg,C:/Users/Bautista/Downloads/PrecisionSkin/Classes/Hyperpigmentation/aug_0_5200.jpg,partial_face,train,aug_0_5200.jpg,pseudo-label + correct (training),False,,False,False
melasma54_png_jpg.rf.13e7e89a413ed35412280072129e7447.jpg,C:/Users/Bautista/Downloads/PrecisionSkin/Classes/Hyperpigmentation/melasma54_png_jpg.rf.13e7e89a413ed35412280072129e7447.jpg,full_face,train,melasma54_png_jpg,pseudo-label + correct (training),True,Hyperpigmentation,True,True
aug_0_7038.jpg,C:/Users/Bautista/Downloads/PrecisionSkin/Classes/Hyperpigmentation/aug_0_7038.jpg,close_up_facial,train,aug_0_7038.jpg,pseudo-label + correct (training),False,,False,False
aug_0_5984.jpg,C:/Users/Bautista/Downloads/PrecisionSkin/Classes/Hyperpigmentation/aug_0_5984.jpg,partial_face,train,aug_0_5984.jpg,pseudo-label + correct (training),False,,False,False
image-107_jpg.rf.fe08167267562cd3374e2128ce0c2347.jpg,C:/Users/Bautista/Downloads/PrecisionSkin/Classes/Hyperpigmentation/image-107_jpg.rf.fe08167267562cd3374e2128ce0c2347.jpg,partial_face,train,image-107_jpg,pseudo-label + correct (training),True,Hyperpigmentation,True,True
Melasma1_png.rf.eb98f8b4ff709854f117dffa2e4532f3.jpg,C:/Users/Bautista/Downloads/PrecisionSkin/Classes/Hyperpigmentation/Melasma1_png.rf.eb98f8b4ff709854f117dffa2e4532f3.jpg,partial_face,train,melasma1_png,pseudo-label + correct (training),False,,True,True
melasma31_jpg.rf.04b3a34432fe15aa0952bcdcbbf3db4c.jpg,C:/Users/Bautista/Downloads/PrecisionSkin/Classes/Hyperpigmentation/melasma31_jpg.rf.04b3a34432fe15aa0952bcdcbbf3db4c.jpg,partial_face,train,melasma31_jpg,pseudo-label + correct (training),True,Hyperpigmentation,True,True
phototoxic-reactions-4_jpg.rf.fcd0126a71f984b67493b629f6da0138.jpg,C:/Users/Bautista/Downloads/PrecisionSkin/Classes/Hyperpigmentation/phototoxic-reactions-4_jpg.rf.fcd0126a71f984b67493b629f6da0138.jpg,full_face,train,phototoxic-reactions-4_jpg,pseudo-label + correct (training),False,,False,False
183_left_png.rf.c826a3f4b672597a98ce8bb0df8d5c12.jpg,C:/Users/Bautista/Downloads/PrecisionSkin/Classes/Hyperpigmentation/183_left_png.rf.c826a3f4b672597a98ce8bb0df8d5c12.jpg,full_face,train,183_left_png,pseudo-label + correct (training),False,,True,True
edee38c6-6337-4d84-92d7-56c25cbc1ad3_jpg.rf.c1cb5341312d05877922f54f679f84c0.jpg,C:/Users/Bautista/Downloads/PrecisionSkin/Classes/Hyperpigmentation/edee38c6-6337-4d84-92d7-56c25cbc1ad3_jpg.rf.c1cb5341312d05877922f54f679f84c0.jpg,full_face,train,edee38c6-6337-4d84-92d7-56c25cbc1ad3_jpg,pseudo-label + correct (training),False,,False,False
image-59_jpg.rf.13481215d10787c5c3fe4fb9c1a44bb9.jpg,C:/Users/Bautista/Downloads/PrecisionSkin/Classes/Hyperpigmentation/image-59_jpg.rf.13481215d10787c5c3fe4fb9c1a44bb9.jpg,close_up_facial,train,image-59_jpg,pseudo-label + correct (training),True,Hyperpigmentation,True,True
Melasma1_png.rf.acc508875a1866246af55b1dcd7f5b80.jpg,C:/Users/Bautista/Downloads/PrecisionSkin/Classes/Hyperpigmentation/Melasma1_png.rf.acc508875a1866246af55b1dcd7f5b80.jpg,full_face,train,melasma1_png,pseudo-label + correct (training),False,,True,True
39_jpg.rf.4abb3739cc575153f52906d1a119e8f8.jpg,C:/Users/Bautista/Downloads/PrecisionSkin/Classes/Hyperpigmentation/39_jpg.rf.4abb3739cc575153f52906d1a119e8f8.jpg,partial_face,train,39_jpg,pseudo-label + correct (training),False,,True,True
melasma58_png_jpg.rf.b662706ef38a34747659b8337eee5bfe.jpg,C:/Users/Bautista/Downloads/PrecisionSkin/Classes/Hyperpigmentation/melasma58_png_jpg.rf.b662706ef38a34747659b8337eee5bfe.jpg,full_face,train,melasma58_png_jpg,pseudo-label + correct (training),False,,True,True
image-38_jpg.rf.7a81033aa73125bd0ad40510097967d0.jpg,C:/Users/Bautista/Downloads/PrecisionSkin/Classes/Hyperpigmentation/image-38_jpg.rf.7a81033aa73125bd0ad40510097967d0.jpg,close_up_facial,train,image-38_jpg,pseudo-label + correct (training),True,Hyperpigmentation,True,True
145c0c21-d758-4d57-a3dd-a15ed0c4e855_jpg.rf.f906182e98a2039a962635c1b85b0e15.jpg,C:/Users/Bautista/Downloads/PrecisionSkin/Classes/Hyperpigmentation/145c0c21-d758-4d57-a3dd-a15ed0c4e855_jpg.rf.f906182e98a2039a962635c1b85b0e15.jpg,close_up_facial,train,145c0c21-d758-4d57-a3dd-a15ed0c4e855_jpg,pseudo-label + correct (training),True,Hyperpigmentation,True,True
melasma55_png_jpg.rf.39b2984afaec62b030c133e802cd9f8f.jpg,C:/Users/Bautista/Downloads/PrecisionSkin/Classes/Hyperpigmentation/melasma55_png_jpg.rf.39b2984afaec62b030c133e802cd9f8f.jpg,full_face,train,melasma55_png_jpg,pseudo-label + correct (training),False,,True,True
aug_0_9565.jpg,C:/Users/Bautista/Downloads/PrecisionSkin/Classes/Hyperpigmentation/aug_0_9565.jpg,close_up_facial,train,aug_0_9565.jpg,pseudo-label + correct (training),False,,False,False
melasma46_jpg.rf.885f2f96bd506e7f8354617138eca14b.jpg,C:/Users/Bautista/Downloads/PrecisionSkin/Classes/Hyperpigmentation/melasma46_jpg.rf.885f2f96bd506e7f8354617138eca14b.jpg,full_face,train,melasma46_jpg,pseudo-label + correct (training),True,Hyperpigmentation,True,True
119dfb2360ebc55fac6b970997b5184b.jpg,C:/Users/Bautista/Downloads/PrecisionSkin/Classes/Hyperpigmentation/119dfb2360ebc55fac6b970997b5184b.jpg,partial_face,train,119dfb2360ebc55fac6b970997b5184b.jpg,pseudo-label + correct (training),False,,False,False
230_left_png.rf.cc44c84db2a2d328f41fac7c1b2c2155.jpg,C:/Users/Bautista/Downloads/PrecisionSkin/Classes/Hyperpigmentation/230_left_png.rf.cc44c84db2a2d328f41fac7c1b2c2155.jpg,full_face,train,230_left_png,pseudo-label + correct (training),True,Hyperpigmentation,True,True
fla-85-_JPG.rf.f6af0700abb3d2a040076e46958fc6f8.jpg,C:/Users/Bautista/Downloads/PrecisionSkin/Classes/Hyperpigmentation/fla-85-_JPG.rf.f6af0700abb3d2a040076e46958fc6f8.jpg,partial_face,train,fla-85-_jpg,pseudo-label + correct (training),False,,True,True
aug_0_9315.jpg,C:/Users/Bautista/Downloads/PrecisionSkin/Classes/Hyperpigmentation/aug_0_9315.jpg,close_up_facial,train,aug_0_9315.jpg,pseudo-label + correct (training),False,,False,False
aug_0_4985.jpg,C:/Users/Bautista/Downloads/PrecisionSkin/Classes/Hyperpigmentation/aug_0_4985.jpg,partial_face,train,aug_0_4985.jpg,pseudo-label + correct (training),False,,False,False
melasma49_jpg.rf.56d8dcda55cb291c5e9e163305a6da46.jpg,C:/Users/Bautista/Downloads/PrecisionSkin/Classes/Hyperpigmentation/melasma49_jpg.rf.56d8dcda55cb291c5e9e163305a6da46.jpg,close_up_facial,train,melasma49_jpg,pseudo-label + correct (training),True,Hyperpigmentation,True,True
aug_0_8308.jpg,C:/Users/Bautista/Downloads/PrecisionSkin/Classes/Hyperpigmentation/aug_0_8308.jpg,close_up_facial,train,aug_0_8308.jpg,pseudo-label + correct (training),False,,False,False
Copy-of-melasma20_jpg.rf.6aaf773c8337a313b05190951200f942.jpg,C:/Users/Bautista/Downloads/PrecisionSkin/Classes/Hyperpigmentation/Copy-of-melasma20_jpg.rf.6aaf773c8337a313b05190951200f942.jpg,partial_face,train,copy-of-melasma20_jpg,pseudo-label + correct (training),True,Hyperpigmentation,True,True
102.jpg,C:/Users/Bautista/Downloads/PrecisionSkin/Classes/Hyperpigmentation/102.jpg,close_up_facial,train,102.jpg,pseudo-label + correct (training),True,Hyperpigmentation,True,True
aug_0_8032.jpg,C:/Users/Bautista/Downloads/PrecisionSkin/Classes/Hyperpigmentation/aug_0_8032.jpg,partial_face,train,aug_0_8032.jpg,pseudo-label + correct (training),False,,False,False
aug_0_7367.jpg,C:/Users/Bautista/Downloads/PrecisionSkin/Classes/Hyperpigmentation/aug_0_7367.jpg,partial_face,train,aug_0_7367.jpg,pseudo-label + correct (training),False,,False,False
114_jpg.rf.224410841a14d86a52a47b0f5414d857.jpg,C:/Users/Bautista/Downloads/PrecisionSkin/Classes/Hyperpigmentation/114_jpg.rf.224410841a14d86a52a47b0f5414d857.jpg,partial_face,train,114_jpg,pseudo-label + correct (training),False,,True,True
m9_jpg.rf.a94382a978f59e6edff071c3b66fac53.jpg,C:/Users/Bautista/Downloads/PrecisionSkin/Classes/Hyperpigmentation/m9_jpg.rf.a94382a978f59e6edff071c3b66fac53.jpg,close_up_facial,train,m9_jpg,pseudo-label + correct (training),True,Hyperpigmentation,True,True
c066cab4-e204-47b5-be8a-35b33c3fb48d_jpeg.rf.9854bf5d4e4d6a409c0dae48688f2d63.jpg,C:/Users/Bautista/Downloads/PrecisionSkin/Classes/Hyperpigmentation/c066cab4-e204-47b5-be8a-35b33c3fb48d_jpeg.rf.9854bf5d4e4d6a409c0dae48688f2d63.jpg,partial_face,train,c066cab4-e204-47b5-be8a-35b33c3fb48d_jpeg,pseudo-label + correct (training),False,,True,True
image-5-1-_jpg.rf.dc606519c5ec30827ff1eddabe5383b7.jpg,C:/Users/Bautista/Downloads/PrecisionSkin/Classes/Hyperpigmentation/image-5-1-_jpg.rf.dc606519c5ec30827ff1eddabe5383b7.jpg,close_up_facial,train,image-5-1-_jpg,pseudo-label + correct (training),True,Hyperpigmentation,True,True
114_jpg.rf.822e84f7e09ebfe6f63ce51820166a5a.jpg,C:/Users/Bautista/Downloads/PrecisionSkin/Classes/Hyperpigmentation/114_jpg.rf.822e84f7e09ebfe6f63ce51820166a5a.jpg,partial_face,train,114_jpg,pseudo-label + correct (training),False,,True,True
155_left_png.rf.8d62741e2cfe3d84263295f328d670f0.jpg,C:/Users/Bautista/Downloads/PrecisionSkin/Classes/Hyperpigmentation/155_left_png.rf.8d62741e2cfe3d84263295f328d670f0.jpg,partial_face,train,155_left_png,pseudo-label + correct (training),False,,True,True
melasma28_jpg.rf.32f496802cd1af304049279a90f62029.jpg,C:/Users/Bautista/Downloads/PrecisionSkin/Classes/Hyperpigmentation/melasma28_jpg.rf.32f496802cd1af304049279a90f62029.jpg,full_face,train,melasma28_jpg,pseudo-label + correct (training),False,,True,True
melasma72_png_jpg.rf.f081f07e34a0658c188fe04541067c2a.jpg,C:/Users/Bautista/Downloads/PrecisionSkin/Classes/Hyperpigmentation/melasma72_png_jpg.rf.f081f07e34a0658c188fe04541067c2a.jpg,partial_face,train,melasma72_png_jpg,pseudo-label + correct (training),True,Hyperpigmentation,True,True
71_left_png.rf.98a696c8ab84b0cae29fc4cc2970a161.jpg,C:/Users/Bautista/Downloads/PrecisionSkin/Classes/Hyperpigmentation/71_left_png.rf.98a696c8ab84b0cae29fc4cc2970a161.jpg,partial_face,train,71_left_png,pseudo-label + correct (training),True,Hyperpigmentation,True,True
aug_0_2702.jpg,C:/Users/Bautista/Downloads/PrecisionSkin/Classes/Hyperpigmentation/aug_0_2702.jpg,partial_face,train,aug_0_2702.jpg,pseudo-label + correct (training),False,,False,False
f8930779-f8a1-485e-8534-0cd881cfa142.jpg,C:/Users/Bautista/Downloads/PrecisionSkin/Classes/Hyperpigmentation/f8930779-f8a1-485e-8534-0cd881cfa142.jpg,close_up_facial,train,f8930779-f8a1-485e-8534-0cd881cfa142.jpg,pseudo-label + correct (training),False,,False,False
229_left_png.rf.f583a9c2ab9f857b3b3b7d28da53b4f2.jpg,C:/Users/Bautista/Downloads/PrecisionSkin/Classes/Hyperpigmentation/229_left_png.rf.f583a9c2ab9f857b3b3b7d28da53b4f2.jpg,partial_face,train,229_left_png,pseudo-label + correct (training),True,Hyperpigmentation,True,True
image-60-1-_jpg.rf.b19296f7aa647b2d072965a93ae6141a.jpg,C:/Users/Bautista/Downloads/PrecisionSkin/Classes/Hyperpigmentation/image-60-1-_jpg.rf.b19296f7aa647b2d072965a93ae6141a.jpg,close_up_facial,train,image-60-1-_jpg,pseudo-label + correct (training),True,Hyperpigmentation,True,True
melasma28_jpg.rf.004c80a213a55193b82313760ecc4dd6.jpg,C:/Users/Bautista/Downloads/PrecisionSkin/Classes/Hyperpigmentation/melasma28_jpg.rf.004c80a213a55193b82313760ecc4dd6.jpg,full_face,train,melasma28_jpg,pseudo-label + correct (training),False,,True,True
115_jpg.rf.5cee836c97a8b895eac18211652c6240.jpg,C:/Users/Bautista/Downloads/PrecisionSkin/Classes/Hyperpigmentation/115_jpg.rf.5cee836c97a8b895eac18211652c6240.jpg,partial_face,train,115_jpg,pseudo-label + correct (training),True,Hyperpigmentation,True,True
Copy-of-melasma56_jpg.rf.b986ac4f71e2b82b5d1d60b80070a409.jpg,C:/Users/Bautista/Downloads/PrecisionSkin/Classes/Hyperpigmentation/Copy-of-melasma56_jpg.rf.b986ac4f71e2b82b5d1d60b80070a409.jpg,full_face,train,copy-of-melasma56_jpg,pseudo-label + correct (training),True,Hyperpigmentation,True,True
image-43-2-_jpg.rf.231c3d4bd5f6604648de829c0c7bb67f.jpg,C:/Users/Bautista/Downloads/PrecisionSkin/Classes/Hyperpigmentation/image-43-2-_jpg.rf.231c3d4bd5f6604648de829c0c7bb67f.jpg,partial_face,train,image-43-2-_jpg,pseudo-label + correct (training),True,Hyperpigmentation,True,True
Melasma1_png.rf.ed0d1f267aeea2dc751b9ae561c79728.jpg,C:/Users/Bautista/Downloads/PrecisionSkin/Classes/Hyperpigmentation/Melasma1_png.rf.ed0d1f267aeea2dc751b9ae561c79728.jpg,full_face,train,melasma1_png,pseudo-label + correct (training),False,,True,True
aug_0_480.jpg,C:/Users/Bautista/Downloads/PrecisionSkin/Classes/Hyperpigmentation/aug_0_480.jpg,partial_face,train,aug_0_480.jpg,pseudo-label + correct (training),False,,False,False
3131-1-_jpg.rf.4316a269ca5443231345826b07399d7a.jpg,C:/Users/Bautista/Downloads/PrecisionSkin/Classes/Hyperpigmentation/3131-1-_jpg.rf.4316a269ca5443231345826b07399d7a.jpg,close_up_facial,train,3131-1-_jpg,pseudo-label + correct (training),True,Hyperpigmentation,True,True
aug_0_232.jpg,C:/Users/Bautista/Downloads/PrecisionSkin/Classes/Hyperpigmentation/aug_0_232.jpg,partial_face,train,aug_0_232.jpg,pseudo-label + correct (training),False,,False,False
porphyrias-33_jpg.rf.b8436d7b5f7616a7f591c718fcfd3d26.jpg,C:/Users/Bautista/Downloads/PrecisionSkin/Classes/Hyperpigmentation/porphyrias-33_jpg.rf.b8436d7b5f7616a7f591c718fcfd3d26.jpg,close_up_facial,train,porphyrias-33_jpg,pseudo-label + correct (training),False,,False,False
melasma10_jpg.rf.5f27478f4fb602c54abd156e045e7d58.jpg,C:/Users/Bautista/Downloads/PrecisionSkin/Classes/Hyperpigmentation/melasma10_jpg.rf.5f27478f4fb602c54abd156e045e7d58.jpg,close_up_facial,train,melasma10_jpg,pseudo-label + correct (training),True,Hyperpigmentation,True,True
aug_0_3239.jpg,C:/Users/Bautista/Downloads/PrecisionSkin/Classes/Hyperpigmentation/aug_0_3239.jpg,partial_face,train,aug_0_3239.jpg,pseudo-label + correct (training),False,,False,False
m95_jpg.rf.0aac88eadf2b24d9544838a7523c228b.jpg,C:/Users/Bautista/Downloads/PrecisionSkin/Classes/Hyperpigmentation/m95_jpg.rf.0aac88eadf2b24d9544838a7523c228b.jpg,partial_face,train,m95_jpg,pseudo-label + correct (training),True,Hyperpigmentation,True,True
aug_0_3199.jpg,C:/Users/Bautista/Downloads/PrecisionSkin/Classes/Hyperpigmentation/aug_0_3199.jpg,close_up_facial,train,aug_0_3199.jpg,pseudo-label + correct (training),False,,False,False
melasma43_jpg.rf.c1b7830513f5a3c297baa821fdb8b3c6.jpg,C:/Users/Bautista/Downloads/PrecisionSkin/Classes/Hyperpigmentation/melasma43_jpg.rf.c1b7830513f5a3c297baa821fdb8b3c6.jpg,partial_face,train,melasma43_jpg,pseudo-label + correct (training),True,Hyperpigmentation,True,True
melasma54_png.rf.611b59f08cfc2bb4f2580d8552ea8bad.jpg,C:/Users/Bautista/Downloads/PrecisionSkin/Classes/Hyperpigmentation/melasma54_png.rf.611b59f08cfc2bb4f2580d8552ea8bad.jpg,full_face,train,melasma54_png,pseudo-label + correct (training),True,Hyperpigmentation,True,True
aug_0_6903.jpg,C:/Users/Bautista/Downloads/PrecisionSkin/Classes/Hyperpigmentation/aug_0_6903.jpg,close_up_facial,train,aug_0_6903.jpg,pseudo-label + correct (training),False,,False,False
72_jpg.rf.32fa6418565f17018f51bb8d9c20e222.jpg,C:/Users/Bautista/Downloads/PrecisionSkin/Classes/Hyperpigmentation/72_jpg.rf.32fa6418565f17018f51bb8d9c20e222.jpg,partial_face,train,72_jpg,pseudo-label + correct (training),False,,False,False
melasma14_png.rf.ea1c5f7194383cc9fcf172fbbb5efb6c.jpg,C:/Users/Bautista/Downloads/PrecisionSkin/Classes/Hyperpigmentation/melasma14_png.rf.ea1c5f7194383cc9fcf172fbbb5efb6c.jpg,full_face,train,melasma14_png,pseudo-label + correct (training),False,,True,True
fla-81-_JPG.rf.8c2c8d13e0fce7d7e6065ba30c66a62c.jpg,C:/Users/Bautista/Downloads/PrecisionSkin/Classes/Hyperpigmentation/fla-81-_JPG.rf.8c2c8d13e0fce7d7e6065ba30c66a62c.jpg,close_up_facial,train,fla-81-_jpg,pseudo-label + correct (training),False,,True,True
image-98_jpg.rf.f601fcde3204b84d5d05ddb5e3bb987d.jpg,C:/Users/Bautista/Downloads/PrecisionSkin/Classes/Hyperpigmentation/image-98_jpg.rf.f601fcde3204b84d5d05ddb5e3bb987d.jpg,partial_face,train,image-98_jpg,pseudo-label + correct (training),True,Hyperpigmentation,True,True
aug_0_8373.jpg,C:/Users/Bautista/Downloads/PrecisionSkin/Classes/Hyperpigmentation/aug_0_8373.jpg,partial_face,train,aug_0_8373.jpg,pseudo-label + correct (training),False,,False,False
57_jpg.rf.494e0547154ba52034c6e1229f7a65b7.jpg,C:/Users/Bautista/Downloads/PrecisionSkin/Classes/Hyperpigmentation/57_jpg.rf.494e0547154ba52034c6e1229f7a65b7.jpg,partial_face,train,57_jpg,pseudo-label + correct (training),False,,True,True
aug_0_3870.jpg,C:/Users/Bautista/Downloads/PrecisionSkin/Classes/Hyperpigmentation/aug_0_3870.jpg,partial_face,train,aug_0_3870.jpg,pseudo-label + correct (training),False,,False,False
image-31-2-_jpg.rf.c63e6948005cbb3e92f9bf47f9584d72.jpg,C:/Users/Bautista/Downloads/PrecisionSkin/Classes/Hyperpigmentation/image-31-2-_jpg.rf.c63e6948005cbb3e92f9bf47f9584d72.jpg,partial_face,train,image-31-2-_jpg,pseudo-label + correct (training),True,Hyperpigmentation,True,True
melasma48_png_jpg.rf.09a3287a7b258f310b6296aeb531234a.jpg,C:/Users/Bautista/Downloads/PrecisionSkin/Classes/Hyperpigmentation/melasma48_png_jpg.rf.09a3287a7b258f310b6296aeb531234a.jpg,close_up_facial,train,melasma48_png_jpg,pseudo-label + correct (training),True,Hyperpigmentation,True,True
83_jpg.rf.13f09a80b410dfa4fda10ab32f6ce3d3.jpg,C:/Users/Bautista/Downloads/PrecisionSkin/Classes/Hyperpigmentation/83_jpg.rf.13f09a80b410dfa4fda10ab32f6ce3d3.jpg,partial_face,train,83_jpg,pseudo-label + correct (training),False,,True,True
melasma9_jpg.rf.7b744244d2fa74cefd4c5824c1ef6a10.jpg,C:/Users/Bautista/Downloads/PrecisionSkin/Classes/Hyperpigmentation/melasma9_jpg.rf.7b744244d2fa74cefd4c5824c1ef6a10.jpg,partial_face,train,melasma9_jpg,pseudo-label + correct (training),True,Hyperpigmentation,True,True
210_left_png.rf.d141dc5509072b73697a417a32177a4c.jpg,C:/Users/Bautista/Downloads/PrecisionSkin/Classes/Hyperpigmentation/210_left_png.rf.d141dc5509072b73697a417a32177a4c.jpg,partial_face,train,210_left_png,pseudo-label + correct (training),False,,True,True
aug_0_2623.jpg,C:/Users/Bautista/Downloads/PrecisionSkin/Classes/Hyperpigmentation/aug_0_2623.jpg,partial_face,train,aug_0_2623.jpg,pseudo-label + correct (training),False,,False,False
aug_0_9389.jpg,C:/Users/Bautista/Downloads/PrecisionSkin/Classes/Hyperpigmentation/aug_0_9389.jpg,close_up_facial,train,aug_0_9389.jpg,pseudo-label + correct (training),False,,False,False
100_jpg.rf.5348525492ef98a945a258be6f308d10.jpg,C:/Users/Bautista/Downloads/PrecisionSkin/Classes/Hyperpigmentation/100_jpg.rf.5348525492ef98a945a258be6f308d10.jpg,close_up_facial,train,100_jpg,pseudo-label + correct (training),True,Hyperpigmentation,True,True
eeb13c90-b47b-4b87-a838-e771da1703f4.jpg,C:/Users/Bautista/Downloads/PrecisionSkin/Classes/Hyperpigmentation/eeb13c90-b47b-4b87-a838-e771da1703f4.jpg,partial_face,train,eeb13c90-b47b-4b87-a838-e771da1703f4.jpg,pseudo-label + correct (training),False,,False,False
aug_0_8547.jpg,C:/Users/Bautista/Downloads/PrecisionSkin/Classes/Hyperpigmentation/aug_0_8547.jpg,close_up_facial,train,aug_0_8547.jpg,pseudo-label + correct (training),False,,False,False
melasma55_png_jpg.rf.fe7f28cc1fcac6dcda5f3b3b09127196.jpg,C:/Users/Bautista/Downloads/PrecisionSkin/Classes/Hyperpigmentation/melasma55_png_jpg.rf.fe7f28cc1fcac6dcda5f3b3b09127196.jpg,full_face,train,melasma55_png_jpg,pseudo-label + correct (training),False,,True,True
aug_0_8611.jpg,C:/Users/Bautista/Downloads/PrecisionSkin/Classes/Hyperpigmentation/aug_0_8611.jpg,close_up_facial,train,aug_0_8611.jpg,pseudo-label + correct (training),False,,False,False
melasma37_jpg.rf.96d008b507aa4694fa572d6cc6454a2b.jpg,C:/Users/Bautista/Downloads/PrecisionSkin/Classes/Hyperpigmentation/melasma37_jpg.rf.96d008b507aa4694fa572d6cc6454a2b.jpg,partial_face,train,melasma37_jpg,pseudo-label + correct (training),True,Hyperpigmentation,True,True
image-54_jpg.rf.a312ae0a0acf376f443efa59d70a317f.jpg,C:/Users/Bautista/Downloads/PrecisionSkin/Classes/Hyperpigmentation/image-54_jpg.rf.a312ae0a0acf376f443efa59d70a317f.jpg,partial_face,train,image-54_jpg,pseudo-label + correct (training),True,Hyperpigmentation,True,True
300_left_png.rf.2a92d88d3bf7e3bbe72878447a339d1d.jpg,C:/Users/Bautista/Downloads/PrecisionSkin/Classes/Hyperpigmentation/300_left_png.rf.2a92d88d3bf7e3bbe72878447a339d1d.jpg,partial_face,train,300_left_png,pseudo-label + correct (training),True,Hyperpigmentation,True,True
181_left_png.rf.2d165fc1448acb98eaa37b22f1a1715c.jpg,C:/Users/Bautista/Downloads/PrecisionSkin/Classes/Hyperpigmentation/181_left_png.rf.2d165fc1448acb98eaa37b22f1a1715c.jpg,close_up_facial,train,181_left_png,pseudo-label + correct (training),True,Hyperpigmentation,True,True
109_jpg.rf.d76d8a90362969ea1be30e8412ed1a45.jpg,C:/Users/Bautista/Downloads/PrecisionSkin/Classes/Hyperpigmentation/109_jpg.rf.d76d8a90362969ea1be30e8412ed1a45.jpg,partial_face,train,109_jpg,pseudo-label + correct (training),True,Hyperpigmentation,True,True
fln-14-_jpg.rf.2749601f2be11397dfd988827f5a3a95.jpg,C:/Users/Bautista/Downloads/PrecisionSkin/Classes/Hyperpigmentation/fln-14-_jpg.rf.2749601f2be11397dfd988827f5a3a95.jpg,close_up_facial,train,fln-14-_jpg,pseudo-label + correct (training),False,,True,True
melasma22_png.rf.e5d09d64935e39efb2cad29656dbc588.jpg,C:/Users/Bautista/Downloads/PrecisionSkin/Classes/Hyperpigmentation/melasma22_png.rf.e5d09d64935e39efb2cad29656dbc588.jpg,partial_face,train,melasma22_png,pseudo-label + correct (training),False,,True,True
aug_0_2527.jpg,C:/Users/Bautista/Downloads/PrecisionSkin/Classes/Hyperpigmentation/aug_0_2527.jpg,partial_face,train,aug_0_2527.jpg,pseudo-label + correct (training),False,,False,False
image-98-1-_jpg.rf.042de363fdb544ea0563f31c53c27d27.jpg,C:/Users/Bautista/Downloads/PrecisionSkin/Classes/Hyperpigmentation/image-98-1-_jpg.rf.042de363fdb544ea0563f31c53c27d27.jpg,partial_face,train,image-98-1-_jpg,pseudo-label + correct (training),True,Hyperpigmentation,True,True
aug_0_7901.jpg,C:/Users/Bautista/Downloads/PrecisionSkin/Classes/Hyperpigmentation/aug_0_7901.jpg,close_up_facial,train,aug_0_7901.jpg,pseudo-label + correct (training),False,,False,False
image-102-1-_jpg.rf.28f863846f0f722d2e2ebe9f2c6189b1.jpg,C:/Users/Bautista/Downloads/PrecisionSkin/Classes/Hyperpigmentation/image-102-1-_jpg.rf.28f863846f0f722d2e2ebe9f2c6189b1.jpg,partial_face,train,image-102-1-_jpg,pseudo-label + correct (training),True,Hyperpigmentation,True,True
fla-68-_JPG.rf.d68a78065238b1759e444fd208749f25.jpg,C:/Users/Bautista/Downloads/PrecisionSkin/Classes/Hyperpigmentation/fla-68-_JPG.rf.d68a78065238b1759e444fd208749f25.jpg,partial_face,train,fla-68-_jpg,pseudo-label + correct (training),True,Hyperpigmentation,True,True
3145_jpg.rf.878317ae48ce748e793d4ae4204a20d9.jpg,C:/Users/Bautista/Downloads/PrecisionSkin/Classes/Hyperpigmentation/3145_jpg.rf.878317ae48ce748e793d4ae4204a20d9.jpg,close_up_facial,train,3145_jpg,pseudo-label + correct (training),True,Hyperpigmentation,True,True
m9_jpg.rf.f68cecc6b84131e51b275b849a99925f.jpg,C:/Users/Bautista/Downloads/PrecisionSkin/Classes/Hyperpigmentation/m9_jpg.rf.f68cecc6b84131e51b275b849a99925f.jpg,close_up_facial,train,m9_jpg,pseudo-label + correct (training),False,,True,True
152_jpg.rf.cb508713e3bf611cffa22625cac1b493.jpg,C:/Users/Bautista/Downloads/PrecisionSkin/Classes/Hyperpigmentation/152_jpg.rf.cb508713e3bf611cffa22625cac1b493.jpg,close_up_facial,train,152_jpg,pseudo-label + correct (training),True,Hyperpigmentation,True,True
aug_0_1332.jpg,C:/Users/Bautista/Downloads/PrecisionSkin/Classes/Hyperpigmentation/aug_0_1332.jpg,close_up_facial,train,aug_0_1332.jpg,pseudo-label + correct (training),False,,False,False
melasma37_jpg.rf.d17d1d945313ee0256576144c5a6080a.jpg,C:/Users/Bautista/Downloads/PrecisionSkin/Classes/Hyperpigmentation/melasma37_jpg.rf.d17d1d945313ee0256576144c5a6080a.jpg,partial_face,train,melasma37_jpg,pseudo-label + correct (training),True,Hyperpigmentation,True,True
melasma29_jpg.rf.46fa8528f1445010cb5c6e68a4675749.jpg,C:/Users/Bautista/Downloads/PrecisionSkin/Classes/Hyperpigmentation/melasma29_jpg.rf.46fa8528f1445010cb5c6e68a4675749.jpg,full_face,train,melasma29_jpg,pseudo-label + correct (training),False,,True,True
166_left_jpg.rf.29d28ff2694b3514b09938b744e09448.jpg,C:/Users/Bautista/Downloads/PrecisionSkin/Classes/Hyperpigmentation/166_left_jpg.rf.29d28ff2694b3514b09938b744e09448.jpg,partial_face,train,166_left_jpg,pseudo-label + correct (training),False,,True,True
aug_0_5614.jpg,C:/Users/Bautista/Downloads/PrecisionSkin/Classes/Hyperpigmentation/aug_0_5614.jpg,partial_face,train,aug_0_5614.jpg,pseudo-label + correct (training),False,,False,False
c955da5e-9306-4ba5-b6ae-bc8332466a63_jpg.rf.6ec8a61aef3e92e43edd0f89cc9f3828.jpg,C:/Users/Bautista/Downloads/PrecisionSkin/Classes/Hyperpigmentation/c955da5e-9306-4ba5-b6ae-bc8332466a63_jpg.rf.6ec8a61aef3e92e43edd0f89cc9f3828.jpg,partial_face,train,c955da5e-9306-4ba5-b6ae-bc8332466a63_jpg,pseudo-label + correct (training),False,,False,False
146_jpg.rf.50e2d4191a89410d11aff75f80d0d695.jpg,C:/Users/Bautista/Downloads/PrecisionSkin/Classes/Hyperpigmentation/146_jpg.rf.50e2d4191a89410d11aff75f80d0d695.jpg,partial_face,train,146_jpg,pseudo-label + correct (training),False,,True,True
29_jpg.rf.e394e264463b647b5c4ec93c2fc9e787.jpg,C:/Users/Bautista/Downloads/PrecisionSkin/Classes/Hyperpigmentation/29_jpg.rf.e394e264463b647b5c4ec93c2fc9e787.jpg,close_up_facial,train,29_jpg,pseudo-label + correct (training),True,Hyperpigmentation,True,True
melasma40_jpg.rf.fdb4d40631496ba9640752416a6362ba.jpg,C:/Users/Bautista/Downloads/PrecisionSkin/Classes/Hyperpigmentation/melasma40_jpg.rf.fdb4d40631496ba9640752416a6362ba.jpg,full_face,train,melasma40_jpg,pseudo-label + correct (training),False,,True,True
102_left_png.rf.df884f0f15fe84cd6f353a064cbc62b9.jpg,C:/Users/Bautista/Downloads/PrecisionSkin/Classes/Hyperpigmentation/102_left_png.rf.df884f0f15fe84cd6f353a064cbc62b9.jpg,full_face,train,102_left_png,pseudo-label + correct (training),False,,True,True
melasma55_png_jpg.rf.170d0b883f6d821ae3533253d8406abe.jpg,C:/Users/Bautista/Downloads/PrecisionSkin/Classes/Hyperpigmentation/melasma55_png_jpg.rf.170d0b883f6d821ae3533253d8406abe.jpg,full_face,train,melasma55_png_jpg,pseudo-label + correct (training),False,,True,True
melasma43_jpg.rf.117a838219ea7d436f6886fd955f254d.jpg,C:/Users/Bautista/Downloads/PrecisionSkin/Classes/Hyperpigmentation/melasma43_jpg.rf.117a838219ea7d436f6886fd955f254d.jpg,full_face,train,melasma43_jpg,pseudo-label + correct (training),True,Hyperpigmentation,True,True
melasma39_jpg.rf.bdf59d6eb94206fcac8792cbc5fde5ce.jpg,C:/Users/Bautista/Downloads/PrecisionSkin/Classes/Hyperpigmentation/melasma39_jpg.rf.bdf59d6eb94206fcac8792cbc5fde5ce.jpg,full_face,train,melasma39_jpg,pseudo-label + correct (training),False,,True,True
image-24_jpg.rf.f354a9363cbf5b457b76287bd5db10d6.jpg,C:/Users/Bautista/Downloads/PrecisionSkin/Classes/Hyperpigmentation/image-24_jpg.rf.f354a9363cbf5b457b76287bd5db10d6.jpg,partial_face,train,image-24_jpg,pseudo-label + correct (training),True,Hyperpigmentation,True,True
image-20_jpg.rf.d9dfd3dab4c62e1760ca0c939ed05c44.jpg,C:/Users/Bautista/Downloads/PrecisionSkin/Classes/Hyperpigmentation/image-20_jpg.rf.d9dfd3dab4c62e1760ca0c939ed05c44.jpg,partial_face,train,image-20_jpg,pseudo-label + correct (training),True,Hyperpigmentation,True,True
46.jpg,C:/Users/Bautista/Downloads/PrecisionSkin/Classes/Hyperpigmentation/46.jpg,partial_face,train,46.jpg,pseudo-label + correct (training),False,,True,True
fla-74-_JPG.rf.7136d7092d47e6465c73a32e6fc888ab.jpg,C:/Users/Bautista/Downloads/PrecisionSkin/Classes/Hyperpigmentation/fla-74-_JPG.rf.7136d7092d47e6465c73a32e6fc888ab.jpg,close_up_facial,train,fla-74-_jpg,pseudo-label + correct (training),False,,True,True
m89_jpg.rf.70c0b2d97aa5f8f18a27cdcb89522229.jpg,C:/Users/Bautista/Downloads/PrecisionSkin/Classes/Hyperpigmentation/m89_jpg.rf.70c0b2d97aa5f8f18a27cdcb89522229.jpg,partial_face,train,m89_jpg,pseudo-label + correct (training),True,Hyperpigmentation,True,True
melasma65_png_jpg.rf.ca1fb614d43c573f2f297f5457c33c50.jpg,C:/Users/Bautista/Downloads/PrecisionSkin/Classes/Hyperpigmentation/melasma65_png_jpg.rf.ca1fb614d43c573f2f297f5457c33c50.jpg,close_up_facial,train,melasma65_png_jpg,pseudo-label + correct (training),True,Hyperpigmentation,True,True
aug_0_3957.jpg,C:/Users/Bautista/Downloads/PrecisionSkin/Classes/Hyperpigmentation/aug_0_3957.jpg,partial_face,train,aug_0_3957.jpg,pseudo-label + correct (training),False,,False,False
melasma52_png_jpg.rf.2504293039875ed57ca1efc3b31f54a2.jpg,C:/Users/Bautista/Downloads/PrecisionSkin/Classes/Hyperpigmentation/melasma52_png_jpg.rf.2504293039875ed57ca1efc3b31f54a2.jpg,close_up_facial,train,melasma52_png_jpg,pseudo-label + correct (training),True,Hyperpigmentation,True,True
fla-41-_JPG.rf.0f36bc6bac066ba522406e575d78312f.jpg,C:/Users/Bautista/Downloads/PrecisionSkin/Classes/Hyperpigmentation/fla-41-_JPG.rf.0f36bc6bac066ba522406e575d78312f.jpg,close_up_facial,train,fla-41-_jpg,pseudo-label + correct (training),False,,True,True
115_left_png.rf.9f1f4ba7b7e57df33d7a6b8012292ef1.jpg,C:/Users/Bautista/Downloads/PrecisionSkin/Classes/Hyperpigmentation/115_left_png.rf.9f1f4ba7b7e57df33d7a6b8012292ef1.jpg,partial_face,train,115_left_png,pseudo-label + correct (training),False,,True,True
aug_0_6867.jpg,C:/Users/Bautista/Downloads/PrecisionSkin/Classes/Hyperpigmentation/aug_0_6867.jpg,close_up_facial,train,aug_0_6867.jpg,pseudo-label + correct (training),False,,False,False
234_left_png.rf.60368029f719184874b97c27335a52d7.jpg,C:/Users/Bautista/Downloads/PrecisionSkin/Classes/Hyperpigmentation/234_left_png.rf.60368029f719184874b97c27335a52d7.jpg,partial_face,train,234_left_png,pseudo-label + correct (training),True,Hyperpigmentation,True,True
melasma50_png_jpg.rf.2cc7378457965517bdec245f155b08d3.jpg,C:/Users/Bautista/Downloads/PrecisionSkin/Classes/Hyperpigmentation/melasma50_png_jpg.rf.2cc7378457965517bdec245f155b08d3.jpg,close_up_facial,train,melasma50_png_jpg,pseudo-label + correct (training),True,Hyperpigmentation,True,True
m83_jpg.rf.b7c6a63cf10d144e972e2e09611693a5.jpg,C:/Users/Bautista/Downloads/PrecisionSkin/Classes/Hyperpigmentation/m83_jpg.rf.b7c6a63cf10d144e972e2e09611693a5.jpg,full_face,train,m83_jpg,pseudo-label + correct (training),False,,True,True
Copy-of-melasma52_jpg.rf.df732b094ebcb40ab75247c547846ab4.jpg,C:/Users/Bautista/Downloads/PrecisionSkin/Classes/Hyperpigmentation/Copy-of-melasma52_jpg.rf.df732b094ebcb40ab75247c547846ab4.jpg,partial_face,train,copy-of-melasma52_jpg,pseudo-label + correct (training),False,,True,True
aug_0_4931.jpg,C:/Users/Bautista/Downloads/PrecisionSkin/Classes/Hyperpigmentation/aug_0_4931.jpg,full_face,train,aug_0_4931.jpg,pseudo-label + correct (training),False,,False,False
freckles-164-_jpg.rf.8a2357c2dca2d3a89d2106fd751fb266.jpg,C:/Users/Bautista/Downloads/PrecisionSkin/Classes/Hyperpigmentation/freckles-164-_jpg.rf.8a2357c2dca2d3a89d2106fd751fb266.jpg,full_face,train,freckles-164-_jpg,pseudo-label + correct (training),False,,True,True
433679f8-b278-4787-9f44-b5ad8dde11da_jpg.rf.34e230e2e5e3f48ff499e6255048bd1f.jpg,C:/Users/Bautista/Downloads/PrecisionSkin/Classes/Hyperpigmentation/433679f8-b278-4787-9f44-b5ad8dde11da_jpg.rf.34e230e2e5e3f48ff499e6255048bd1f.jpg,partial_face,train,433679f8-b278-4787-9f44-b5ad8dde11da_jpg,pseudo-label + correct (training),False,,False,False
image-59_jpg.rf.1ef2262ac6306fbd0557e4b9bb031bc0.jpg,C:/Users/Bautista/Downloads/PrecisionSkin/Classes/Hyperpigmentation/image-59_jpg.rf.1ef2262ac6306fbd0557e4b9bb031bc0.jpg,partial_face,train,image-59_jpg,pseudo-label + correct (training),True,Hyperpigmentation,True,True
Copy-of-melasma49_jpg.rf.9a92f73d4392df624887368a41024f79.jpg,C:/Users/Bautista/Downloads/PrecisionSkin/Classes/Hyperpigmentation/Copy-of-melasma49_jpg.rf.9a92f73d4392df624887368a41024f79.jpg,close_up_facial,train,copy-of-melasma49_jpg,pseudo-label + correct (training),True,Hyperpigmentation,True,True
108.jpg,C:/Users/Bautista/Downloads/PrecisionSkin/Classes/Hyperpigmentation/108.jpg,close_up_facial,train,108.jpg,pseudo-label + correct (training),False,,True,True
aug_0_384.jpg,C:/Users/Bautista/Downloads/PrecisionSkin/Classes/Hyperpigmentation/aug_0_384.jpg,partial_face,train,aug_0_384.jpg,pseudo-label + correct (training),False,,False,False
19a85cc5-9226-4f8a-841c-1e05bd8340db_jpg.rf.22446d3ab1772b38a799b56e4dd3ced8.jpg,C:/Users/Bautista/Downloads/PrecisionSkin/Classes/Hyperpigmentation/19a85cc5-9226-4f8a-841c-1e05bd8340db_jpg.rf.22446d3ab1772b38a799b56e4dd3ced8.jpg,partial_face,train,19a85cc5-9226-4f8a-841c-1e05bd8340db_jpg,pseudo-label + correct (training),True,Hyperpigmentation,False,True
image-21-1-_jpg.rf.522e5d19985721377b9ee20ad7401e56.jpg,C:/Users/Bautista/Downloads/PrecisionSkin/Classes/Hyperpigmentation/image-21-1-_jpg.rf.522e5d19985721377b9ee20ad7401e56.jpg,close_up_facial,train,image-21-1-_jpg,pseudo-label + correct (training),True,Hyperpigmentation,True,True
fl73_JPG.rf.cc916c2c2e5c2d6e4fc9551187bdeedc.jpg,C:/Users/Bautista/Downloads/PrecisionSkin/Classes/Hyperpigmentation/fl73_JPG.rf.cc916c2c2e5c2d6e4fc9551187bdeedc.jpg,partial_face,train,fl73_jpg,pseudo-label + correct (training),False,,True,True
melasma33_jpg.rf.25526d1c97829c202386f2d125996278.jpg,C:/Users/Bautista/Downloads/PrecisionSkin/Classes/Hyperpigmentation/melasma33_jpg.rf.25526d1c97829c202386f2d125996278.jpg,full_face,train,melasma33_jpg,pseudo-label + correct (training),True,Hyperpigmentation,True,True
aug_0_9725.jpg,C:/Users/Bautista/Downloads/PrecisionSkin/Classes/Hyperpigmentation/aug_0_9725.jpg,partial_face,train,aug_0_9725.jpg,pseudo-label + correct (training),False,,False,False
m50_jpg.rf.8f7e7085f17771f26c4f437f3745ef3e.jpg,C:/Users/Bautista/Downloads/PrecisionSkin/Classes/Hyperpigmentation/m50_jpg.rf.8f7e7085f17771f26c4f437f3745ef3e.jpg,full_face,train,m50_jpg,pseudo-label + correct (training),False,,True,True
66.jpg,C:/Users/Bautista/Downloads/PrecisionSkin/Classes/Hyperpigmentation/66.jpg,partial_face,train,66.jpg,pseudo-label + correct (training),False,,False,False
melasma37_jpg.rf.05adfb1f4f62b3878e725926de501d73.jpg,C:/Users/Bautista/Downloads/PrecisionSkin/Classes/Hyperpigmentation/melasma37_jpg.rf.05adfb1f4f62b3878e725926de501d73.jpg,full_face,train,melasma37_jpg,pseudo-label + correct (training),False,,True,True
145_jpg.rf.a55ec95d6ffadb90d0f7b58c3bd94884.jpg,C:/Users/Bautista/Downloads/PrecisionSkin/Classes/Hyperpigmentation/145_jpg.rf.a55ec95d6ffadb90d0f7b58c3bd94884.jpg,partial_face,train,145_jpg,pseudo-label + correct (training),False,,True,True
aug_0_7562.jpg,C:/Users/Bautista/Downloads/PrecisionSkin/Classes/Hyperpigmentation/aug_0_7562.jpg,close_up_facial,train,aug_0_7562.jpg,pseudo-label + correct (training),False,,False,False
6-2-_jpg.rf.c68654209b3c559b368d5f1938ea21f4.jpg,C:/Users/Bautista/Downloads/PrecisionSkin/Classes/Hyperpigmentation/6-2-_jpg.rf.c68654209b3c559b368d5f1938ea21f4.jpg,partial_face,train,6-2-_jpg,pseudo-label + correct (training),False,,False,False
melasma27_jpg.rf.c5e0d2caa27f2c104d7e7734b27cb203.jpg,C:/Users/Bautista/Downloads/PrecisionSkin/Classes/Hyperpigmentation/melasma27_jpg.rf.c5e0d2caa27f2c104d7e7734b27cb203.jpg,close_up_facial,train,melasma27_jpg,pseudo-label + correct (training),True,Hyperpigmentation,True,True
aug_0_6215.jpg,C:/Users/Bautista/Downloads/PrecisionSkin/Classes/Hyperpigmentation/aug_0_6215.jpg,partial_face,train,aug_0_6215.jpg,pseudo-label + correct (training),False,,False,False
aug_0_3447.jpg,C:/Users/Bautista/Downloads/PrecisionSkin/Classes/Hyperpigmentation/aug_0_3447.jpg,close_up_facial,train,aug_0_3447.jpg,pseudo-label + correct (training),False,,False,False
79_left_png.rf.c771e4fb71037aa64f09a62c18e235c4.jpg,C:/Users/Bautista/Downloads/PrecisionSkin/Classes/Hyperpigmentation/79_left_png.rf.c771e4fb71037aa64f09a62c18e235c4.jpg,partial_face,train,79_left_png,pseudo-label + correct (training),True,Hyperpigmentation,True,True
melasma30_jpg.rf.4a4a7b6f6d6b46f3724965da82a81262.jpg,C:/Users/Bautista/Downloads/PrecisionSkin/Classes/Hyperpigmentation/melasma30_jpg.rf.4a4a7b6f6d6b46f3724965da82a81262.jpg,partial_face,train,melasma30_jpg,pseudo-label + correct (training),True,Hyperpigmentation,True,True
melasma53_png_jpg.rf.35dc8dc364e813cf55f97a8251e5e9fc.jpg,C:/Users/Bautista/Downloads/PrecisionSkin/Classes/Hyperpigmentation/melasma53_png_jpg.rf.35dc8dc364e813cf55f97a8251e5e9fc.jpg,full_face,train,melasma53_png_jpg,pseudo-label + correct (training),False,,True,True
aug_0_9754.jpg,C:/Users/Bautista/Downloads/PrecisionSkin/Classes/Hyperpigmentation/aug_0_9754.jpg,partial_face,train,aug_0_9754.jpg,pseudo-label + correct (training),False,,False,False
melasma18_jpg.rf.e4eef3233ce6ea32967dbaec64a9bfbd.jpg,C:/Users/Bautista/Downloads/PrecisionSkin/Classes/Hyperpigmentation/melasma18_jpg.rf.e4eef3233ce6ea32967dbaec64a9bfbd.jpg,close_up_facial,train,melasma18_jpg,pseudo-label + correct (training),True,Hyperpigmentation,True,True
freckles-267-_jpg.rf.84b57f8f51454df9fa51c806537c8e06.jpg,C:/Users/Bautista/Downloads/PrecisionSkin/Classes/Hyperpigmentation/freckles-267-_jpg.rf.84b57f8f51454df9fa51c806537c8e06.jpg,partial_face,train,freckles-267-_jpg,pseudo-label + correct (training),False,,False,False
105_jpg.rf.b102491694ee3d78321c312f82bc937d.jpg,C:/Users/Bautista/Downloads/PrecisionSkin/Classes/Hyperpigmentation/105_jpg.rf.b102491694ee3d78321c312f82bc937d.jpg,partial_face,train,105_jpg,pseudo-label + correct (training),True,Hyperpigmentation,True,True
c433012d-eaba-4a83-a741-f7b34a94e775_jpg.rf.96d87fd91da3f733a373ead880986bcb.jpg,C:/Users/Bautista/Downloads/PrecisionSkin/Classes/Hyperpigmentation/c433012d-eaba-4a83-a741-f7b34a94e775_jpg.rf.96d87fd91da3f733a373ead880986bcb.jpg,partial_face,train,c433012d-eaba-4a83-a741-f7b34a94e775_jpg,pseudo-label + correct (training),False,,False,False
image-81-1-_jpg.rf.00408a80218b21a5cc2910081e346042.jpg,C:/Users/Bautista/Downloads/PrecisionSkin/Classes/Hyperpigmentation/image-81-1-_jpg.rf.00408a80218b21a5cc2910081e346042.jpg,close_up_facial,train,image-81-1-_jpg,pseudo-label + correct (training),True,Hyperpigmentation,True,True
60e32cf2-namtannhang_32_jpg.rf.44611241c68237a94ef529b31eac66c6.jpg,C:/Users/Bautista/Downloads/PrecisionSkin/Classes/Hyperpigmentation/60e32cf2-namtannhang_32_jpg.rf.44611241c68237a94ef529b31eac66c6.jpg,partial_face,train,60e32cf2-namtannhang_32_jpg,pseudo-label + correct (training),True,Hyperpigmentation,True,True
melasma53_png_jpg.rf.99f41bb68487982db9b9e6cf7bffb2fe.jpg,C:/Users/Bautista/Downloads/PrecisionSkin/Classes/Hyperpigmentation/melasma53_png_jpg.rf.99f41bb68487982db9b9e6cf7bffb2fe.jpg,full_face,train,melasma53_png_jpg,pseudo-label + correct (training),True,Hyperpigmentation,True,True
41_left_jpg.rf.41ae4f5e649486cd0871ba34adfbf955.jpg,C:/Users/Bautista/Downloads/PrecisionSkin/Classes/Hyperpigmentation/41_left_jpg.rf.41ae4f5e649486cd0871ba34adfbf955.jpg,partial_face,train,41_left_jpg,pseudo-label + correct (training),True,Hyperpigmentation,True,True
fla-33-_JPG.rf.3ba3ca56b097ce7f75693554bbccd413.jpg,C:/Users/Bautista/Downloads/PrecisionSkin/Classes/Hyperpigmentation/fla-33-_JPG.rf.3ba3ca56b097ce7f75693554bbccd413.jpg,partial_face,train,fla-33-_jpg,pseudo-label + correct (training),True,Hyperpigmentation,True,True
flan-3-_jpg.rf.cd54e2178e2efc80e307b11121b20fc6.jpg,C:/Users/Bautista/Downloads/PrecisionSkin/Classes/Hyperpigmentation/flan-3-_jpg.rf.cd54e2178e2efc80e307b11121b20fc6.jpg,partial_face,train,flan-3-_jpg,pseudo-label + correct (training),True,Hyperpigmentation,True,True
image-89-1-_jpg.rf.56b46bb80b8be3c4e67f95c567f30516.jpg,C:/Users/Bautista/Downloads/PrecisionSkin/Classes/Hyperpigmentation/image-89-1-_jpg.rf.56b46bb80b8be3c4e67f95c567f30516.jpg,partial_face,train,image-89-1-_jpg,pseudo-label + correct (training),True,Hyperpigmentation,True,True
image-52-1-_jpg.rf.5916399198832597d27b1316309828bb.jpg,C:/Users/Bautista/Downloads/PrecisionSkin/Classes/Hyperpigmentation/image-52-1-_jpg.rf.5916399198832597d27b1316309828bb.jpg,close_up_facial,train,image-52-1-_jpg,pseudo-label + correct (training),True,Hyperpigmentation,True,True
melasma55_png_jpg.rf.ad3e1722e59a8b6b2b5f4f03c283c382.jpg,C:/Users/Bautista/Downloads/PrecisionSkin/Classes/Hyperpigmentation/melasma55_png_jpg.rf.ad3e1722e59a8b6b2b5f4f03c283c382.jpg,full_face,train,melasma55_png_jpg,pseudo-label + correct (training),False,,True,True
aug_0_704.jpg,C:/Users/Bautista/Downloads/PrecisionSkin/Classes/Hyperpigmentation/aug_0_704.jpg,partial_face,train,aug_0_704.jpg,pseudo-label + correct (training),False,,False,False
1-23-700x420_jpg.rf.7ddb131b68c4c016f27fd2c0a39e6680.jpg,C:/Users/Bautista/Downloads/PrecisionSkin/Classes/Hyperpigmentation/1-23-700x420_jpg.rf.7ddb131b68c4c016f27fd2c0a39e6680.jpg,partial_face,train,1-23-700x420_jpg,pseudo-label + correct (training),True,Hyperpigmentation,True,True
flnv1-7-_jpg.rf.a24d322cac9269795c402699bd8d2e2c.jpg,C:/Users/Bautista/Downloads/PrecisionSkin/Classes/Hyperpigmentation/flnv1-7-_jpg.rf.a24d322cac9269795c402699bd8d2e2c.jpg,close_up_facial,train,flnv1-7-_jpg,pseudo-label + correct (training),True,Hyperpigmentation,True,True
fln2-3-_jpg.rf.307fe48c1e19147b594756e521610f34.jpg,C:/Users/Bautista/Downloads/PrecisionSkin/Classes/Hyperpigmentation/fln2-3-_jpg.rf.307fe48c1e19147b594756e521610f34.jpg,partial_face,train,fln2-3-_jpg,pseudo-label + correct (training),True,Hyperpigmentation,True,True
aug_0_6484.jpg,C:/Users/Bautista/Downloads/PrecisionSkin/Classes/Hyperpigmentation/aug_0_6484.jpg,partial_face,train,aug_0_6484.jpg,pseudo-label + correct (training),False,,False,False
fla-67-_JPG.rf.969b211eed33ff5050258d0464ac24f8.jpg,C:/Users/Bautista/Downloads/PrecisionSkin/Classes/Hyperpigmentation/fla-67-_JPG.rf.969b211eed33ff5050258d0464ac24f8.jpg,partial_face,train,fla-67-_jpg,pseudo-label + correct (training),False,,True,True
163_jpg.rf.c8f6f34809fb41a70797ccbefb7b10d3.jpg,C:/Users/Bautista/Downloads/PrecisionSkin/Classes/Hyperpigmentation/163_jpg.rf.c8f6f34809fb41a70797ccbefb7b10d3.jpg,close_up_facial,train,163_jpg,pseudo-label + correct (training),True,Hyperpigmentation,True,True
melasma26_jpg.rf.c1ad04d0f6fc903883f3a66cb906bb18.jpg,C:/Users/Bautista/Downloads/PrecisionSkin/Classes/Hyperpigmentation/melasma26_jpg.rf.c1ad04d0f6fc903883f3a66cb906bb18.jpg,partial_face,train,melasma26_jpg,pseudo-label + correct (training),True,Hyperpigmentation,True,True
de22225e-namtannhang_1_jpg.rf.e78620855270627e64232aaa878067d5.jpg,C:/Users/Bautista/Downloads/PrecisionSkin/Classes/Hyperpigmentation/de22225e-namtannhang_1_jpg.rf.e78620855270627e64232aaa878067d5.jpg,full_face,train,de22225e-namtannhang_1_jpg,pseudo-label + correct (training),True,Hyperpigmentation,True,True
image-91-1-_jpg.rf.8fd5e0f2a4c61919647de5d66b4970a3.jpg,C:/Users/Bautista/Downloads/PrecisionSkin/Classes/Hyperpigmentation/image-91-1-_jpg.rf.8fd5e0f2a4c61919647de5d66b4970a3.jpg,partial_face,train,image-91-1-_jpg,pseudo-label + correct (training),True,Hyperpigmentation,True,True
aug_0_2741.jpg,C:/Users/Bautista/Downloads/PrecisionSkin/Classes/Hyperpigmentation/aug_0_2741.jpg,partial_face,train,aug_0_2741.jpg,pseudo-label + correct (training),False,,False,False
115_jpg.rf.db3e4aca7fb13dd93983d5c28c1ffdd9.jpg,C:/Users/Bautista/Downloads/PrecisionSkin/Classes/Hyperpigmentation/115_jpg.rf.db3e4aca7fb13dd93983d5c28c1ffdd9.jpg,partial_face,train,115_jpg,pseudo-label + correct (training),True,Hyperpigmentation,True,True
image-48-1-_jpg.rf.7493fe7033e25ad1a296b38adbaf4e1a.jpg,C:/Users/Bautista/Downloads/PrecisionSkin/Classes/Hyperpigmentation/image-48-1-_jpg.rf.7493fe7033e25ad1a296b38adbaf4e1a.jpg,partial_face,train,image-48-1-_jpg,pseudo-label + correct (training),True,Hyperpigmentation,True,True
aug_0_2350.jpg,C:/Users/Bautista/Downloads/PrecisionSkin/Classes/Hyperpigmentation/aug_0_2350.jpg,partial_face,train,aug_0_2350.jpg,pseudo-label + correct (training),False,,False,False
aug_0_4701.jpg,C:/Users/Bautista/Downloads/PrecisionSkin/Classes/Hyperpigmentation/aug_0_4701.jpg,partial_face,train,aug_0_4701.jpg,pseudo-label + correct (training),False,,False,False
110_jpg.rf.eaab8b1b00940b5d761e7249fb509777.jpg,C:/Users/Bautista/Downloads/PrecisionSkin/Classes/Hyperpigmentation/110_jpg.rf.eaab8b1b00940b5d761e7249fb509777.jpg,partial_face,train,110_jpg,pseudo-label + correct (training),True,Hyperpigmentation,True,True
Copy-of-melasma49_jpg.rf.0a7fe3df3666ffe82b3824321e20878d.jpg,C:/Users/Bautista/Downloads/PrecisionSkin/Classes/Hyperpigmentation/Copy-of-melasma49_jpg.rf.0a7fe3df3666ffe82b3824321e20878d.jpg,partial_face,train,copy-of-melasma49_jpg,pseudo-label + correct (training),True,Hyperpigmentation,True,True
freckles-164-_jpg.rf.af85151920d2cb30308a4868e683ee32.jpg,C:/Users/Bautista/Downloads/PrecisionSkin/Classes/Hyperpigmentation/freckles-164-_jpg.rf.af85151920d2cb30308a4868e683ee32.jpg,full_face,train,freckles-164-_jpg,pseudo-label + correct (training),False,,True,True
Copy-of-melasma46_jpg.rf.049da734a6fe9511a5e4a494e4bcfd7d.jpg,C:/Users/Bautista/Downloads/PrecisionSkin/Classes/Hyperpigmentation/Copy-of-melasma46_jpg.rf.049da734a6fe9511a5e4a494e4bcfd7d.jpg,partial_face,train,copy-of-melasma46_jpg,pseudo-label + correct (training),True,Hyperpigmentation,True,True
aug_0_2012.jpg,C:/Users/Bautista/Downloads/PrecisionSkin/Classes/Hyperpigmentation/aug_0_2012.jpg,close_up_facial,train,aug_0_2012.jpg,pseudo-label + correct (training),False,,False,False
melasm73_png_jpg.rf.92fcf718e1b72c2486556aa138aee4fd.jpg,C:/Users/Bautista/Downloads/PrecisionSkin/Classes/Hyperpigmentation/melasm73_png_jpg.rf.92fcf718e1b72c2486556aa138aee4fd.jpg,close_up_facial,train,melasm73_png_jpg,pseudo-label + correct (training),True,Hyperpigmentation,True,True
9d1feedd-3b9b-4e3c-a2f8-d8f28be00a10_jpg.rf.399ea3bea51ea79e225569d808c23612.jpg,C:/Users/Bautista/Downloads/PrecisionSkin/Classes/Hyperpigmentation/9d1feedd-3b9b-4e3c-a2f8-d8f28be00a10_jpg.rf.399ea3bea51ea79e225569d808c23612.jpg,full_face,train,9d1feedd-3b9b-4e3c-a2f8-d8f28be00a10_jpg,pseudo-label + correct (training),False,,False,False
aug_0_75.jpg,C:/Users/Bautista/Downloads/PrecisionSkin/Classes/Hyperpigmentation/aug_0_75.jpg,close_up_facial,train,aug_0_75.jpg,pseudo-label + correct (training),False,,False,False
aug_0_5881.jpg,C:/Users/Bautista/Downloads/PrecisionSkin/Classes/Hyperpigmentation/aug_0_5881.jpg,partial_face,train,aug_0_5881.jpg,pseudo-label + correct (training),False,,False,False
Copy-of-melasma20_jpg.rf.5fb1d71ddea099532be10587d6a2b353.jpg,C:/Users/Bautista/Downloads/PrecisionSkin/Classes/Hyperpigmentation/Copy-of-melasma20_jpg.rf.5fb1d71ddea099532be10587d6a2b353.jpg,partial_face,train,copy-of-melasma20_jpg,pseudo-label + correct (training),True,Hyperpigmentation,True,True
image-21_jpg.rf.04e973f4e5cbc3787102a3c4114e6e5a.jpg,C:/Users/Bautista/Downloads/PrecisionSkin/Classes/Hyperpigmentation/image-21_jpg.rf.04e973f4e5cbc3787102a3c4114e6e5a.jpg,partial_face,train,image-21_jpg,pseudo-label + correct (training),True,Hyperpigmentation,True,True
m9_jpg.rf.968f629326c94ed2e9d2e7437f5a4bfb.jpg,C:/Users/Bautista/Downloads/PrecisionSkin/Classes/Hyperpigmentation/m9_jpg.rf.968f629326c94ed2e9d2e7437f5a4bfb.jpg,close_up_facial,train,m9_jpg,pseudo-label + correct (training),True,Hyperpigmentation,True,True
m10_jpg.rf.94b3dfcfb40b4d2afb9ec6ba73ae5cab.jpg,C:/Users/Bautista/Downloads/PrecisionSkin/Classes/Hyperpigmentation/m10_jpg.rf.94b3dfcfb40b4d2afb9ec6ba73ae5cab.jpg,close_up_facial,train,m10_jpg,pseudo-label + correct (training),True,Hyperpigmentation,True,True
77811f08-namtannhang_6_jpg.rf.1ad5576ec76fff45d0c47519dce75961.jpg,C:/Users/Bautista/Downloads/PrecisionSkin/Classes/Hyperpigmentation/77811f08-namtannhang_6_jpg.rf.1ad5576ec76fff45d0c47519dce75961.jpg,partial_face,train,77811f08-namtannhang_6_jpg,pseudo-label + correct (training),True,Hyperpigmentation,True,True
image-81-1-_jpg.rf.4ad9330bfe3c2bf93cac0137711a0eb1.jpg,C:/Users/Bautista/Downloads/PrecisionSkin/Classes/Hyperpigmentation/image-81-1-_jpg.rf.4ad9330bfe3c2bf93cac0137711a0eb1.jpg,close_up_facial,train,image-81-1-_jpg,pseudo-label + correct (training),True,Hyperpigmentation,True,True
image-60_jpg.rf.f083721f80718046fac0e3631c2839a8.jpg,C:/Users/Bautista/Downloads/PrecisionSkin/Classes/Hyperpigmentation/image-60_jpg.rf.f083721f80718046fac0e3631c2839a8.jpg,partial_face,train,image-60_jpg,pseudo-label + correct (training),True,Hyperpigmentation,True,True
melasma7_png.rf.624a85cc9f9ba596e5101ae1cd4f3741.jpg,C:/Users/Bautista/Downloads/PrecisionSkin/Classes/Hyperpigmentation/melasma7_png.rf.624a85cc9f9ba596e5101ae1cd4f3741.jpg,partial_face,train,melasma7_png,pseudo-label + correct (training),False,,True,True
aug_0_9312.jpg,C:/Users/Bautista/Downloads/PrecisionSkin/Classes/Hyperpigmentation/aug_0_9312.jpg,partial_face,train,aug_0_9312.jpg,pseudo-label + correct (training),False,,False,False
9956c273-f3a6-46d3-8c76-b48e6bdc6056_jpg.rf.e3fbcf81c1a826a61ab45ae5d0c0c5ea.jpg,C:/Users/Bautista/Downloads/PrecisionSkin/Classes/Hyperpigmentation/9956c273-f3a6-46d3-8c76-b48e6bdc6056_jpg.rf.e3fbcf81c1a826a61ab45ae5d0c0c5ea.jpg,partial_face,train,9956c273-f3a6-46d3-8c76-b48e6bdc6056_jpg,pseudo-label + correct (training),False,,False,False
image-111_jpg.rf.8f180d99a76a014d8f15f96a75319149.jpg,C:/Users/Bautista/Downloads/PrecisionSkin/Classes/Hyperpigmentation/image-111_jpg.rf.8f180d99a76a014d8f15f96a75319149.jpg,close_up_facial,train,image-111_jpg,pseudo-label + correct (training),True,Hyperpigmentation,True,True
image-98_jpg.rf.6b389f26fbd48f54a2af936935df02e2.jpg,C:/Users/Bautista/Downloads/PrecisionSkin/Classes/Hyperpigmentation/image-98_jpg.rf.6b389f26fbd48f54a2af936935df02e2.jpg,partial_face,train,image-98_jpg,pseudo-label + correct (training),True,Hyperpigmentation,True,True
117_left_png.rf.ce9b289ac181322caec9e756476bedc7.jpg,C:/Users/Bautista/Downloads/PrecisionSkin/Classes/Hyperpigmentation/117_left_png.rf.ce9b289ac181322caec9e756476bedc7.jpg,partial_face,train,117_left_png,pseudo-label + correct (training),False,,True,True
102_left_png.rf.22529b32a80d3960328d070756476118.jpg,C:/Users/Bautista/Downloads/PrecisionSkin/Classes/Hyperpigmentation/102_left_png.rf.22529b32a80d3960328d070756476118.jpg,full_face,train,102_left_png,pseudo-label + correct (training),False,,True,True
melasma29_jpg.rf.b6a7e35753906b1dcd23759095e1300f.jpg,C:/Users/Bautista/Downloads/PrecisionSkin/Classes/Hyperpigmentation/melasma29_jpg.rf.b6a7e35753906b1dcd23759095e1300f.jpg,full_face,train,melasma29_jpg,pseudo-label + correct (training),False,,True,True
265_left_png.rf.ad00c19f024951be6c53185cdc7e505f.jpg,C:/Users/Bautista/Downloads/PrecisionSkin/Classes/Hyperpigmentation/265_left_png.rf.ad00c19f024951be6c53185cdc7e505f.jpg,partial_face,train,265_left_png,pseudo-label + correct (training),False,,True,True
aug_0_9844.jpg,C:/Users/Bautista/Downloads/PrecisionSkin/Classes/Hyperpigmentation/aug_0_9844.jpg,partial_face,train,aug_0_9844.jpg,pseudo-label + correct (training),False,,False,False
melasma28_jpg.rf.b29132364bd3793865f4cbe8415b78ac.jpg,C:/Users/Bautista/Downloads/PrecisionSkin/Classes/Hyperpigmentation/melasma28_jpg.rf.b29132364bd3793865f4cbe8415b78ac.jpg,full_face,train,melasma28_jpg,pseudo-label + correct (training),True,Hyperpigmentation,True,True
aug_0_1750.jpg,C:/Users/Bautista/Downloads/PrecisionSkin/Classes/Hyperpigmentation/aug_0_1750.jpg,close_up_facial,train,aug_0_1750.jpg,pseudo-label + correct (training),False,,False,False
aug_0_2606.jpg,C:/Users/Bautista/Downloads/PrecisionSkin/Classes/Hyperpigmentation/aug_0_2606.jpg,close_up_facial,train,aug_0_2606.jpg,pseudo-label + correct (training),False,,False,False
284_left_png.rf.0d490d96b54f0b0a49cd4838a8619790.jpg,C:/Users/Bautista/Downloads/PrecisionSkin/Classes/Hyperpigmentation/284_left_png.rf.0d490d96b54f0b0a49cd4838a8619790.jpg,full_face,train,284_left_png,pseudo-label + correct (training),False,,True,True
276_left_png.rf.ddb848d534edc4560f337d3c7107d86e.jpg,C:/Users/Bautista/Downloads/PrecisionSkin/Classes/Hyperpigmentation/276_left_png.rf.ddb848d534edc4560f337d3c7107d86e.jpg,full_face,train,276_left_png,pseudo-label + correct (training),True,Hyperpigmentation,True,True
ff18447a-5aed-46c6-bb31-d2ec58b52e03_jpg.rf.fb27467c3cb66d7171cb5124c33bf117.jpg,C:/Users/Bautista/Downloads/PrecisionSkin/Classes/Hyperpigmentation/ff18447a-5aed-46c6-bb31-d2ec58b52e03_jpg.rf.fb27467c3cb66d7171cb5124c33bf117.jpg,partial_face,train,ff18447a-5aed-46c6-bb31-d2ec58b52e03_jpg,pseudo-label + correct (training),False,,False,False
f8ee8c3c-0962-42c2-a631-9fbde66ddea7.jpg,C:/Users/Bautista/Downloads/PrecisionSkin/Classes/Hyperpigmentation/f8ee8c3c-0962-42c2-a631-9fbde66ddea7.jpg,partial_face,train,f8ee8c3c-0962-42c2-a631-9fbde66ddea7.jpg,pseudo-label + correct (training),False,,False,False
196_left_png.rf.cb6393975206c815a3c9e5076b5c6673.jpg,C:/Users/Bautista/Downloads/PrecisionSkin/Classes/Hyperpigmentation/196_left_png.rf.cb6393975206c815a3c9e5076b5c6673.jpg,close_up_facial,train,196_left_png,pseudo-label + correct (training),True,Hyperpigmentation,True,True
image-89-1-_jpg.rf.4b47859e444b28c178db3727b7452243.jpg,C:/Users/Bautista/Downloads/PrecisionSkin/Classes/Hyperpigmentation/image-89-1-_jpg.rf.4b47859e444b28c178db3727b7452243.jpg,close_up_facial,train,image-89-1-_jpg,pseudo-label + correct (training),False,,True,True
freckles-267-_jpg.rf.2b1abdf692b0d33546cd3ab2bc8ead5d.jpg,C:/Users/Bautista/Downloads/PrecisionSkin/Classes/Hyperpigmentation/freckles-267-_jpg.rf.2b1abdf692b0d33546cd3ab2bc8ead5d.jpg,partial_face,train,freckles-267-_jpg,pseudo-label + correct (training),False,,False,False
29_left_jpg.rf.824f6741e36856be80a9ea53e3b4c56a.jpg,C:/Users/Bautista/Downloads/PrecisionSkin/Classes/Hyperpigmentation/29_left_jpg.rf.824f6741e36856be80a9ea53e3b4c56a.jpg,partial_face,train,29_left_jpg,pseudo-label + correct (training),True,Hyperpigmentation,True,True
102_jpg.rf.da6b3e0d2d94e156b0c50e56b16661cb.jpg,C:/Users/Bautista/Downloads/PrecisionSkin/Classes/Hyperpigmentation/102_jpg.rf.da6b3e0d2d94e156b0c50e56b16661cb.jpg,close_up_facial,train,102_jpg,pseudo-label + correct (training),False,,True,True
185_left_png.rf.662d975594ec5792eb03ffa80512754e.jpg,C:/Users/Bautista/Downloads/PrecisionSkin/Classes/Hyperpigmentation/185_left_png.rf.662d975594ec5792eb03ffa80512754e.jpg,partial_face,train,185_left_png,pseudo-label + correct (training),False,,True,True
aug_0_6517.jpg,C:/Users/Bautista/Downloads/PrecisionSkin/Classes/Hyperpigmentation/aug_0_6517.jpg,partial_face,train,aug_0_6517.jpg,pseudo-label + correct (training),False,,False,False
melasma43_jpg.rf.8f2285388d996a7263e7df50f6b1ace3.jpg,C:/Users/Bautista/Downloads/PrecisionSkin/Classes/Hyperpigmentation/melasma43_jpg.rf.8f2285388d996a7263e7df50f6b1ace3.jpg,full_face,train,melasma43_jpg,pseudo-label + correct (training),True,Hyperpigmentation,True,True
Melasma25_jpg.rf.87768ba86c9f2bb99161fc8aba2f3dc3.jpg,C:/Users/Bautista/Downloads/PrecisionSkin/Classes/Hyperpigmentation/Melasma25_jpg.rf.87768ba86c9f2bb99161fc8aba2f3dc3.jpg,full_face,train,melasma25_jpg,pseudo-label + correct (training),False,,True,True
flan-8-_jpg.rf.b467808dcf1c2748348fb39553f93470.jpg,C:/Users/Bautista/Downloads/PrecisionSkin/Classes/Hyperpigmentation/flan-8-_jpg.rf.b467808dcf1c2748348fb39553f93470.jpg,partial_face,train,flan-8-_jpg,pseudo-label + correct (training),False,,True,True
aug_0_5297.jpg,C:/Users/Bautista/Downloads/PrecisionSkin/Classes/Hyperpigmentation/aug_0_5297.jpg,close_up_facial,train,aug_0_5297.jpg,pseudo-label + correct (training),False,,False,False
554b57c1-0b15-430c-acb3-072fc06d8d9e_jpg.rf.b78cdaf29bf0f47c2e520d3cfbd5345c.jpg,C:/Users/Bautista/Downloads/PrecisionSkin/Classes/Hyperpigmentation/554b57c1-0b15-430c-acb3-072fc06d8d9e_jpg.rf.b78cdaf29bf0f47c2e520d3cfbd5345c.jpg,close_up_facial,train,554b57c1-0b15-430c-acb3-072fc06d8d9e_jpg,pseudo-label + correct (training),False,,False,False
aug_0_320.jpg,C:/Users/Bautista/Downloads/PrecisionSkin/Classes/Hyperpigmentation/aug_0_320.jpg,partial_face,train,aug_0_320.jpg,pseudo-label + correct (training),False,,False,False
image-46_jpg.rf.98a66ac8d75cef02a0a597aaa9762940.jpg,C:/Users/Bautista/Downloads/PrecisionSkin/Classes/Hyperpigmentation/image-46_jpg.rf.98a66ac8d75cef02a0a597aaa9762940.jpg,full_face,train,image-46_jpg,pseudo-label + correct (training),True,Hyperpigmentation,True,True
image-5-1-_jpg.rf.b833fa528c200518ad096dd1a50b7b88.jpg,C:/Users/Bautista/Downloads/PrecisionSkin/Classes/Hyperpigmentation/image-5-1-_jpg.rf.b833fa528c200518ad096dd1a50b7b88.jpg,partial_face,train,image-5-1-_jpg,pseudo-label + correct (training),True,Hyperpigmentation,True,True
melasma-4_jpg.rf.262f32dbbe849965edc40b0928f3c8ed.jpg,C:/Users/Bautista/Downloads/PrecisionSkin/Classes/Hyperpigmentation/melasma-4_jpg.rf.262f32dbbe849965edc40b0928f3c8ed.jpg,full_face,train,melasma-4_jpg,pseudo-label + correct (training),False,,True,True
ec54b3c3-73ef-43de-83f5-5e4cd69e79e8.jpg,C:/Users/Bautista/Downloads/PrecisionSkin/Classes/Hyperpigmentation/ec54b3c3-73ef-43de-83f5-5e4cd69e79e8.jpg,full_face,train,ec54b3c3-73ef-43de-83f5-5e4cd69e79e8.jpg,pseudo-label + correct (training),False,,False,False
aug_0_8708.jpg,C:/Users/Bautista/Downloads/PrecisionSkin/Classes/Hyperpigmentation/aug_0_8708.jpg,partial_face,train,aug_0_8708.jpg,pseudo-label + correct (training),False,,False,False
52331bc5-e7ac-4ea6-a2fe-31ecd8310e91_jpg.rf.ac741958e50a2af920c8685f83e35be5.jpg,C:/Users/Bautista/Downloads/PrecisionSkin/Classes/Hyperpigmentation/52331bc5-e7ac-4ea6-a2fe-31ecd8310e91_jpg.rf.ac741958e50a2af920c8685f83e35be5.jpg,close_up_facial,train,52331bc5-e7ac-4ea6-a2fe-31ecd8310e91_jpg,pseudo-label + correct (training),True,Hyperpigmentation,False,True
melasma55_png_jpg.rf.99898902942c16c77740a12db97ae8e9.jpg,C:/Users/Bautista/Downloads/PrecisionSkin/Classes/Hyperpigmentation/melasma55_png_jpg.rf.99898902942c16c77740a12db97ae8e9.jpg,full_face,train,melasma55_png_jpg,pseudo-label + correct (training),False,,True,True
melasma53_png_jpg.rf.bd4ba7e611b35f617ed9a67b67339e0e.jpg,C:/Users/Bautista/Downloads/PrecisionSkin/Classes/Hyperpigmentation/melasma53_png_jpg.rf.bd4ba7e611b35f617ed9a67b67339e0e.jpg,full_face,train,melasma53_png_jpg,pseudo-label + correct (training),False,,True,True
aug_0_2558.jpg,C:/Users/Bautista/Downloads/PrecisionSkin/Classes/Hyperpigmentation/aug_0_2558.jpg,partial_face,train,aug_0_2558.jpg,pseudo-label + correct (training),False,,False,False
aug_0_7512.jpg,C:/Users/Bautista/Downloads/PrecisionSkin/Classes/Hyperpigmentation/aug_0_7512.jpg,close_up_facial,train,aug_0_7512.jpg,pseudo-label + correct (training),False,,False,False
aug_0_5577.jpg,C:/Users/Bautista/Downloads/PrecisionSkin/Classes/Hyperpigmentation/aug_0_5577.jpg,close_up_facial,train,aug_0_5577.jpg,pseudo-label + correct (training),False,,False,False
284_left_png.rf.4b678a88cfdb5615e3c0e45312f39ea2.jpg,C:/Users/Bautista/Downloads/PrecisionSkin/Classes/Hyperpigmentation/284_left_png.rf.4b678a88cfdb5615e3c0e45312f39ea2.jpg,full_face,train,284_left_png,pseudo-label + correct (training),False,,True,True
melasma49_jpg.rf.f42e5057bd7502916474908551478dac.jpg,C:/Users/Bautista/Downloads/PrecisionSkin/Classes/Hyperpigmentation/melasma49_jpg.rf.f42e5057bd7502916474908551478dac.jpg,close_up_facial,train,melasma49_jpg,pseudo-label + correct (training),False,,True,True
1c5e1b2b-2896-45a9-a1a0-cc05addc49db.jpg,C:/Users/Bautista/Downloads/PrecisionSkin/Classes/Hyperpigmentation/1c5e1b2b-2896-45a9-a1a0-cc05addc49db.jpg,close_up_facial,validation,1c5e1b2b-2896-45a9-a1a0-cc05addc49db.jpg,pseudo-label + correct (validation),False,,False,False
aug_0_394.jpg,C:/Users/Bautista/Downloads/PrecisionSkin/Classes/Hyperpigmentation/aug_0_394.jpg,partial_face,validation,aug_0_394.jpg,pseudo-label + correct (validation),False,,False,False
65_jpg.rf.b981d67e5abf8c2b3a40dd2b1e40cc05.jpg,C:/Users/Bautista/Downloads/PrecisionSkin/Classes/Hyperpigmentation/65_jpg.rf.b981d67e5abf8c2b3a40dd2b1e40cc05.jpg,full_face,validation,65_jpg,pseudo-label + correct (validation),False,,False,False
277_left_png.rf.32d0239d279ad00f5d3bd96590754653.jpg,C:/Users/Bautista/Downloads/PrecisionSkin/Classes/Hyperpigmentation/277_left_png.rf.32d0239d279ad00f5d3bd96590754653.jpg,partial_face,validation,277_left_png,pseudo-label + correct (validation),False,,True,True
aug_0_109.jpg,C:/Users/Bautista/Downloads/PrecisionSkin/Classes/Hyperpigmentation/aug_0_109.jpg,partial_face,validation,aug_0_109.jpg,pseudo-label + correct (validation),False,,False,False
melasma54_png_jpg.rf.ad9601fb6a7df5f7b2d38a83f37ae33c.jpg,C:/Users/Bautista/Downloads/PrecisionSkin/Classes/Hyperpigmentation/melasma54_png_jpg.rf.ad9601fb6a7df5f7b2d38a83f37ae33c.jpg,full_face,validation,melasma54_png_jpg,pseudo-label + correct (validation),False,,True,True
image-5-1-_jpg.rf.8ea2ed7d07330a5a38fd1c32a8330dde.jpg,C:/Users/Bautista/Downloads/PrecisionSkin/Classes/Hyperpigmentation/image-5-1-_jpg.rf.8ea2ed7d07330a5a38fd1c32a8330dde.jpg,partial_face,validation,image-5-1-_jpg,pseudo-label + correct (validation),True,Hyperpigmentation,True,True
bbdc7178-c848-4761-a630-e6b8cc3799d3.jpg,C:/Users/Bautista/Downloads/PrecisionSkin/Classes/Hyperpigmentation/bbdc7178-c848-4761-a630-e6b8cc3799d3.jpg,partial_face,validation,bbdc7178-c848-4761-a630-e6b8cc3799d3.jpg,pseudo-label + correct (validation),False,,False,False
melasma29_jpg.rf.c2135c28c8f9cac879d4527ea23d24b2.jpg,C:/Users/Bautista/Downloads/PrecisionSkin/Classes/Hyperpigmentation/melasma29_jpg.rf.c2135c28c8f9cac879d4527ea23d24b2.jpg,full_face,validation,melasma29_jpg,pseudo-label + correct (validation),False,,True,True
800wm_jpg.rf.78b8149fa402b92535a551dbae7d7f13.jpg,C:/Users/Bautista/Downloads/PrecisionSkin/Classes/Hyperpigmentation/800wm_jpg.rf.78b8149fa402b92535a551dbae7d7f13.jpg,close_up_facial,validation,800wm_jpg,pseudo-label + correct (validation),True,Hyperpigmentation,True,True
e62a2b95-54bc-44fa-97a8-345368c8c842.jpg,C:/Users/Bautista/Downloads/PrecisionSkin/Classes/Hyperpigmentation/e62a2b95-54bc-44fa-97a8-345368c8c842.jpg,partial_face,validation,e62a2b95-54bc-44fa-97a8-345368c8c842.jpg,pseudo-label + correct (validation),False,,False,False
image-16_jpg.rf.ca9fa2175fe6cf56e930488696c5a730.jpg,C:/Users/Bautista/Downloads/PrecisionSkin/Classes/Hyperpigmentation/image-16_jpg.rf.ca9fa2175fe6cf56e930488696c5a730.jpg,partial_face,validation,image-16_jpg,pseudo-label + correct (validation),True,Hyperpigmentation,True,True
m84_jpg.rf.f452596d8252d0056a0f5faae4c3564e.jpg,C:/Users/Bautista/Downloads/PrecisionSkin/Classes/Hyperpigmentation/m84_jpg.rf.f452596d8252d0056a0f5faae4c3564e.jpg,partial_face,validation,m84_jpg,pseudo-label + correct (validation),True,Hyperpigmentation,True,True
image-52-1-_jpg.rf.a406beeb647ebed39c8481d37b72ad7f.jpg,C:/Users/Bautista/Downloads/PrecisionSkin/Classes/Hyperpigmentation/image-52-1-_jpg.rf.a406beeb647ebed39c8481d37b72ad7f.jpg,partial_face,validation,image-52-1-_jpg,pseudo-label + correct (validation),True,Hyperpigmentation,True,True
6f50c70b-39d7-4c28-a4fc-6f982ad4b5d7.jpg,C:/Users/Bautista/Downloads/PrecisionSkin/Classes/Hyperpigmentation/6f50c70b-39d7-4c28-a4fc-6f982ad4b5d7.jpg,partial_face,validation,6f50c70b-39d7-4c28-a4fc-6f982ad4b5d7.jpg,pseudo-label + correct (validation),False,,False,False
yt-M4UGBt0gtbc-0035_jpg.rf.eb0c59ac3539b0da332729ceb6a44dc7.jpg,C:/Users/Bautista/Downloads/PrecisionSkin/Classes/Hyperpigmentation/yt-M4UGBt0gtbc-0035_jpg.rf.eb0c59ac3539b0da332729ceb6a44dc7.jpg,close_up_facial,validation,yt-m4ugbt0gtbc-0035_jpg,pseudo-label + correct (validation),True,Hyperpigmentation,True,True
melasma61_png_jpg.rf.7f6bd558806453f2f5c7933bbcb442ca.jpg,C:/Users/Bautista/Downloads/PrecisionSkin/Classes/Hyperpigmentation/melasma61_png_jpg.rf.7f6bd558806453f2f5c7933bbcb442ca.jpg,close_up_facial,validation,melasma61_png_jpg,pseudo-label + correct (validation),False,,True,True
aug_0_8873.jpg,C:/Users/Bautista/Downloads/PrecisionSkin/Classes/Hyperpigmentation/aug_0_8873.jpg,partial_face,validation,aug_0_8873.jpg,pseudo-label + correct (validation),False,,False,False
melasma42_jpg.rf.7ff65746e0386455e0633c5d1666df50.jpg,C:/Users/Bautista/Downloads/PrecisionSkin/Classes/Hyperpigmentation/melasma42_jpg.rf.7ff65746e0386455e0633c5d1666df50.jpg,partial_face,validation,melasma42_jpg,pseudo-label + correct (validation),True,Hyperpigmentation,True,True
169_jpg.rf.6ca37ebb0651a5b42d172d6c34fe077b.jpg,C:/Users/Bautista/Downloads/PrecisionSkin/Classes/Hyperpigmentation/169_jpg.rf.6ca37ebb0651a5b42d172d6c34fe077b.jpg,partial_face,validation,169_jpg,pseudo-label + correct (validation),True,Hyperpigmentation,True,True
c047b4bc-c11c-41bf-aa01-a13604fa4b31.jpg,C:/Users/Bautista/Downloads/PrecisionSkin/Classes/Hyperpigmentation/c047b4bc-c11c-41bf-aa01-a13604fa4b31.jpg,partial_face,validation,c047b4bc-c11c-41bf-aa01-a13604fa4b31.jpg,pseudo-label + correct (validation),False,,False,False
4ce9b714-aa22-477f-b97b-b43ba91ec765_jpg.rf.c6a9df927ac45f3fa5cf1b072d4de447.jpg,C:/Users/Bautista/Downloads/PrecisionSkin/Classes/Hyperpigmentation/4ce9b714-aa22-477f-b97b-b43ba91ec765_jpg.rf.c6a9df927ac45f3fa5cf1b072d4de447.jpg,close_up_facial,validation,4ce9b714-aa22-477f-b97b-b43ba91ec765_jpg,pseudo-label + correct (validation),False,,False,False
image-84-1-_jpg.rf.4a942f18fb013cac67f1e339ac175db6.jpg,C:/Users/Bautista/Downloads/PrecisionSkin/Classes/Hyperpigmentation/image-84-1-_jpg.rf.4a942f18fb013cac67f1e339ac175db6.jpg,close_up_facial,validation,image-84-1-_jpg,pseudo-label + correct (validation),True,Hyperpigmentation,True,True
c741a5ac-b87c-4a78-8bf3-5ce831bca681_jpg.rf.d9ff154c4db0f05c670df9b592dc5c0a.jpg,C:/Users/Bautista/Downloads/PrecisionSkin/Classes/Hyperpigmentation/c741a5ac-b87c-4a78-8bf3-5ce831bca681_jpg.rf.d9ff154c4db0f05c670df9b592dc5c0a.jpg,close_up_facial,validation,c741a5ac-b87c-4a78-8bf3-5ce831bca681_jpg,pseudo-label + correct (validation),False,,False,False
234_left_png.rf.3f142740ba29ebc8fa056e752956685a.jpg,C:/Users/Bautista/Downloads/PrecisionSkin/Classes/Hyperpigmentation/234_left_png.rf.3f142740ba29ebc8fa056e752956685a.jpg,partial_face,validation,234_left_png,pseudo-label + correct (validation),True,Hyperpigmentation,True,True
melasma37_jpg.rf.6f1b1f192573dcb2b5c26d9a6aaf84d2.jpg,C:/Users/Bautista/Downloads/PrecisionSkin/Classes/Hyperpigmentation/melasma37_jpg.rf.6f1b1f192573dcb2b5c26d9a6aaf84d2.jpg,close_up_facial,validation,melasma37_jpg,pseudo-label + correct (validation),True,Hyperpigmentation,True,True
melasma43_jpg.rf.19e957f7ecb239e2fccaa2d5b317c826.jpg,C:/Users/Bautista/Downloads/PrecisionSkin/Classes/Hyperpigmentation/melasma43_jpg.rf.19e957f7ecb239e2fccaa2d5b317c826.jpg,full_face,validation,melasma43_jpg,pseudo-label + correct (validation),True,Hyperpigmentation,True,True
phototoxic-reactions-4_jpg.rf.c2351483ba16f11ffcb9338063f7b74a.jpg,C:/Users/Bautista/Downloads/PrecisionSkin/Classes/Hyperpigmentation/phototoxic-reactions-4_jpg.rf.c2351483ba16f11ffcb9338063f7b74a.jpg,full_face,validation,phototoxic-reactions-4_jpg,pseudo-label + correct (validation),False,,False,False
87a52750-9e09-40b1-bf53-5330e653b7a2.jpg,C:/Users/Bautista/Downloads/PrecisionSkin/Classes/Hyperpigmentation/87a52750-9e09-40b1-bf53-5330e653b7a2.jpg,close_up_facial,validation,87a52750-9e09-40b1-bf53-5330e653b7a2.jpg,pseudo-label + correct (validation),False,,False,False
aug_0_9204.jpg,C:/Users/Bautista/Downloads/PrecisionSkin/Classes/Hyperpigmentation/aug_0_9204.jpg,close_up_facial,validation,aug_0_9204.jpg,pseudo-label + correct (validation),False,,False,False
aug_0_8131.jpg,C:/Users/Bautista/Downloads/PrecisionSkin/Classes/Hyperpigmentation/aug_0_8131.jpg,partial_face,validation,aug_0_8131.jpg,pseudo-label + correct (validation),False,,False,False
melasma35_jpg.rf.49aff33845bb400f418a8f003694f57e.jpg,C:/Users/Bautista/Downloads/PrecisionSkin/Classes/Hyperpigmentation/melasma35_jpg.rf.49aff33845bb400f418a8f003694f57e.jpg,partial_face,validation,melasma35_jpg,pseudo-label + correct (validation),True,Hyperpigmentation,True,True
aug_0_7149.jpg,C:/Users/Bautista/Downloads/PrecisionSkin/Classes/Hyperpigmentation/aug_0_7149.jpg,close_up_facial,validation,aug_0_7149.jpg,pseudo-label + correct (validation),False,,False,False
aug_0_4796.jpg,C:/Users/Bautista/Downloads/PrecisionSkin/Classes/Hyperpigmentation/aug_0_4796.jpg,close_up_facial,validation,aug_0_4796.jpg,pseudo-label + correct (validation),False,,False,False
11.jpg,C:/Users/Bautista/Downloads/PrecisionSkin/Classes/Hyperpigmentation/11.jpg,full_face,validation,11.jpg,pseudo-label + correct (validation),False,,True,True
94_left_png.rf.f8540b5a798d9b31e6c1c4dcac35528c.jpg,C:/Users/Bautista/Downloads/PrecisionSkin/Classes/Hyperpigmentation/94_left_png.rf.f8540b5a798d9b31e6c1c4dcac35528c.jpg,close_up_facial,validation,94_left_png,pseudo-label + correct (validation),True,Hyperpigmentation,True,True
11_jpg.rf.334e71627d5c8e58f724d71fdfd478de.jpg,C:/Users/Bautista/Downloads/PrecisionSkin/Classes/Hyperpigmentation/11_jpg.rf.334e71627d5c8e58f724d71fdfd478de.jpg,full_face,validation,11_jpg,pseudo-label + correct (validation),True,Hyperpigmentation,True,True
freckles-266-_jpg.rf.e957d296e10782103465b7e73e2d9bb4.jpg,C:/Users/Bautista/Downloads/PrecisionSkin/Classes/Hyperpigmentation/freckles-266-_jpg.rf.e957d296e10782103465b7e73e2d9bb4.jpg,partial_face,validation,freckles-266-_jpg,pseudo-label + correct (validation),False,,False,False
fla-85-_JPG.rf.f25c88d45155503c445870abcadf8403.jpg,C:/Users/Bautista/Downloads/PrecisionSkin/Classes/Hyperpigmentation/fla-85-_JPG.rf.f25c88d45155503c445870abcadf8403.jpg,partial_face,validation,fla-85-_jpg,pseudo-label + correct (validation),True,Hyperpigmentation,True,True
81.jpg,C:/Users/Bautista/Downloads/PrecisionSkin/Classes/Hyperpigmentation/81.jpg,close_up_facial,validation,81.jpg,pseudo-label + correct (validation),False,,False,False
aug_0_8919.jpg,C:/Users/Bautista/Downloads/PrecisionSkin/Classes/Hyperpigmentation/aug_0_8919.jpg,close_up_facial,validation,aug_0_8919.jpg,pseudo-label + correct (validation),False,,False,False
87_jpg.rf.3bb67a6c161ba99ebf3a2f68657f5e7d.jpg,C:/Users/Bautista/Downloads/PrecisionSkin/Classes/Hyperpigmentation/87_jpg.rf.3bb67a6c161ba99ebf3a2f68657f5e7d.jpg,partial_face,validation,87_jpg,pseudo-label + correct (validation),True,Hyperpigmentation,True,True
image-56-1-_jpg.rf.2e5ca223862a590f9833453919f316d5.jpg,C:/Users/Bautista/Downloads/PrecisionSkin/Classes/Hyperpigmentation/image-56-1-_jpg.rf.2e5ca223862a590f9833453919f316d5.jpg,partial_face,validation,image-56-1-_jpg,pseudo-label + correct (validation),True,Hyperpigmentation,True,True
image-21-1-_jpg.rf.5f22c18d3b272ac46569d6093e928e06.jpg,C:/Users/Bautista/Downloads/PrecisionSkin/Classes/Hyperpigmentation/image-21-1-_jpg.rf.5f22c18d3b272ac46569d6093e928e06.jpg,close_up_facial,validation,image-21-1-_jpg,pseudo-label + correct (validation),True,Hyperpigmentation,True,True
aug_0_2711.jpg,C:/Users/Bautista/Downloads/PrecisionSkin/Classes/Hyperpigmentation/aug_0_2711.jpg,partial_face,validation,aug_0_2711.jpg,pseudo-label + correct (validation),False,,False,False
aug_0_9572.jpg,C:/Users/Bautista/Downloads/PrecisionSkin/Classes/Hyperpigmentation/aug_0_9572.jpg,close_up_facial,validation,aug_0_9572.jpg,pseudo-label + correct (validation),False,,False,False
19_left_jpg.rf.767e3ee62a8c08b4758d57027d82c0aa.jpg,C:/Users/Bautista/Downloads/PrecisionSkin/Classes/Hyperpigmentation/19_left_jpg.rf.767e3ee62a8c08b4758d57027d82c0aa.jpg,partial_face,validation,19_left_jpg,pseudo-label + correct (validation),True,Hyperpigmentation,True,True
melasma4_png.rf.e59b317a8a43b251e541a152b9ba38e6.jpg,C:/Users/Bautista/Downloads/PrecisionSkin/Classes/Hyperpigmentation/melasma4_png.rf.e59b317a8a43b251e541a152b9ba38e6.jpg,close_up_facial,validation,melasma4_png,pseudo-label + correct (validation),False,,True,True
300_left_png.rf.7124d9da58208c4e6579f73391e499a9.jpg,C:/Users/Bautista/Downloads/PrecisionSkin/Classes/Hyperpigmentation/300_left_png.rf.7124d9da58208c4e6579f73391e499a9.jpg,partial_face,validation,300_left_png,pseudo-label + correct (validation),True,Hyperpigmentation,True,True
melasma35_jpg.rf.37d58b8192ac8b00b68b1c02d808b539.jpg,C:/Users/Bautista/Downloads/PrecisionSkin/Classes/Hyperpigmentation/melasma35_jpg.rf.37d58b8192ac8b00b68b1c02d808b539.jpg,partial_face,validation,melasma35_jpg,pseudo-label + correct (validation),True,Hyperpigmentation,True,True
102_jpg.rf.f0a7cfffea315d1b68c335ad45345907.jpg,C:/Users/Bautista/Downloads/PrecisionSkin/Classes/Hyperpigmentation/102_jpg.rf.f0a7cfffea315d1b68c335ad45345907.jpg,close_up_facial,validation,102_jpg,pseudo-label + correct (validation),False,,True,True
m27_jpg.rf.bdb9c173aeac95477e56552e1f65643f.jpg,C:/Users/Bautista/Downloads/PrecisionSkin/Classes/Hyperpigmentation/m27_jpg.rf.bdb9c173aeac95477e56552e1f65643f.jpg,close_up_facial,validation,m27_jpg,pseudo-label + correct (validation),True,Hyperpigmentation,True,True
40.jpg,C:/Users/Bautista/Downloads/PrecisionSkin/Classes/Hyperpigmentation/40.jpg,partial_face,validation,40.jpg,pseudo-label + correct (validation),False,,True,True
0cc20ae0-c7a8-478b-a974-a5aebabffc15.jpg,C:/Users/Bautista/Downloads/PrecisionSkin/Classes/Hyperpigmentation/0cc20ae0-c7a8-478b-a974-a5aebabffc15.jpg,close_up_facial,validation,0cc20ae0-c7a8-478b-a974-a5aebabffc15.jpg,pseudo-label + correct (validation),False,,False,False
158_left_png.rf.7ec3d6a73774cf5602a7039f642e32a1.jpg,C:/Users/Bautista/Downloads/PrecisionSkin/Classes/Hyperpigmentation/158_left_png.rf.7ec3d6a73774cf5602a7039f642e32a1.jpg,partial_face,validation,158_left_png,pseudo-label + correct (validation),False,,True,True
175_left_png.rf.79d6b77992d8a2b9f0d8a24aa1467681.jpg,C:/Users/Bautista/Downloads/PrecisionSkin/Classes/Hyperpigmentation/175_left_png.rf.79d6b77992d8a2b9f0d8a24aa1467681.jpg,full_face,validation,175_left_png,pseudo-label + correct (validation),False,,True,True
dbe6c84b-81f9-4e7d-9a6a-c2c654a092e1_jpg.rf.fdbe3dd63074732aa5f6c67b5510d92c.jpg,C:/Users/Bautista/Downloads/PrecisionSkin/Classes/Hyperpigmentation/dbe6c84b-81f9-4e7d-9a6a-c2c654a092e1_jpg.rf.fdbe3dd63074732aa5f6c67b5510d92c.jpg,partial_face,validation,dbe6c84b-81f9-4e7d-9a6a-c2c654a092e1_jpg,pseudo-label + correct (validation),False,,False,False
image-18_jpg.rf.af11ebc72a20505ed819cbaf5862d9a1.jpg,C:/Users/Bautista/Downloads/PrecisionSkin/Classes/Hyperpigmentation/image-18_jpg.rf.af11ebc72a20505ed819cbaf5862d9a1.jpg,partial_face,validation,image-18_jpg,pseudo-label + correct (validation),True,Hyperpigmentation,True,True
aug_0_5607.jpg,C:/Users/Bautista/Downloads/PrecisionSkin/Classes/Hyperpigmentation/aug_0_5607.jpg,partial_face,validation,aug_0_5607.jpg,pseudo-label + correct (validation),False,,False,False
melasma28_jpg.rf.bb604c39a9c8492844b9fe4a27daa454.jpg,C:/Users/Bautista/Downloads/PrecisionSkin/Classes/Hyperpigmentation/melasma28_jpg.rf.bb604c39a9c8492844b9fe4a27daa454.jpg,full_face,validation,melasma28_jpg,pseudo-label + correct (validation),False,,True,True
image-27-1-_jpg.rf.9ee2bbb99d48634ccce94e3cc0642390.jpg,C:/Users/Bautista/Downloads/PrecisionSkin/Classes/Hyperpigmentation/image-27-1-_jpg.rf.9ee2bbb99d48634ccce94e3cc0642390.jpg,partial_face,validation,image-27-1-_jpg,pseudo-label + correct (validation),True,Hyperpigmentation,True,True
3deebf0a-72f9-4fa9-8764-3ac44ada6fd7_jpg.rf.cada4b35bb7a25a9b33af1e455687981.jpg,C:/Users/Bautista/Downloads/PrecisionSkin/Classes/Hyperpigmentation/3deebf0a-72f9-4fa9-8764-3ac44ada6fd7_jpg.rf.cada4b35bb7a25a9b33af1e455687981.jpg,close_up_facial,validation,3deebf0a-72f9-4fa9-8764-3ac44ada6fd7_jpg,pseudo-label + correct (validation),False,,False,False
175_left_png.rf.090bfa8b69fb55e84ff676ce77b8c92d.jpg,C:/Users/Bautista/Downloads/PrecisionSkin/Classes/Hyperpigmentation/175_left_png.rf.090bfa8b69fb55e84ff676ce77b8c92d.jpg,full_face,validation,175_left_png,pseudo-label + correct (validation),False,,True,True
267_left_png.rf.14c006dac3e66c6257af2d4d6b1dde3d.jpg,C:/Users/Bautista/Downloads/PrecisionSkin/Classes/Hyperpigmentation/267_left_png.rf.14c006dac3e66c6257af2d4d6b1dde3d.jpg,close_up_facial,validation,267_left_png,pseudo-label + correct (validation),True,Hyperpigmentation,True,True
melasma41_jpg.rf.6776aae4aaef04a6f87a3078a30e4d29.jpg,C:/Users/Bautista/Downloads/PrecisionSkin/Classes/Hyperpigmentation/melasma41_jpg.rf.6776aae4aaef04a6f87a3078a30e4d29.jpg,partial_face,validation,melasma41_jpg,pseudo-label + correct (validation),True,Hyperpigmentation,True,True
155_left_png.rf.446939cc3e0f3db5d7275a8c15ae2f68.jpg,C:/Users/Bautista/Downloads/PrecisionSkin/Classes/Hyperpigmentation/155_left_png.rf.446939cc3e0f3db5d7275a8c15ae2f68.jpg,partial_face,validation,155_left_png,pseudo-label + correct (validation),True,Hyperpigmentation,True,True
74_jpg.rf.0f2b4f738b5069ad25ce9f7cd5058d2c.jpg,C:/Users/Bautista/Downloads/PrecisionSkin/Classes/Hyperpigmentation/74_jpg.rf.0f2b4f738b5069ad25ce9f7cd5058d2c.jpg,close_up_facial,validation,74_jpg,pseudo-label + correct (validation),True,Hyperpigmentation,True,True
image-60-1-_jpg.rf.fd1f8d1cf77873c18f64c858e8ebdbcc.jpg,C:/Users/Bautista/Downloads/PrecisionSkin/Classes/Hyperpigmentation/image-60-1-_jpg.rf.fd1f8d1cf77873c18f64c858e8ebdbcc.jpg,close_up_facial,validation,image-60-1-_jpg,pseudo-label + correct (validation),True,Hyperpigmentation,True,True
Copy-of-melasma18_jpg.rf.5f9e3b53a5557caea12ec432c24981a5.jpg,C:/Users/Bautista/Downloads/PrecisionSkin/Classes/Hyperpigmentation/Copy-of-melasma18_jpg.rf.5f9e3b53a5557caea12ec432c24981a5.jpg,close_up_facial,validation,copy-of-melasma18_jpg,pseudo-label + correct (validation),True,Hyperpigmentation,True,True
image-12_jpg.rf.599a3b431b5b08c7366752cd54e7862d.jpg,C:/Users/Bautista/Downloads/PrecisionSkin/Classes/Hyperpigmentation/image-12_jpg.rf.599a3b431b5b08c7366752cd54e7862d.jpg,full_face,validation,image-12_jpg,pseudo-label + correct (validation),True,Hyperpigmentation,True,True
fla-23-_JPG.rf.9211a5a23d751379c0ec76438b1fd746.jpg,C:/Users/Bautista/Downloads/PrecisionSkin/Classes/Hyperpigmentation/fla-23-_JPG.rf.9211a5a23d751379c0ec76438b1fd746.jpg,close_up_facial,validation,fla-23-_jpg,pseudo-label + correct (validation),True,Hyperpigmentation,True,True
84e79edd-919d-46a4-9fc7-1c587e418fb9.jpg,C:/Users/Bautista/Downloads/PrecisionSkin/Classes/Hyperpigmentation/84e79edd-919d-46a4-9fc7-1c587e418fb9.jpg,close_up_facial,validation,84e79edd-919d-46a4-9fc7-1c587e418fb9.jpg,pseudo-label + correct (validation),False,,False,False
296_left_png.rf.7e8016a1afc3e0b0f678ff428d645845.jpg,C:/Users/Bautista/Downloads/PrecisionSkin/Classes/Hyperpigmentation/296_left_png.rf.7e8016a1afc3e0b0f678ff428d645845.jpg,partial_face,validation,296_left_png,pseudo-label + correct (validation),True,Hyperpigmentation,True,True
aug_0_9210.jpg,C:/Users/Bautista/Downloads/PrecisionSkin/Classes/Hyperpigmentation/aug_0_9210.jpg,partial_face,validation,aug_0_9210.jpg,pseudo-label + correct (validation),False,,False,False
aug_0_6536.jpg,C:/Users/Bautista/Downloads/PrecisionSkin/Classes/Hyperpigmentation/aug_0_6536.jpg,partial_face,validation,aug_0_6536.jpg,pseudo-label + correct (validation),False,,False,False
110_left_png.rf.38e22ce486653e9739fa79373c6c36d4.jpg,C:/Users/Bautista/Downloads/PrecisionSkin/Classes/Hyperpigmentation/110_left_png.rf.38e22ce486653e9739fa79373c6c36d4.jpg,full_face,validation,110_left_png,pseudo-label + correct (validation),True,Hyperpigmentation,True,True
aug_0_9912.jpg,C:/Users/Bautista/Downloads/PrecisionSkin/Classes/Hyperpigmentation/aug_0_9912.jpg,partial_face,validation,aug_0_9912.jpg,pseudo-label + correct (validation),False,,False,False
aug_0_4286.jpg,C:/Users/Bautista/Downloads/PrecisionSkin/Classes/Hyperpigmentation/aug_0_4286.jpg,partial_face,validation,aug_0_4286.jpg,pseudo-label + correct (validation),False,,False,False
melasma41_jpg.rf.7a9c30c611f42dabe9a8cc94e92d3d11.jpg,C:/Users/Bautista/Downloads/PrecisionSkin/Classes/Hyperpigmentation/melasma41_jpg.rf.7a9c30c611f42dabe9a8cc94e92d3d11.jpg,partial_face,validation,melasma41_jpg,pseudo-label + correct (validation),True,Hyperpigmentation,True,True
3.jpg,C:/Users/Bautista/Downloads/PrecisionSkin/Classes/Hyperpigmentation/3.jpg,partial_face,validation,3.jpg,pseudo-label + correct (validation),True,Hyperpigmentation,True,True
aug_0_1792.jpg,C:/Users/Bautista/Downloads/PrecisionSkin/Classes/Hyperpigmentation/aug_0_1792.jpg,close_up_facial,validation,aug_0_1792.jpg,pseudo-label + correct (validation),False,,False,False
melasm73_png_jpg.rf.ca467d307176768a50c29d633ae1ba2f.jpg,C:/Users/Bautista/Downloads/PrecisionSkin/Classes/Hyperpigmentation/melasm73_png_jpg.rf.ca467d307176768a50c29d633ae1ba2f.jpg,close_up_facial,validation,melasm73_png_jpg,pseudo-label + correct (validation),True,Hyperpigmentation,True,True
melasma45_jpg.rf.fd0ce4d6a37c93316d2e159b35b359f0.jpg,C:/Users/Bautista/Downloads/PrecisionSkin/Classes/Hyperpigmentation/melasma45_jpg.rf.fd0ce4d6a37c93316d2e159b35b359f0.jpg,partial_face,validation,melasma45_jpg,pseudo-label + correct (validation),False,,True,True
70a7a98e-5a6d-4ca3-acd4-12a2e14bbab2.jpg,C:/Users/Bautista/Downloads/PrecisionSkin/Classes/Hyperpigmentation/70a7a98e-5a6d-4ca3-acd4-12a2e14bbab2.jpg,partial_face,validation,70a7a98e-5a6d-4ca3-acd4-12a2e14bbab2.jpg,pseudo-label + correct (validation),False,,False,False
1e812d5b-ee7a-4ec5-bd3e-04ca72cd805a_jpg.rf.c4795a6a69499f9800d1450b01a220ca.jpg,C:/Users/Bautista/Downloads/PrecisionSkin/Classes/Hyperpigmentation/1e812d5b-ee7a-4ec5-bd3e-04ca72cd805a_jpg.rf.c4795a6a69499f9800d1450b01a220ca.jpg,close_up_facial,validation,1e812d5b-ee7a-4ec5-bd3e-04ca72cd805a_jpg,pseudo-label + correct (validation),False,,False,False
aug_0_6490.jpg,C:/Users/Bautista/Downloads/PrecisionSkin/Classes/Hyperpigmentation/aug_0_6490.jpg,close_up_facial,validation,aug_0_6490.jpg,pseudo-label + correct (validation),False,,False,False
aug_0_802.jpg,C:/Users/Bautista/Downloads/PrecisionSkin/Classes/Hyperpigmentation/aug_0_802.jpg,close_up_facial,validation,aug_0_802.jpg,pseudo-label + correct (validation),False,,False,False
146_jpg.rf.89f7705b18c63d13c696a3d2cdf9dac3.jpg,C:/Users/Bautista/Downloads/PrecisionSkin/Classes/Hyperpigmentation/146_jpg.rf.89f7705b18c63d13c696a3d2cdf9dac3.jpg,partial_face,validation,146_jpg,pseudo-label + correct (validation),True,Hyperpigmentation,True,True
27.jpg,C:/Users/Bautista/Downloads/PrecisionSkin/Classes/Hyperpigmentation/27.jpg,close_up_facial,validation,27.jpg,pseudo-label + correct (validation),False,,True,True
9.jpg,C:/Users/Bautista/Downloads/PrecisionSkin/Classes/Hyperpigmentation/9.jpg,partial_face,validation,9.jpg,pseudo-label + correct (validation),False,,False,False
22_jpg.rf.76e3e8792797d713e78146897b0392f1.jpg,C:/Users/Bautista/Downloads/PrecisionSkin/Classes/Hyperpigmentation/22_jpg.rf.76e3e8792797d713e78146897b0392f1.jpg,close_up_facial,validation,22_jpg,pseudo-label + correct (validation),False,,False,False
aug_0_1175.jpg,C:/Users/Bautista/Downloads/PrecisionSkin/Classes/Hyperpigmentation/aug_0_1175.jpg,partial_face,validation,aug_0_1175.jpg,pseudo-label + correct (validation),False,,False,False
aug_0_586.jpg,C:/Users/Bautista/Downloads/PrecisionSkin/Classes/Hyperpigmentation/aug_0_586.jpg,close_up_facial,validation,aug_0_586.jpg,pseudo-label + correct (validation),False,,False,False
phototoxic-reactions-4_jpg.rf.d78a8686ed81fbd625160a7a44bafd12.jpg,C:/Users/Bautista/Downloads/PrecisionSkin/Classes/Hyperpigmentation/phototoxic-reactions-4_jpg.rf.d78a8686ed81fbd625160a7a44bafd12.jpg,full_face,validation,phototoxic-reactions-4_jpg,pseudo-label + correct (validation),False,,False,False
melasma49_jpg.rf.73580bd9f8a60b80e4e683f36317a860.jpg,C:/Users/Bautista/Downloads/PrecisionSkin/Classes/Hyperpigmentation/melasma49_jpg.rf.73580bd9f8a60b80e4e683f36317a860.jpg,full_face,validation,melasma49_jpg,pseudo-label + correct (validation),False,,True,True
aug_0_3767.jpg,C:/Users/Bautista/Downloads/PrecisionSkin/Classes/Hyperpigmentation/aug_0_3767.jpg,full_face,validation,aug_0_3767.jpg,pseudo-label + correct (validation),False,,False,False
9f2c3594-5a2b-4502-9872-54b0fa60adf5.jpg,C:/Users/Bautista/Downloads/PrecisionSkin/Classes/Hyperpigmentation/9f2c3594-5a2b-4502-9872-54b0fa60adf5.jpg,close_up_facial,validation,9f2c3594-5a2b-4502-9872-54b0fa60adf5.jpg,pseudo-label + correct (validation),True,Hyperpigmentation,False,True
28ed8e03-dc85-43e4-872d-183a8ef13a47_jpg.rf.ebfb0cb9c91fab6a8f3242b8a6b69bfd.jpg,C:/Users/Bautista/Downloads/PrecisionSkin/Classes/Hyperpigmentation/28ed8e03-dc85-43e4-872d-183a8ef13a47_jpg.rf.ebfb0cb9c91fab6a8f3242b8a6b69bfd.jpg,full_face,validation,28ed8e03-dc85-43e4-872d-183a8ef13a47_jpg,pseudo-label + correct (validation),False,,False,False
83_jpg.rf.1d39f7ea5f7a126cb384a5d49b5e20dd.jpg,C:/Users/Bautista/Downloads/PrecisionSkin/Classes/Hyperpigmentation/83_jpg.rf.1d39f7ea5f7a126cb384a5d49b5e20dd.jpg,partial_face,validation,83_jpg,pseudo-label + correct (validation),True,Hyperpigmentation,True,True
yt-M4UGBt0gtbc-0029_jpg.rf.a964cd46475ac476a7de3f8361f1b2e2.jpg,C:/Users/Bautista/Downloads/PrecisionSkin/Classes/Hyperpigmentation/yt-M4UGBt0gtbc-0029_jpg.rf.a964cd46475ac476a7de3f8361f1b2e2.jpg,partial_face,validation,yt-m4ugbt0gtbc-0029_jpg,pseudo-label + correct (validation),True,Hyperpigmentation,True,True
m2_jpg.rf.6d2ef6eab738c1533f8a424d0775a8e1.jpg,C:/Users/Bautista/Downloads/PrecisionSkin/Classes/Hyperpigmentation/m2_jpg.rf.6d2ef6eab738c1533f8a424d0775a8e1.jpg,partial_face,validation,m2_jpg,pseudo-label + correct (validation),True,Hyperpigmentation,True,True
b48bce4c-namtannhang_4_jpg.rf.97464c57abe901a6fe1e19cd5b11bf8b.jpg,C:/Users/Bautista/Downloads/PrecisionSkin/Classes/Hyperpigmentation/b48bce4c-namtannhang_4_jpg.rf.97464c57abe901a6fe1e19cd5b11bf8b.jpg,close_up_facial,validation,b48bce4c-namtannhang_4_jpg,pseudo-label + correct (validation),True,Hyperpigmentation,True,True
aug_0_1310.jpg,C:/Users/Bautista/Downloads/PrecisionSkin/Classes/Hyperpigmentation/aug_0_1310.jpg,close_up_facial,validation,aug_0_1310.jpg,pseudo-label + correct (validation),False,,False,False
melasma40_jpg.rf.90001b80b500c52e96f32bbce23308de.jpg,C:/Users/Bautista/Downloads/PrecisionSkin/Classes/Hyperpigmentation/melasma40_jpg.rf.90001b80b500c52e96f32bbce23308de.jpg,full_face,validation,melasma40_jpg,pseudo-label + correct (validation),False,,True,True
melasma48_png_jpg.rf.0e5c5f69f438af8cf93c1a91dc86c7c6.jpg,C:/Users/Bautista/Downloads/PrecisionSkin/Classes/Hyperpigmentation/melasma48_png_jpg.rf.0e5c5f69f438af8cf93c1a91dc86c7c6.jpg,close_up_facial,validation,melasma48_png_jpg,pseudo-label + correct (validation),False,,True,True
144_jpg.rf.2e047c9e4206be047032ab8ca3f43d83.jpg,C:/Users/Bautista/Downloads/PrecisionSkin/Classes/Hyperpigmentation/144_jpg.rf.2e047c9e4206be047032ab8ca3f43d83.jpg,partial_face,validation,144_jpg,pseudo-label + correct (validation),True,Hyperpigmentation,True,True
yt-M4UGBt0gtbc-0044_jpg.rf.695e2b32f699163e6bd52cca23039c66.jpg,C:/Users/Bautista/Downloads/PrecisionSkin/Classes/Hyperpigmentation/yt-M4UGBt0gtbc-0044_jpg.rf.695e2b32f699163e6bd52cca23039c66.jpg,partial_face,validation,yt-m4ugbt0gtbc-0044_jpg,pseudo-label + correct (validation),True,Hyperpigmentation,True,True
image-104-1-_jpg.rf.b2c6643b508f0c5e3699281bc9d3561a.jpg,C:/Users/Bautista/Downloads/PrecisionSkin/Classes/Hyperpigmentation/image-104-1-_jpg.rf.b2c6643b508f0c5e3699281bc9d3561a.jpg,close_up_facial,validation,image-104-1-_jpg,pseudo-label + correct (validation),True,Hyperpigmentation,True,True
aug_0_2041.jpg,C:/Users/Bautista/Downloads/PrecisionSkin/Classes/Hyperpigmentation/aug_0_2041.jpg,close_up_facial,validation,aug_0_2041.jpg,pseudo-label + correct (validation),False,,False,False
melasma22_png.rf.c55ad8c2b0133d79a266d77095eeb77b.jpg,C:/Users/Bautista/Downloads/PrecisionSkin/Classes/Hyperpigmentation/melasma22_png.rf.c55ad8c2b0133d79a266d77095eeb77b.jpg,partial_face,validation,melasma22_png,pseudo-label + correct (validation),False,,True,True
aug_0_2645.jpg,C:/Users/Bautista/Downloads/PrecisionSkin/Classes/Hyperpigmentation/aug_0_2645.jpg,partial_face,validation,aug_0_2645.jpg,pseudo-label + correct (validation),False,,False,False
aug_0_3515.jpg,C:/Users/Bautista/Downloads/PrecisionSkin/Classes/Hyperpigmentation/aug_0_3515.jpg,partial_face,validation,aug_0_3515.jpg,pseudo-label + correct (validation),False,,False,False
m2_jpg.rf.5a907495bac463634b128a1b278a6288.jpg,C:/Users/Bautista/Downloads/PrecisionSkin/Classes/Hyperpigmentation/m2_jpg.rf.5a907495bac463634b128a1b278a6288.jpg,partial_face,validation,m2_jpg,pseudo-label + correct (validation),True,Hyperpigmentation,True,True
aug_0_975.jpg,C:/Users/Bautista/Downloads/PrecisionSkin/Classes/Hyperpigmentation/aug_0_975.jpg,partial_face,validation,aug_0_975.jpg,pseudo-label + correct (validation),False,,False,False
melasma63_png_jpg.rf.cf91c3b7a8f242d1fc38580e815f693e.jpg,C:/Users/Bautista/Downloads/PrecisionSkin/Classes/Hyperpigmentation/melasma63_png_jpg.rf.cf91c3b7a8f242d1fc38580e815f693e.jpg,partial_face,validation,melasma63_png_jpg,pseudo-label + correct (validation),True,Hyperpigmentation,True,True
120_jpg.rf.b39c8d41b3ef5e3839598662b86e42aa.jpg,C:/Users/Bautista/Downloads/PrecisionSkin/Classes/Hyperpigmentation/120_jpg.rf.b39c8d41b3ef5e3839598662b86e42aa.jpg,partial_face,validation,120_jpg,pseudo-label + correct (validation),True,Hyperpigmentation,True,True
Copy-of-melasma52_jpg.rf.ceaa57e1d96b1bcb8f3b0c5c241c0635.jpg,C:/Users/Bautista/Downloads/PrecisionSkin/Classes/Hyperpigmentation/Copy-of-melasma52_jpg.rf.ceaa57e1d96b1bcb8f3b0c5c241c0635.jpg,partial_face,validation,copy-of-melasma52_jpg,pseudo-label + correct (validation),True,Hyperpigmentation,True,True
233ebc8e-5bda-40d2-929c-c63ba5ebf96d.jpg,C:/Users/Bautista/Downloads/PrecisionSkin/Classes/Hyperpigmentation/233ebc8e-5bda-40d2-929c-c63ba5ebf96d.jpg,close_up_facial,validation,233ebc8e-5bda-40d2-929c-c63ba5ebf96d.jpg,pseudo-label + correct (validation),False,,False,False
129_jpg.rf.6c3b7bc2caa41e2e7e47e5a7f1cf3902.jpg,C:/Users/Bautista/Downloads/PrecisionSkin/Classes/Hyperpigmentation/129_jpg.rf.6c3b7bc2caa41e2e7e47e5a7f1cf3902.jpg,close_up_facial,validation,129_jpg,pseudo-label + correct (validation),False,,True,True
Melasma1_png.rf.212788e43fd9dc5ad5b5dace9b59669d.jpg,C:/Users/Bautista/Downloads/PrecisionSkin/Classes/Hyperpigmentation/Melasma1_png.rf.212788e43fd9dc5ad5b5dace9b59669d.jpg,full_face,validation,melasma1_png,pseudo-label + correct (validation),False,,True,True
melasma7_png.rf.9d1051280fb46b1278c4f4a1db4907af.jpg,C:/Users/Bautista/Downloads/PrecisionSkin/Classes/Hyperpigmentation/melasma7_png.rf.9d1051280fb46b1278c4f4a1db4907af.jpg,close_up_facial,validation,melasma7_png,pseudo-label + correct (validation),False,,True,True
aug_0_9512.jpg,C:/Users/Bautista/Downloads/PrecisionSkin/Classes/Hyperpigmentation/aug_0_9512.jpg,partial_face,validation,aug_0_9512.jpg,pseudo-label + correct (validation),False,,False,False
224_left_png.rf.2ca15f8dd8fd643be4fa0f29478bebae.jpg,C:/Users/Bautista/Downloads/PrecisionSkin/Classes/Hyperpigmentation/224_left_png.rf.2ca15f8dd8fd643be4fa0f29478bebae.jpg,partial_face,validation,224_left_png,pseudo-label + correct (validation),True,Hyperpigmentation,True,True
aug_0_5164.jpg,C:/Users/Bautista/Downloads/PrecisionSkin/Classes/Hyperpigmentation/aug_0_5164.jpg,close_up_facial,validation,aug_0_5164.jpg,pseudo-label + correct (validation),False,,False,False
c066cab4-e204-47b5-be8a-35b33c3fb48d_jpeg.rf.121d9a6ca875da449843c422181652cd.jpg,C:/Users/Bautista/Downloads/PrecisionSkin/Classes/Hyperpigmentation/c066cab4-e204-47b5-be8a-35b33c3fb48d_jpeg.rf.121d9a6ca875da449843c422181652cd.jpg,partial_face,validation,c066cab4-e204-47b5-be8a-35b33c3fb48d_jpeg,pseudo-label + correct (validation),False,,True,True
aug_0_4084.jpg,C:/Users/Bautista/Downloads/PrecisionSkin/Classes/Hyperpigmentation/aug_0_4084.jpg,partial_face,validation,aug_0_4084.jpg,pseudo-label + correct (validation),False,,False,False
163_jpg.rf.b2fdb8b36baceef8ff5a1baca1755d21.jpg,C:/Users/Bautista/Downloads/PrecisionSkin/Classes/Hyperpigmentation/163_jpg.rf.b2fdb8b36baceef8ff5a1baca1755d21.jpg,close_up_facial,validation,163_jpg,pseudo-label + correct (validation),True,Hyperpigmentation,True,True
aug_0_8468.jpg,C:/Users/Bautista/Downloads/PrecisionSkin/Classes/Hyperpigmentation/aug_0_8468.jpg,partial_face,validation,aug_0_8468.jpg,pseudo-label + correct (validation),False,,False,False
aug_0_9336.jpg,C:/Users/Bautista/Downloads/PrecisionSkin/Classes/Hyperpigmentation/aug_0_9336.jpg,close_up_facial,validation,aug_0_9336.jpg,pseudo-label + correct (validation),False,,False,False
2e81a0f1-fe62-4ccc-8ddb-409bd965277c_jpg.rf.8649248140c884d80a4431fffdfa32d8.jpg,C:/Users/Bautista/Downloads/PrecisionSkin/Classes/Hyperpigmentation/2e81a0f1-fe62-4ccc-8ddb-409bd965277c_jpg.rf.8649248140c884d80a4431fffdfa32d8.jpg,partial_face,validation,2e81a0f1-fe62-4ccc-8ddb-409bd965277c_jpg,pseudo-label + correct (validation),False,,False,False
aug_0_6588.jpg,C:/Users/Bautista/Downloads/PrecisionSkin/Classes/Hyperpigmentation/aug_0_6588.jpg,partial_face,validation,aug_0_6588.jpg,pseudo-label + correct (validation),False,,False,False
107_jpg.rf.642b646b9f9461f1bc7e8f0b19888cec.jpg,C:/Users/Bautista/Downloads/PrecisionSkin/Classes/Hyperpigmentation/107_jpg.rf.642b646b9f9461f1bc7e8f0b19888cec.jpg,partial_face,validation,107_jpg,pseudo-label + correct (validation),True,Hyperpigmentation,True,True
aug_0_1247.jpg,C:/Users/Bautista/Downloads/PrecisionSkin/Classes/Hyperpigmentation/aug_0_1247.jpg,partial_face,validation,aug_0_1247.jpg,pseudo-label + correct (validation),False,,False,False
aug_0_1221.jpg,C:/Users/Bautista/Downloads/PrecisionSkin/Classes/Hyperpigmentation/aug_0_1221.jpg,close_up_facial,validation,aug_0_1221.jpg,pseudo-label + correct (validation),False,,False,False
aug_0_6520.jpg,C:/Users/Bautista/Downloads/PrecisionSkin/Classes/Hyperpigmentation/aug_0_6520.jpg,close_up_facial,validation,aug_0_6520.jpg,pseudo-label + correct (validation),False,,False,False
melasm73_png_jpg.rf.3e49d1518fab4ee2345c459f921b4b77.jpg,C:/Users/Bautista/Downloads/PrecisionSkin/Classes/Hyperpigmentation/melasm73_png_jpg.rf.3e49d1518fab4ee2345c459f921b4b77.jpg,close_up_facial,validation,melasm73_png_jpg,pseudo-label + correct (validation),True,Hyperpigmentation,True,True
42_left_jpg.rf.34359e33b081c50c47f8f35195f35e7e.jpg,C:/Users/Bautista/Downloads/PrecisionSkin/Classes/Hyperpigmentation/42_left_jpg.rf.34359e33b081c50c47f8f35195f35e7e.jpg,partial_face,validation,42_left_jpg,pseudo-label + correct (validation),True,Hyperpigmentation,True,True
af511d5a-491e-4e16-8d16-197455613fdf.jpg,C:/Users/Bautista/Downloads/PrecisionSkin/Classes/Hyperpigmentation/af511d5a-491e-4e16-8d16-197455613fdf.jpg,full_face,validation,af511d5a-491e-4e16-8d16-197455613fdf.jpg,pseudo-label + correct (validation),False,,False,False
aug_0_8717.jpg,C:/Users/Bautista/Downloads/PrecisionSkin/Classes/Hyperpigmentation/aug_0_8717.jpg,partial_face,validation,aug_0_8717.jpg,pseudo-label + correct (validation),False,,False,False
aug_0_2540.jpg,C:/Users/Bautista/Downloads/PrecisionSkin/Classes/Hyperpigmentation/aug_0_2540.jpg,partial_face,validation,aug_0_2540.jpg,pseudo-label + correct (validation),False,,False,False
102_left_png.rf.7d6e19105b4caf8f192734d70d081733.jpg,C:/Users/Bautista/Downloads/PrecisionSkin/Classes/Hyperpigmentation/102_left_png.rf.7d6e19105b4caf8f192734d70d081733.jpg,full_face,validation,102_left_png,pseudo-label + correct (validation),False,,True,True
145_jpg.rf.906301147f175d84488abe8016b70242.jpg,C:/Users/Bautista/Downloads/PrecisionSkin/Classes/Hyperpigmentation/145_jpg.rf.906301147f175d84488abe8016b70242.jpg,partial_face,validation,145_jpg,pseudo-label + correct (validation),True,Hyperpigmentation,True,True
image-84-1-_jpg.rf.aef8d5cc2438dca5d303f559ad1d678a.jpg,C:/Users/Bautista/Downloads/PrecisionSkin/Classes/Hyperpigmentation/image-84-1-_jpg.rf.aef8d5cc2438dca5d303f559ad1d678a.jpg,partial_face,validation,image-84-1-_jpg,pseudo-label + correct (validation),True,Hyperpigmentation,True,True
34_jpg.rf.fd466dc45c21a16c9aed0884273e6ae9.jpg,C:/Users/Bautista/Downloads/PrecisionSkin/Classes/Hyperpigmentation/34_jpg.rf.fd466dc45c21a16c9aed0884273e6ae9.jpg,partial_face,validation,34_jpg,pseudo-label + correct (validation),False,,True,True
aug_0_1516.jpg,C:/Users/Bautista/Downloads/PrecisionSkin/Classes/Hyperpigmentation/aug_0_1516.jpg,partial_face,validation,aug_0_1516.jpg,pseudo-label + correct (validation),False,,False,False
30_left_jpg.rf.3142f8c4c4d55e138d90b6da03d72250.jpg,C:/Users/Bautista/Downloads/PrecisionSkin/Classes/Hyperpigmentation/30_left_jpg.rf.3142f8c4c4d55e138d90b6da03d72250.jpg,close_up_facial,validation,30_left_jpg,pseudo-label + correct (validation),True,Hyperpigmentation,True,True
aug_0_1505.jpg,C:/Users/Bautista/Downloads/PrecisionSkin/Classes/Hyperpigmentation/aug_0_1505.jpg,close_up_facial,validation,aug_0_1505.jpg,pseudo-label + correct (validation),False,,False,False
73_jpg.rf.f87133fe2e6738191924c5e5d40eb141.jpg,C:/Users/Bautista/Downloads/PrecisionSkin/Classes/Hyperpigmentation/73_jpg.rf.f87133fe2e6738191924c5e5d40eb141.jpg,close_up_facial,validation,73_jpg,pseudo-label + correct (validation),False,,True,True
13.jpg,C:/Users/Bautista/Downloads/PrecisionSkin/Classes/Hyperpigmentation/13.jpg,partial_face,validation,13.jpg,pseudo-label + correct (validation),False,,False,False
aug_0_1145.jpg,C:/Users/Bautista/Downloads/PrecisionSkin/Classes/Hyperpigmentation/aug_0_1145.jpg,close_up_facial,validation,aug_0_1145.jpg,pseudo-label + correct (validation),False,,False,False
b0dd8006-1128-4a8a-b09f-b625e5f970d6.jpg,C:/Users/Bautista/Downloads/PrecisionSkin/Classes/Hyperpigmentation/b0dd8006-1128-4a8a-b09f-b625e5f970d6.jpg,close_up_facial,validation,b0dd8006-1128-4a8a-b09f-b625e5f970d6.jpg,pseudo-label + correct (validation),False,,False,False
9956c273-f3a6-46d3-8c76-b48e6bdc6056.jpg,C:/Users/Bautista/Downloads/PrecisionSkin/Classes/Hyperpigmentation/9956c273-f3a6-46d3-8c76-b48e6bdc6056.jpg,close_up_facial,validation,9956c273-f3a6-46d3-8c76-b48e6bdc6056.jpg,pseudo-label + correct (validation),False,,False,False
271_left_png.rf.5c134c45d80688f39b45fde469395207.jpg,C:/Users/Bautista/Downloads/PrecisionSkin/Classes/Hyperpigmentation/271_left_png.rf.5c134c45d80688f39b45fde469395207.jpg,partial_face,validation,271_left_png,pseudo-label + correct (validation),True,Hyperpigmentation,True,True
image-89-1-_jpg.rf.5d127dfc388263ff5aeff04d4c527e55.jpg,C:/Users/Bautista/Downloads/PrecisionSkin/Classes/Hyperpigmentation/image-89-1-_jpg.rf.5d127dfc388263ff5aeff04d4c527e55.jpg,partial_face,validation,image-89-1-_jpg,pseudo-label + correct (validation),False,,True,True
67_left_png.rf.43e6f1ae75a21e5031b2976cc178a530.jpg,C:/Users/Bautista/Downloads/PrecisionSkin/Classes/Hyperpigmentation/67_left_png.rf.43e6f1ae75a21e5031b2976cc178a530.jpg,partial_face,validation,67_left_png,pseudo-label + correct (validation),False,,True,True
256_left_png.rf.04557397965924cd49d1d68b05134527.jpg,C:/Users/Bautista/Downloads/PrecisionSkin/Classes/Hyperpigmentation/256_left_png.rf.04557397965924cd49d1d68b05134527.jpg,partial_face,validation,256_left_png,pseudo-label + correct (validation),True,Hyperpigmentation,True,True
melasma28_jpg.rf.af8ecddd92b4fcfcc5cac70cee2657e9.jpg,C:/Users/Bautista/Downloads/PrecisionSkin/Classes/Hyperpigmentation/melasma28_jpg.rf.af8ecddd92b4fcfcc5cac70cee2657e9.jpg,full_face,validation,melasma28_jpg,pseudo-label + correct (validation),True,Hyperpigmentation,True,True
145_jpg.rf.3d1496031188c3f7afa71c8c20a0d230.jpg,C:/Users/Bautista/Downloads/PrecisionSkin/Classes/Hyperpigmentation/145_jpg.rf.3d1496031188c3f7afa71c8c20a0d230.jpg,partial_face,validation,145_jpg,pseudo-label + correct (validation),True,Hyperpigmentation,True,True
116_left_png.rf.ea2dc0c431b0a3860c5c39c618b52b48.jpg,C:/Users/Bautista/Downloads/PrecisionSkin/Classes/Hyperpigmentation/116_left_png.rf.ea2dc0c431b0a3860c5c39c618b52b48.jpg,partial_face,validation,116_left_png,pseudo-label + correct (validation),False,,True,True
melasma51_png_jpg.rf.a7f559ee444f030e34c002cd74520549.jpg,C:/Users/Bautista/Downloads/PrecisionSkin/Classes/Hyperpigmentation/melasma51_png_jpg.rf.a7f559ee444f030e34c002cd74520549.jpg,full_face,validation,melasma51_png_jpg,pseudo-label + correct (validation),True,Hyperpigmentation,True,True
9d786d72-fcfd-426d-b40b-5af6decf4362.jpg,C:/Users/Bautista/Downloads/PrecisionSkin/Classes/Hyperpigmentation/9d786d72-fcfd-426d-b40b-5af6decf4362.jpg,close_up_facial,validation,9d786d72-fcfd-426d-b40b-5af6decf4362.jpg,pseudo-label + correct (validation),False,,False,False
aug_0_4894.jpg,C:/Users/Bautista/Downloads/PrecisionSkin/Classes/Hyperpigmentation/aug_0_4894.jpg,partial_face,validation,aug_0_4894.jpg,pseudo-label + correct (validation),False,,False,False
melasma54_png_jpg.rf.23664c057acfd10d0e46d2b1f2e07cf8.jpg,C:/Users/Bautista/Downloads/PrecisionSkin/Classes/Hyperpigmentation/melasma54_png_jpg.rf.23664c057acfd10d0e46d2b1f2e07cf8.jpg,full_face,validation,melasma54_png_jpg,pseudo-label + correct (validation),False,,True,True
melasma27_jpg.rf.a557b953916830e103c7be84e00aed9c.jpg,C:/Users/Bautista/Downloads/PrecisionSkin/Classes/Hyperpigmentation/melasma27_jpg.rf.a557b953916830e103c7be84e00aed9c.jpg,full_face,validation,melasma27_jpg,pseudo-label + correct (validation),False,,True,True
melasma29_jpg.rf.431eef9bd2ff9f757f417475b0d6b6c5.jpg,C:/Users/Bautista/Downloads/PrecisionSkin/Classes/Hyperpigmentation/melasma29_jpg.rf.431eef9bd2ff9f757f417475b0d6b6c5.jpg,full_face,validation,melasma29_jpg,pseudo-label + correct (validation),True,Hyperpigmentation,True,True
273_left_png.rf.7cbb6b6a7e0542d21913c70b15039d5d.jpg,C:/Users/Bautista/Downloads/PrecisionSkin/Classes/Hyperpigmentation/273_left_png.rf.7cbb6b6a7e0542d21913c70b15039d5d.jpg,close_up_facial,validation,273_left_png,pseudo-label + correct (validation),False,,True,True
fla-33-_JPG.rf.c6c89f0049d42cb730cfd77c66f39da0.jpg,C:/Users/Bautista/Downloads/PrecisionSkin/Classes/Hyperpigmentation/fla-33-_JPG.rf.c6c89f0049d42cb730cfd77c66f39da0.jpg,partial_face,validation,fla-33-_jpg,pseudo-label + correct (validation),True,Hyperpigmentation,True,True
aug_0_3993.jpg,C:/Users/Bautista/Downloads/PrecisionSkin/Classes/Hyperpigmentation/aug_0_3993.jpg,close_up_facial,validation,aug_0_3993.jpg,pseudo-label + correct (validation),False,,False,False
68c42e9c-5bc4-4469-a60c-000353f8c054_jpg.rf.1078e4aee13c23ed213733b34fb072aa.jpg,C:/Users/Bautista/Downloads/PrecisionSkin/Classes/Hyperpigmentation/68c42e9c-5bc4-4469-a60c-000353f8c054_jpg.rf.1078e4aee13c23ed213733b34fb072aa.jpg,partial_face,validation,68c42e9c-5bc4-4469-a60c-000353f8c054_jpg,pseudo-label + correct (validation),False,,False,False
image-21_jpg.rf.bc4de241e1bea3ec020c9177ef1f2066.jpg,C:/Users/Bautista/Downloads/PrecisionSkin/Classes/Hyperpigmentation/image-21_jpg.rf.bc4de241e1bea3ec020c9177ef1f2066.jpg,partial_face,test,image-21_jpg,HAND-BOX ONLY (detector test set),True,Hyperpigmentation,True,True
172_left_png.rf.5d9a25cb9b0611948f6451627db88846.jpg,C:/Users/Bautista/Downloads/PrecisionSkin/Classes/Hyperpigmentation/172_left_png.rf.5d9a25cb9b0611948f6451627db88846.jpg,close_up_facial,test,172_left_png,HAND-BOX ONLY (detector test set),True,Hyperpigmentation,True,True
60293a66-e96e-41fc-b34b-77d2822d59d4_jpg.rf.31b1c9468733e5cc31152317499310cd.jpg,C:/Users/Bautista/Downloads/PrecisionSkin/Classes/Hyperpigmentation/60293a66-e96e-41fc-b34b-77d2822d59d4_jpg.rf.31b1c9468733e5cc31152317499310cd.jpg,close_up_facial,test,60293a66-e96e-41fc-b34b-77d2822d59d4_jpg,HAND-BOX ONLY (detector test set),False,,False,False
aug_0_958.jpg,C:/Users/Bautista/Downloads/PrecisionSkin/Classes/Hyperpigmentation/aug_0_958.jpg,partial_face,test,aug_0_958.jpg,HAND-BOX ONLY (detector test set),False,,False,False
aug_0_5798.jpg,C:/Users/Bautista/Downloads/PrecisionSkin/Classes/Hyperpigmentation/aug_0_5798.jpg,partial_face,test,aug_0_5798.jpg,HAND-BOX ONLY (detector test set),False,,False,False
498e89f1-425d-4e0c-9d45-3b220d62861f.jpg,C:/Users/Bautista/Downloads/PrecisionSkin/Classes/Hyperpigmentation/498e89f1-425d-4e0c-9d45-3b220d62861f.jpg,close_up_facial,test,498e89f1-425d-4e0c-9d45-3b220d62861f.jpg,HAND-BOX ONLY (detector test set),True,Hyperpigmentation,True,True
melasma27_jpg.rf.a1adc0d90fab812187fdfcb897ae3a4a.jpg,C:/Users/Bautista/Downloads/PrecisionSkin/Classes/Hyperpigmentation/melasma27_jpg.rf.a1adc0d90fab812187fdfcb897ae3a4a.jpg,full_face,test,melasma27_jpg,HAND-BOX ONLY (detector test set),True,Hyperpigmentation,True,True
85.jpg,C:/Users/Bautista/Downloads/PrecisionSkin/Classes/Hyperpigmentation/85.jpg,close_up_facial,test,85.jpg,HAND-BOX ONLY (detector test set),False,,True,True
image-38_jpg.rf.23a88bed6bc0ac2bc4e6eb7e48c38993.jpg,C:/Users/Bautista/Downloads/PrecisionSkin/Classes/Hyperpigmentation/image-38_jpg.rf.23a88bed6bc0ac2bc4e6eb7e48c38993.jpg,close_up_facial,test,image-38_jpg,HAND-BOX ONLY (detector test set),True,Hyperpigmentation,True,True
melasma53_png_jpg.rf.4f26a81779ca36d316cb91245222e9a9.jpg,C:/Users/Bautista/Downloads/PrecisionSkin/Classes/Hyperpigmentation/melasma53_png_jpg.rf.4f26a81779ca36d316cb91245222e9a9.jpg,full_face,test,melasma53_png_jpg,HAND-BOX ONLY (detector test set),False,,True,True
aug_0_8637.jpg,C:/Users/Bautista/Downloads/PrecisionSkin/Classes/Hyperpigmentation/aug_0_8637.jpg,close_up_facial,test,aug_0_8637.jpg,HAND-BOX ONLY (detector test set),False,,False,False
aug_0_9245.jpg,C:/Users/Bautista/Downloads/PrecisionSkin/Classes/Hyperpigmentation/aug_0_9245.jpg,partial_face,test,aug_0_9245.jpg,HAND-BOX ONLY (detector test set),False,,False,False
38_jpg.rf.f8bdf6f5fbe6ceaa5243ee2decc5e32a.jpg,C:/Users/Bautista/Downloads/PrecisionSkin/Classes/Hyperpigmentation/38_jpg.rf.f8bdf6f5fbe6ceaa5243ee2decc5e32a.jpg,close_up_facial,test,38_jpg,HAND-BOX ONLY (detector test set),False,,False,False
aug_0_1473.jpg,C:/Users/Bautista/Downloads/PrecisionSkin/Classes/Hyperpigmentation/aug_0_1473.jpg,partial_face,test,aug_0_1473.jpg,HAND-BOX ONLY (detector test set),False,,False,False
Copy-of-melasma20_jpg.rf.a779ac8e33b19b3909a0f66f1b3731bf.jpg,C:/Users/Bautista/Downloads/PrecisionSkin/Classes/Hyperpigmentation/Copy-of-melasma20_jpg.rf.a779ac8e33b19b3909a0f66f1b3731bf.jpg,partial_face,test,copy-of-melasma20_jpg,HAND-BOX ONLY (detector test set),True,Hyperpigmentation,True,True
melasma49_jpg.rf.9ce28cab27e6606ce9d55a881f8bcc98.jpg,C:/Users/Bautista/Downloads/PrecisionSkin/Classes/Hyperpigmentation/melasma49_jpg.rf.9ce28cab27e6606ce9d55a881f8bcc98.jpg,full_face,test,melasma49_jpg,HAND-BOX ONLY (detector test set),True,Hyperpigmentation,True,True
image-108_jpg.rf.5b22111d3f2be077346d543977263fe0.jpg,C:/Users/Bautista/Downloads/PrecisionSkin/Classes/Hyperpigmentation/image-108_jpg.rf.5b22111d3f2be077346d543977263fe0.jpg,partial_face,test,image-108_jpg,HAND-BOX ONLY (detector test set),True,Hyperpigmentation,True,True
158_left_png.rf.293c54776890a4640f8bc4d6433a0763.jpg,C:/Users/Bautista/Downloads/PrecisionSkin/Classes/Hyperpigmentation/158_left_png.rf.293c54776890a4640f8bc4d6433a0763.jpg,partial_face,test,158_left_png,HAND-BOX ONLY (detector test set),False,,True,True
3146__ProtectWyJQcm90ZWN0Il0_FocusFillWzI5NCwyMjIsIngiLDFd_jpeg_jpg.rf.430194fe145b47b054a438eace360885.jpg,C:/Users/Bautista/Downloads/PrecisionSkin/Classes/Hyperpigmentation/3146__ProtectWyJQcm90ZWN0Il0_FocusFillWzI5NCwyMjIsIngiLDFd_jpeg_jpg.rf.430194fe145b47b054a438eace360885.jpg,close_up_facial,test,3146__protectwyjqcm90zwn0il0_focusfillwzi5ncwymjisingildfd_jpeg_jpg,HAND-BOX ONLY (detector test set),True,Hyperpigmentation,True,True
2b5b6032-b30d-4e88-a888-81aa8b7cd480.jpg,C:/Users/Bautista/Downloads/PrecisionSkin/Classes/Hyperpigmentation/2b5b6032-b30d-4e88-a888-81aa8b7cd480.jpg,partial_face,test,2b5b6032-b30d-4e88-a888-81aa8b7cd480.jpg,HAND-BOX ONLY (detector test set),True,Hyperpigmentation,True,True
12_left_png.rf.3b67ea964dfab65a5360a2d18ca8fc35.jpg,C:/Users/Bautista/Downloads/PrecisionSkin/Classes/Hyperpigmentation/12_left_png.rf.3b67ea964dfab65a5360a2d18ca8fc35.jpg,partial_face,test,12_left_png,HAND-BOX ONLY (detector test set),True,Hyperpigmentation,True,True
67_left_png.rf.26e7dc7cbb4ca311e68e36070edab46e.jpg,C:/Users/Bautista/Downloads/PrecisionSkin/Classes/Hyperpigmentation/67_left_png.rf.26e7dc7cbb4ca311e68e36070edab46e.jpg,close_up_facial,test,67_left_png,HAND-BOX ONLY (detector test set),True,Hyperpigmentation,True,True
melasma28_jpg.rf.ac94242283979d1f5b5bef0369a1e7c0.jpg,C:/Users/Bautista/Downloads/PrecisionSkin/Classes/Hyperpigmentation/melasma28_jpg.rf.ac94242283979d1f5b5bef0369a1e7c0.jpg,full_face,test,melasma28_jpg,HAND-BOX ONLY (detector test set),True,Hyperpigmentation,True,True
melasma50_png_jpg.rf.528d6112bd2461d5bab9a6bd0a8a9bb3.jpg,C:/Users/Bautista/Downloads/PrecisionSkin/Classes/Hyperpigmentation/melasma50_png_jpg.rf.528d6112bd2461d5bab9a6bd0a8a9bb3.jpg,close_up_facial,test,melasma50_png_jpg,HAND-BOX ONLY (detector test set),True,Hyperpigmentation,True,True
146_jpg.rf.d02436b112f5f19d48e1c9dc0db576a9.jpg,C:/Users/Bautista/Downloads/PrecisionSkin/Classes/Hyperpigmentation/146_jpg.rf.d02436b112f5f19d48e1c9dc0db576a9.jpg,partial_face,test,146_jpg,HAND-BOX ONLY (detector test set),False,,True,True
aug_0_6358.jpg,C:/Users/Bautista/Downloads/PrecisionSkin/Classes/Hyperpigmentation/aug_0_6358.jpg,partial_face,test,aug_0_6358.jpg,HAND-BOX ONLY (detector test set),False,,False,False
image-11-1-_jpg.rf.fd4821f58b927c8d8caece74091ef286.jpg,C:/Users/Bautista/Downloads/PrecisionSkin/Classes/Hyperpigmentation/image-11-1-_jpg.rf.fd4821f58b927c8d8caece74091ef286.jpg,partial_face,test,image-11-1-_jpg,HAND-BOX ONLY (detector test set),True,Hyperpigmentation,True,True
5848657d-7411-4b5a-919d-925d5f03a33d.jpg,C:/Users/Bautista/Downloads/PrecisionSkin/Classes/Hyperpigmentation/5848657d-7411-4b5a-919d-925d5f03a33d.jpg,partial_face,test,5848657d-7411-4b5a-919d-925d5f03a33d.jpg,HAND-BOX ONLY (detector test set),False,,False,False
melasma-40_jpg.rf.2e01f64169aa5d35165c236366c7fcf3.jpg,C:/Users/Bautista/Downloads/PrecisionSkin/Classes/Hyperpigmentation/melasma-40_jpg.rf.2e01f64169aa5d35165c236366c7fcf3.jpg,partial_face,test,melasma-40_jpg,HAND-BOX ONLY (detector test set),False,,True,True
fla-67-_JPG.rf.81b8fb197a7015ce9074d064c81141bd.jpg,C:/Users/Bautista/Downloads/PrecisionSkin/Classes/Hyperpigmentation/fla-67-_JPG.rf.81b8fb197a7015ce9074d064c81141bd.jpg,partial_face,test,fla-67-_jpg,HAND-BOX ONLY (detector test set),False,,True,True
55.jpg,C:/Users/Bautista/Downloads/PrecisionSkin/Classes/Hyperpigmentation/55.jpg,close_up_facial,test,55.jpg,HAND-BOX ONLY (detector test set),False,,True,True
Melasma25_jpg.rf.30f06df565288f3011d1c75a208f95b6.jpg,C:/Users/Bautista/Downloads/PrecisionSkin/Classes/Hyperpigmentation/Melasma25_jpg.rf.30f06df565288f3011d1c75a208f95b6.jpg,full_face,test,melasma25_jpg,HAND-BOX ONLY (detector test set),False,,True,True
flan-3-_jpg.rf.a4e934fd82885d109f68d1083568fa5d.jpg,C:/Users/Bautista/Downloads/PrecisionSkin/Classes/Hyperpigmentation/flan-3-_jpg.rf.a4e934fd82885d109f68d1083568fa5d.jpg,partial_face,test,flan-3-_jpg,HAND-BOX ONLY (detector test set),True,Hyperpigmentation,True,True
aug_0_1375.jpg,C:/Users/Bautista/Downloads/PrecisionSkin/Classes/Hyperpigmentation/aug_0_1375.jpg,partial_face,test,aug_0_1375.jpg,HAND-BOX ONLY (detector test set),False,,False,False
aug_0_3699.jpg,C:/Users/Bautista/Downloads/PrecisionSkin/Classes/Hyperpigmentation/aug_0_3699.jpg,partial_face,test,aug_0_3699.jpg,HAND-BOX ONLY (detector test set),False,,False,False
melasma41_jpg.rf.71d80be0084373d498bdde1b99924acf.jpg,C:/Users/Bautista/Downloads/PrecisionSkin/Classes/Hyperpigmentation/melasma41_jpg.rf.71d80be0084373d498bdde1b99924acf.jpg,partial_face,test,melasma41_jpg,HAND-BOX ONLY (detector test set),False,,True,True
Copy-of-melasma46_jpg.rf.2ca278900d969ca6e907749e23b9010e.jpg,C:/Users/Bautista/Downloads/PrecisionSkin/Classes/Hyperpigmentation/Copy-of-melasma46_jpg.rf.2ca278900d969ca6e907749e23b9010e.jpg,full_face,test,copy-of-melasma46_jpg,HAND-BOX ONLY (detector test set),True,Hyperpigmentation,True,True
135_jpg.rf.a3272f58f6476b3d3f8ef5be7513ef2f.jpg,C:/Users/Bautista/Downloads/PrecisionSkin/Classes/Hyperpigmentation/135_jpg.rf.a3272f58f6476b3d3f8ef5be7513ef2f.jpg,partial_face,test,135_jpg,HAND-BOX ONLY (detector test set),True,Hyperpigmentation,True,True
melasma58_png_jpg.rf.19f8abab6b7f34ab74ff9843c0f015ca.jpg,C:/Users/Bautista/Downloads/PrecisionSkin/Classes/Hyperpigmentation/melasma58_png_jpg.rf.19f8abab6b7f34ab74ff9843c0f015ca.jpg,full_face,test,melasma58_png_jpg,HAND-BOX ONLY (detector test set),False,,True,True
melasma53_png_jpg.rf.a6d8fec174dfd2c7695f598a6115989c.jpg,C:/Users/Bautista/Downloads/PrecisionSkin/Classes/Hyperpigmentation/melasma53_png_jpg.rf.a6d8fec174dfd2c7695f598a6115989c.jpg,full_face,test,melasma53_png_jpg,HAND-BOX ONLY (detector test set),False,,True,True
melasma55_png_jpg.rf.9835cdc7b4c86f2c4a1d9a8f0fd412c3.jpg,C:/Users/Bautista/Downloads/PrecisionSkin/Classes/Hyperpigmentation/melasma55_png_jpg.rf.9835cdc7b4c86f2c4a1d9a8f0fd412c3.jpg,full_face,test,melasma55_png_jpg,HAND-BOX ONLY (detector test set),False,,True,True
2b5b6032-b30d-4e88-a888-81aa8b7cd480_jpg.rf.e71cc448aa201519e8599c36d7f1298a.jpg,C:/Users/Bautista/Downloads/PrecisionSkin/Classes/Hyperpigmentation/2b5b6032-b30d-4e88-a888-81aa8b7cd480_jpg.rf.e71cc448aa201519e8599c36d7f1298a.jpg,partial_face,test,2b5b6032-b30d-4e88-a888-81aa8b7cd480_jpg,HAND-BOX ONLY (detector test set),True,Hyperpigmentation,True,True
melasma9_jpg.rf.e591776dd00a95274c01fd2dff4fb7d6.jpg,C:/Users/Bautista/Downloads/PrecisionSkin/Classes/Hyperpigmentation/melasma9_jpg.rf.e591776dd00a95274c01fd2dff4fb7d6.jpg,close_up_facial,test,melasma9_jpg,HAND-BOX ONLY (detector test set),True,Hyperpigmentation,True,True
8156d885-5dd2-4cd4-9a2a-c52d5982fd53.jpg,C:/Users/Bautista/Downloads/PrecisionSkin/Classes/Hyperpigmentation/8156d885-5dd2-4cd4-9a2a-c52d5982fd53.jpg,partial_face,test,8156d885-5dd2-4cd4-9a2a-c52d5982fd53.jpg,HAND-BOX ONLY (detector test set),False,,False,False
aug_0_29.jpg,C:/Users/Bautista/Downloads/PrecisionSkin/Classes/Hyperpigmentation/aug_0_29.jpg,close_up_facial,test,aug_0_29.jpg,HAND-BOX ONLY (detector test set),False,,False,False
acne-115_jpeg_jpg.rf.4fb9a782b0d4ffaa0b84bbc924ae8d8e.jpg,C:/Users/Bautista/Downloads/PrecisionSkin/Classes/Hyperpigmentation/acne-115_jpeg_jpg.rf.4fb9a782b0d4ffaa0b84bbc924ae8d8e.jpg,close_up_facial,test,acne-115_jpeg_jpg,HAND-BOX ONLY (detector test set),True,Acne,True,True
43.jpg,C:/Users/Bautista/Downloads/PrecisionSkin/Classes/Hyperpigmentation/43.jpg,partial_face,test,43.jpg,HAND-BOX ONLY (detector test set),False,,True,True
image-32-1-_jpg.rf.3ed3e6dbde027fc56d0aa685b30b159c.jpg,C:/Users/Bautista/Downloads/PrecisionSkin/Classes/Hyperpigmentation/image-32-1-_jpg.rf.3ed3e6dbde027fc56d0aa685b30b159c.jpg,partial_face,test,image-32-1-_jpg,HAND-BOX ONLY (detector test set),True,Hyperpigmentation,True,True
melasma29_jpg.rf.b05bdcbb2d0948758fd461edfe537702.jpg,C:/Users/Bautista/Downloads/PrecisionSkin/Classes/Hyperpigmentation/melasma29_jpg.rf.b05bdcbb2d0948758fd461edfe537702.jpg,full_face,test,melasma29_jpg,HAND-BOX ONLY (detector test set),True,Hyperpigmentation,True,True
140_jpg.rf.b7abaf2b7b2ab72b2a10365f41e5c8ec.jpg,C:/Users/Bautista/Downloads/PrecisionSkin/Classes/Hyperpigmentation/140_jpg.rf.b7abaf2b7b2ab72b2a10365f41e5c8ec.jpg,partial_face,test,140_jpg,HAND-BOX ONLY (detector test set),True,Hyperpigmentation,True,True
melasma27_jpg.rf.668aad0f025bd186e491d0797f4b3fbf.jpg,C:/Users/Bautista/Downloads/PrecisionSkin/Classes/Hyperpigmentation/melasma27_jpg.rf.668aad0f025bd186e491d0797f4b3fbf.jpg,full_face,test,melasma27_jpg,HAND-BOX ONLY (detector test set),True,Hyperpigmentation,True,True
aug_0_375.jpg,C:/Users/Bautista/Downloads/PrecisionSkin/Classes/Hyperpigmentation/aug_0_375.jpg,partial_face,test,aug_0_375.jpg,HAND-BOX ONLY (detector test set),False,,False,False
a7d19b86-5eb2-4cd0-8f64-a11bfccf69db_jpg.rf.dc672a1af38c6b93c5e60a1c37807d62.jpg,C:/Users/Bautista/Downloads/PrecisionSkin/Classes/Hyperpigmentation/a7d19b86-5eb2-4cd0-8f64-a11bfccf69db_jpg.rf.dc672a1af38c6b93c5e60a1c37807d62.jpg,partial_face,test,a7d19b86-5eb2-4cd0-8f64-a11bfccf69db_jpg,HAND-BOX ONLY (detector test set),True,Hyperpigmentation,False,True
freckles-164-_jpg.rf.f958dec202e400d2f0fccd3c89a66efb.jpg,C:/Users/Bautista/Downloads/PrecisionSkin/Classes/Hyperpigmentation/freckles-164-_jpg.rf.f958dec202e400d2f0fccd3c89a66efb.jpg,full_face,test,freckles-164-_jpg,HAND-BOX ONLY (detector test set),True,Hyperpigmentation,True,True
image-25-1-_jpg.rf.1e2406abd4cd5b10ce7778791b4f3025.jpg,C:/Users/Bautista/Downloads/PrecisionSkin/Classes/Hyperpigmentation/image-25-1-_jpg.rf.1e2406abd4cd5b10ce7778791b4f3025.jpg,close_up_facial,test,image-25-1-_jpg,HAND-BOX ONLY (detector test set),True,Hyperpigmentation,True,True
101_jpg.rf.f1ebd97364384862e948227bfed13513.jpg,C:/Users/Bautista/Downloads/PrecisionSkin/Classes/Hyperpigmentation/101_jpg.rf.f1ebd97364384862e948227bfed13513.jpg,partial_face,test,101_jpg,HAND-BOX ONLY (detector test set),False,,False,False
fla-89-_jpg.rf.425997b69a6347deca7897360ca3604b.jpg,C:/Users/Bautista/Downloads/PrecisionSkin/Classes/Hyperpigmentation/fla-89-_jpg.rf.425997b69a6347deca7897360ca3604b.jpg,close_up_facial,test,fla-89-_jpg,HAND-BOX ONLY (detector test set),True,Hyperpigmentation,True,True
image-47_jpg.rf.d8a19a2bfcc151ecb37d7c186f30267b.jpg,C:/Users/Bautista/Downloads/PrecisionSkin/Classes/Hyperpigmentation/image-47_jpg.rf.d8a19a2bfcc151ecb37d7c186f30267b.jpg,partial_face,test,image-47_jpg,HAND-BOX ONLY (detector test set),True,Hyperpigmentation,True,True
melasm73_png.rf.7522855e48d12e50574132abfbd7f342.jpg,C:/Users/Bautista/Downloads/PrecisionSkin/Classes/Hyperpigmentation/melasm73_png.rf.7522855e48d12e50574132abfbd7f342.jpg,close_up_facial,test,melasm73_png,HAND-BOX ONLY (detector test set),True,Hyperpigmentation,True,True
flnv1-4-_jpg.rf.d8da3cd0579d7ccddef50405ec2fccab.jpg,C:/Users/Bautista/Downloads/PrecisionSkin/Classes/Hyperpigmentation/flnv1-4-_jpg.rf.d8da3cd0579d7ccddef50405ec2fccab.jpg,partial_face,test,flnv1-4-_jpg,HAND-BOX ONLY (detector test set),True,Hyperpigmentation,True,True
47_jpg.rf.3fa0e0a78917acf7d9d95a54f0b153c7.jpg,C:/Users/Bautista/Downloads/PrecisionSkin/Classes/Hyperpigmentation/47_jpg.rf.3fa0e0a78917acf7d9d95a54f0b153c7.jpg,partial_face,test,47_jpg,HAND-BOX ONLY (detector test set),False,,True,True
image-37-1-_jpg.rf.6fe16a8b635c6affa81ec10b85ae2ec5.jpg,C:/Users/Bautista/Downloads/PrecisionSkin/Classes/Hyperpigmentation/image-37-1-_jpg.rf.6fe16a8b635c6affa81ec10b85ae2ec5.jpg,partial_face,test,image-37-1-_jpg,HAND-BOX ONLY (detector test set),True,Hyperpigmentation,True,True
freckles-267-_jpg.rf.69f3c107dc7d45b51c22847f43997307.jpg,C:/Users/Bautista/Downloads/PrecisionSkin/Classes/Hyperpigmentation/freckles-267-_jpg.rf.69f3c107dc7d45b51c22847f43997307.jpg,partial_face,test,freckles-267-_jpg,HAND-BOX ONLY (detector test set),False,,False,False
aug_0_5309.jpg,C:/Users/Bautista/Downloads/PrecisionSkin/Classes/Hyperpigmentation/aug_0_5309.jpg,partial_face,test,aug_0_5309.jpg,HAND-BOX ONLY (detector test set),False,,False,False
29_jpg.rf.72d7fa2ede032d644eda46af0b3e5aef.jpg,C:/Users/Bautista/Downloads/PrecisionSkin/Classes/Hyperpigmentation/29_jpg.rf.72d7fa2ede032d644eda46af0b3e5aef.jpg,partial_face,test,29_jpg,HAND-BOX ONLY (detector test set),True,Hyperpigmentation,True,True
image-22_jpg.rf.0d7d5d1de1ebda89ca7d7d30ee02b68e.jpg,C:/Users/Bautista/Downloads/PrecisionSkin/Classes/Hyperpigmentation/image-22_jpg.rf.0d7d5d1de1ebda89ca7d7d30ee02b68e.jpg,full_face,test,image-22_jpg,HAND-BOX ONLY (detector test set),True,Hyperpigmentation,True,True
aug_0_9971.jpg,C:/Users/Bautista/Downloads/PrecisionSkin/Classes/Hyperpigmentation/aug_0_9971.jpg,partial_face,test,aug_0_9971.jpg,HAND-BOX ONLY (detector test set),False,,False,False
Copy-of-melasma18_jpg.rf.7393fb44d7b441395c06048fc65a90e6.jpg,C:/Users/Bautista/Downloads/PrecisionSkin/Classes/Hyperpigmentation/Copy-of-melasma18_jpg.rf.7393fb44d7b441395c06048fc65a90e6.jpg,close_up_facial,test,copy-of-melasma18_jpg,HAND-BOX ONLY (detector test set),True,Hyperpigmentation,True,True
phototoxic-reactions-4_jpg.rf.6dd2ae5a4dfca881f3924f12a22845f0.jpg,C:/Users/Bautista/Downloads/PrecisionSkin/Classes/Hyperpigmentation/phototoxic-reactions-4_jpg.rf.6dd2ae5a4dfca881f3924f12a22845f0.jpg,full_face,test,phototoxic-reactions-4_jpg,HAND-BOX ONLY (detector test set),False,,False,False
fla-45-_JPG.rf.ffbfd7bc2961efd94f7fc4928cc54a1d.jpg,C:/Users/Bautista/Downloads/PrecisionSkin/Classes/Hyperpigmentation/fla-45-_JPG.rf.ffbfd7bc2961efd94f7fc4928cc54a1d.jpg,partial_face,test,fla-45-_jpg,HAND-BOX ONLY (detector test set),False,,True,True
aug_0_3440.jpg,C:/Users/Bautista/Downloads/PrecisionSkin/Classes/Hyperpigmentation/aug_0_3440.jpg,partial_face,test,aug_0_3440.jpg,HAND-BOX ONLY (detector test set),False,,False,False
m29_jpg.rf.282f803b1fadc87810ffb55e900eec9f.jpg,C:/Users/Bautista/Downloads/PrecisionSkin/Classes/Hyperpigmentation/m29_jpg.rf.282f803b1fadc87810ffb55e900eec9f.jpg,full_face,test,m29_jpg,HAND-BOX ONLY (detector test set),False,,True,True
f8ee8c3c-0962-42c2-a631-9fbde66ddea7_jpg.rf.393532070707208e87bf13dd454c729b.jpg,C:/Users/Bautista/Downloads/PrecisionSkin/Classes/Hyperpigmentation/f8ee8c3c-0962-42c2-a631-9fbde66ddea7_jpg.rf.393532070707208e87bf13dd454c729b.jpg,partial_face,test,f8ee8c3c-0962-42c2-a631-9fbde66ddea7_jpg,HAND-BOX ONLY (detector test set),False,,False,False
102_jpg.rf.4eb3c0cb0f5a8d63c546c21f395e8b8b.jpg,C:/Users/Bautista/Downloads/PrecisionSkin/Classes/Hyperpigmentation/102_jpg.rf.4eb3c0cb0f5a8d63c546c21f395e8b8b.jpg,close_up_facial,test,102_jpg,HAND-BOX ONLY (detector test set),False,,True,True
image-16_jpg.rf.587cf482ae68e5495a2b1958c1c48fbc.jpg,C:/Users/Bautista/Downloads/PrecisionSkin/Classes/Hyperpigmentation/image-16_jpg.rf.587cf482ae68e5495a2b1958c1c48fbc.jpg,partial_face,test,image-16_jpg,HAND-BOX ONLY (detector test set),True,Hyperpigmentation,True,True
b95a81a8-5497-4996-a7f0-4283fba79042.jpg,C:/Users/Bautista/Downloads/PrecisionSkin/Classes/Hyperpigmentation/b95a81a8-5497-4996-a7f0-4283fba79042.jpg,partial_face,test,b95a81a8-5497-4996-a7f0-4283fba79042.jpg,HAND-BOX ONLY (detector test set),False,,False,False
image-89-1-_jpg.rf.44d0c9a45c87206f097f58763c6f28c5.jpg,C:/Users/Bautista/Downloads/PrecisionSkin/Classes/Hyperpigmentation/image-89-1-_jpg.rf.44d0c9a45c87206f097f58763c6f28c5.jpg,partial_face,test,image-89-1-_jpg,HAND-BOX ONLY (detector test set),True,Hyperpigmentation,True,True
120_jpg.rf.c7dc1031838cd96745b93d6b58db05fb.jpg,C:/Users/Bautista/Downloads/PrecisionSkin/Classes/Hyperpigmentation/120_jpg.rf.c7dc1031838cd96745b93d6b58db05fb.jpg,partial_face,test,120_jpg,HAND-BOX ONLY (detector test set),False,,True,True
555cfe73-d04b-4048-9f4a-8ff52d9d3f4b.jpg,C:/Users/Bautista/Downloads/PrecisionSkin/Classes/Hyperpigmentation/555cfe73-d04b-4048-9f4a-8ff52d9d3f4b.jpg,close_up_facial,test,555cfe73-d04b-4048-9f4a-8ff52d9d3f4b.jpg,HAND-BOX ONLY (detector test set),False,,False,False
melasma56_png_jpg.rf.9d51a60e8c89cc6d926d5091a026af20.jpg,C:/Users/Bautista/Downloads/PrecisionSkin/Classes/Hyperpigmentation/melasma56_png_jpg.rf.9d51a60e8c89cc6d926d5091a026af20.jpg,full_face,test,melasma56_png_jpg,HAND-BOX ONLY (detector test set),True,Hyperpigmentation,True,True
aug_0_8523.jpg,C:/Users/Bautista/Downloads/PrecisionSkin/Classes/Hyperpigmentation/aug_0_8523.jpg,partial_face,test,aug_0_8523.jpg,HAND-BOX ONLY (detector test set),False,,False,False
melasm73_png_jpg.rf.290ba163b902e73fd94e506ec11db84e.jpg,C:/Users/Bautista/Downloads/PrecisionSkin/Classes/Hyperpigmentation/melasm73_png_jpg.rf.290ba163b902e73fd94e506ec11db84e.jpg,close_up_facial,test,melasm73_png_jpg,HAND-BOX ONLY (detector test set),True,Hyperpigmentation,True,True
aug_0_7737.jpg,C:/Users/Bautista/Downloads/PrecisionSkin/Classes/Hyperpigmentation/aug_0_7737.jpg,partial_face,test,aug_0_7737.jpg,HAND-BOX ONLY (detector test set),False,,False,False
aug_0_8500.jpg,C:/Users/Bautista/Downloads/PrecisionSkin/Classes/Hyperpigmentation/aug_0_8500.jpg,partial_face,test,aug_0_8500.jpg,HAND-BOX ONLY (detector test set),False,,False,False
image-111_jpg.rf.fc08f302ed3c807eddee6dcefafd2fc4.jpg,C:/Users/Bautista/Downloads/PrecisionSkin/Classes/Hyperpigmentation/image-111_jpg.rf.fc08f302ed3c807eddee6dcefafd2fc4.jpg,close_up_facial,test,image-111_jpg,HAND-BOX ONLY (detector test set),True,Hyperpigmentation,True,True
melasma57_png_jpg.rf.a155cb469d6036f28a7c9071f6cba0b9.jpg,C:/Users/Bautista/Downloads/PrecisionSkin/Classes/Hyperpigmentation/melasma57_png_jpg.rf.a155cb469d6036f28a7c9071f6cba0b9.jpg,partial_face,test,melasma57_png_jpg,HAND-BOX ONLY (detector test set),False,,True,True
edee38c6-6337-4d84-92d7-56c25cbc1ad3.jpg,C:/Users/Bautista/Downloads/PrecisionSkin/Classes/Hyperpigmentation/edee38c6-6337-4d84-92d7-56c25cbc1ad3.jpg,full_face,test,edee38c6-6337-4d84-92d7-56c25cbc1ad3.jpg,HAND-BOX ONLY (detector test set),False,,False,False
image-24-1-_jpg.rf.4e942d61dbe51ee1118aaeb60f518f7d.jpg,C:/Users/Bautista/Downloads/PrecisionSkin/Classes/Hyperpigmentation/image-24-1-_jpg.rf.4e942d61dbe51ee1118aaeb60f518f7d.jpg,close_up_facial,test,image-24-1-_jpg,HAND-BOX ONLY (detector test set),True,Hyperpigmentation,True,True
melasma63_png_jpg.rf.2ea923d8abb3eb887cee52e6da7647df.jpg,C:/Users/Bautista/Downloads/PrecisionSkin/Classes/Hyperpigmentation/melasma63_png_jpg.rf.2ea923d8abb3eb887cee52e6da7647df.jpg,partial_face,test,melasma63_png_jpg,HAND-BOX ONLY (detector test set),True,Hyperpigmentation,True,True
aug_0_8221.jpg,C:/Users/Bautista/Downloads/PrecisionSkin/Classes/Hyperpigmentation/aug_0_8221.jpg,full_face,test,aug_0_8221.jpg,HAND-BOX ONLY (detector test set),False,,False,False
freckles-255-_jpg.rf.6bda9b088ab4f5044997e540a5a14d40.jpg,C:/Users/Bautista/Downloads/PrecisionSkin/Classes/Hyperpigmentation/freckles-255-_jpg.rf.6bda9b088ab4f5044997e540a5a14d40.jpg,partial_face,test,freckles-255-_jpg,HAND-BOX ONLY (detector test set),False,,True,True
18_jpg.rf.747f4eab3985dcfbec16befccc0790e9.jpg,C:/Users/Bautista/Downloads/PrecisionSkin/Classes/Hyperpigmentation/18_jpg.rf.747f4eab3985dcfbec16befccc0790e9.jpg,close_up_facial,test,18_jpg,HAND-BOX ONLY (detector test set),False,,True,True
melasma26_png.rf.6dd550d9dae8f1aa3e99da02658e5723.jpg,C:/Users/Bautista/Downloads/PrecisionSkin/Classes/Hyperpigmentation/melasma26_png.rf.6dd550d9dae8f1aa3e99da02658e5723.jpg,full_face,test,melasma26_png,HAND-BOX ONLY (detector test set),False,,True,True
image-84-1-_jpg.rf.f2a8aa3f508cdc1a1618dc6dc6049969.jpg,C:/Users/Bautista/Downloads/PrecisionSkin/Classes/Hyperpigmentation/image-84-1-_jpg.rf.f2a8aa3f508cdc1a1618dc6dc6049969.jpg,close_up_facial,test,image-84-1-_jpg,HAND-BOX ONLY (detector test set),True,Hyperpigmentation,True,True
fla-82-_JPG.rf.955a1604e6a9268995c4ea3014e25b28.jpg,C:/Users/Bautista/Downloads/PrecisionSkin/Classes/Hyperpigmentation/fla-82-_JPG.rf.955a1604e6a9268995c4ea3014e25b28.jpg,close_up_facial,test,fla-82-_jpg,HAND-BOX ONLY (detector test set),False,,True,True
aug_0_5115.jpg,C:/Users/Bautista/Downloads/PrecisionSkin/Classes/Hyperpigmentation/aug_0_5115.jpg,partial_face,test,aug_0_5115.jpg,HAND-BOX ONLY (detector test set),False,,False,False
24_jpg.rf.bacbef3a7c1a9a646f55b9734e531b82.jpg,C:/Users/Bautista/Downloads/PrecisionSkin/Classes/Hyperpigmentation/24_jpg.rf.bacbef3a7c1a9a646f55b9734e531b82.jpg,close_up_facial,test,24_jpg,HAND-BOX ONLY (detector test set),False,,False,False
m8_jpg.rf.4d8d1dd3f30c0e5979429ea544187b62.jpg,C:/Users/Bautista/Downloads/PrecisionSkin/Classes/Hyperpigmentation/m8_jpg.rf.4d8d1dd3f30c0e5979429ea544187b62.jpg,close_up_facial,test,m8_jpg,HAND-BOX ONLY (detector test set),False,,True,True
freckles-255-_jpg.rf.6e5249448e893c7e295f83a5bd081b5f.jpg,C:/Users/Bautista/Downloads/PrecisionSkin/Classes/Hyperpigmentation/freckles-255-_jpg.rf.6e5249448e893c7e295f83a5bd081b5f.jpg,full_face,test,freckles-255-_jpg,HAND-BOX ONLY (detector test set),False,,True,True
aug_0_6587.jpg,C:/Users/Bautista/Downloads/PrecisionSkin/Classes/Hyperpigmentation/aug_0_6587.jpg,close_up_facial,test,aug_0_6587.jpg,HAND-BOX ONLY (detector test set),False,,False,False
melasma24_jpg.rf.268a2b2ac128e306462b8af13e25be3f.jpg,C:/Users/Bautista/Downloads/PrecisionSkin/Classes/Hyperpigmentation/melasma24_jpg.rf.268a2b2ac128e306462b8af13e25be3f.jpg,partial_face,test,melasma24_jpg,HAND-BOX ONLY (detector test set),True,Hyperpigmentation,True,True
flan-1-_jpg.rf.1ea8ea7b3669348b52f6c3d879bfe935.jpg,C:/Users/Bautista/Downloads/PrecisionSkin/Classes/Hyperpigmentation/flan-1-_jpg.rf.1ea8ea7b3669348b52f6c3d879bfe935.jpg,partial_face,test,flan-1-_jpg,HAND-BOX ONLY (detector test set),True,Hyperpigmentation,True,True
9d1feedd-3b9b-4e3c-a2f8-d8f28be00a10.jpg,C:/Users/Bautista/Downloads/PrecisionSkin/Classes/Hyperpigmentation/9d1feedd-3b9b-4e3c-a2f8-d8f28be00a10.jpg,full_face,test,9d1feedd-3b9b-4e3c-a2f8-d8f28be00a10.jpg,HAND-BOX ONLY (detector test set),False,,False,False
aug_0_9680.jpg,C:/Users/Bautista/Downloads/PrecisionSkin/Classes/Hyperpigmentation/aug_0_9680.jpg,partial_face,test,aug_0_9680.jpg,HAND-BOX ONLY (detector test set),False,,False,False
6 (2).jpg,C:/Users/Bautista/Downloads/PrecisionSkin/Classes/Hyperpigmentation/6 (2).jpg,partial_face,test,6 (2).jpg,HAND-BOX ONLY (detector test set),False,,False,False
aug_0_8616.jpg,C:/Users/Bautista/Downloads/PrecisionSkin/Classes/Hyperpigmentation/aug_0_8616.jpg,partial_face,test,aug_0_8616.jpg,HAND-BOX ONLY (detector test set),False,,False,False
32d2d89f-a727-4c29-a43b-5560002d2387_jpg.rf.a9dd73543a4c140228346f3d2f39d548.jpg,C:/Users/Bautista/Downloads/PrecisionSkin/Classes/Hyperpigmentation/32d2d89f-a727-4c29-a43b-5560002d2387_jpg.rf.a9dd73543a4c140228346f3d2f39d548.jpg,close_up_facial,test,32d2d89f-a727-4c29-a43b-5560002d2387_jpg,HAND-BOX ONLY (detector test set),False,,False,False
image-89-1-_jpg.rf.71f5208b128bf3781a8feb18b1e752c1.jpg,C:/Users/Bautista/Downloads/PrecisionSkin/Classes/Hyperpigmentation/image-89-1-_jpg.rf.71f5208b128bf3781a8feb18b1e752c1.jpg,partial_face,test,image-89-1-_jpg,HAND-BOX ONLY (detector test set),True,Hyperpigmentation,True,True
aug_0_4392.jpg,C:/Users/Bautista/Downloads/PrecisionSkin/Classes/Hyperpigmentation/aug_0_4392.jpg,partial_face,test,aug_0_4392.jpg,HAND-BOX ONLY (detector test set),False,,False,False
106.jpg,C:/Users/Bautista/Downloads/PrecisionSkin/Classes/Hyperpigmentation/106.jpg,partial_face,test,106.jpg,HAND-BOX ONLY (detector test set),False,,True,True
aug_0_2385.jpg,C:/Users/Bautista/Downloads/PrecisionSkin/Classes/Hyperpigmentation/aug_0_2385.jpg,partial_face,test,aug_0_2385.jpg,HAND-BOX ONLY (detector test set),False,,False,False
fla-22-_JPG.rf.1728115d34a7ddec151be8f00856612b.jpg,C:/Users/Bautista/Downloads/PrecisionSkin/Classes/Hyperpigmentation/fla-22-_JPG.rf.1728115d34a7ddec151be8f00856612b.jpg,partial_face,test,fla-22-_jpg,HAND-BOX ONLY (detector test set),False,,True,True
aug_0_551.jpg,C:/Users/Bautista/Downloads/PrecisionSkin/Classes/Hyperpigmentation/aug_0_551.jpg,partial_face,test,aug_0_551.jpg,HAND-BOX ONLY (detector test set),False,,False,False
aug_0_3486.jpg,C:/Users/Bautista/Downloads/PrecisionSkin/Classes/Hyperpigmentation/aug_0_3486.jpg,partial_face,test,aug_0_3486.jpg,HAND-BOX ONLY (detector test set),False,,False,False
66_jpg.rf.061058fae7a53af202495165d1652f51.jpg,C:/Users/Bautista/Downloads/PrecisionSkin/Classes/Hyperpigmentation/66_jpg.rf.061058fae7a53af202495165d1652f51.jpg,partial_face,test,66_jpg,HAND-BOX ONLY (detector test set),False,,False,False
image-11-1-_jpg.rf.3652f2660874617bed32c8ca2908e4ed.jpg,C:/Users/Bautista/Downloads/PrecisionSkin/Classes/Hyperpigmentation/image-11-1-_jpg.rf.3652f2660874617bed32c8ca2908e4ed.jpg,close_up_facial,test,image-11-1-_jpg,HAND-BOX ONLY (detector test set),True,Hyperpigmentation,True,True
aug_0_5363.jpg,C:/Users/Bautista/Downloads/PrecisionSkin/Classes/Hyperpigmentation/aug_0_5363.jpg,partial_face,test,aug_0_5363.jpg,HAND-BOX ONLY (detector test set),False,,False,False
melasma54_png_jpg.rf.9153b8a7d4186db355429790666c1dfa.jpg,C:/Users/Bautista/Downloads/PrecisionSkin/Classes/Hyperpigmentation/melasma54_png_jpg.rf.9153b8a7d4186db355429790666c1dfa.jpg,partial_face,test,melasma54_png_jpg,HAND-BOX ONLY (detector test set),True,Hyperpigmentation,True,True
melasma55_png_jpg.rf.292a4a7ff7d6186c7c18090ce46b568e.jpg,C:/Users/Bautista/Downloads/PrecisionSkin/Classes/Hyperpigmentation/melasma55_png_jpg.rf.292a4a7ff7d6186c7c18090ce46b568e.jpg,full_face,test,melasma55_png_jpg,HAND-BOX ONLY (detector test set),False,,True,True
36_left_jpg.rf.e76e74915d93ec524f52e414019cf6fe.jpg,C:/Users/Bautista/Downloads/PrecisionSkin/Classes/Hyperpigmentation/36_left_jpg.rf.e76e74915d93ec524f52e414019cf6fe.jpg,close_up_facial,test,36_left_jpg,HAND-BOX ONLY (detector test set),True,Hyperpigmentation,True,True
rosacea_92_jpg.rf.bfcb3adc8abe43c391f15396ba868c12.jpg,C:/Users/Bautista/Downloads/PrecisionSkin/Classes/Hyperpigmentation/rosacea_92_jpg.rf.bfcb3adc8abe43c391f15396ba868c12.jpg,full_face,test,rosacea_92_jpg,HAND-BOX ONLY (detector test set),False,,False,False
aug_0_5107.jpg,C:/Users/Bautista/Downloads/PrecisionSkin/Classes/Hyperpigmentation/aug_0_5107.jpg,partial_face,test,aug_0_5107.jpg,HAND-BOX ONLY (detector test set),False,,False,False
aug_0_7393.jpg,C:/Users/Bautista/Downloads/PrecisionSkin/Classes/Hyperpigmentation/aug_0_7393.jpg,partial_face,test,aug_0_7393.jpg,HAND-BOX ONLY (detector test set),False,,False,False
aug_0_1908.jpg,C:/Users/Bautista/Downloads/PrecisionSkin/Classes/Hyperpigmentation/aug_0_1908.jpg,close_up_facial,test,aug_0_1908.jpg,HAND-BOX ONLY (detector test set),False,,False,False
8e418a01-44ff-455a-b44f-b6eac4042e9a.jpg,C:/Users/Bautista/Downloads/PrecisionSkin/Classes/Hyperpigmentation/8e418a01-44ff-455a-b44f-b6eac4042e9a.jpg,close_up_facial,test,8e418a01-44ff-455a-b44f-b6eac4042e9a.jpg,HAND-BOX ONLY (detector test set),False,,False,False
111_jpg.rf.933fd0add1ab4cc379ab3f3a3dc1e2d8.jpg,C:/Users/Bautista/Downloads/PrecisionSkin/Classes/Hyperpigmentation/111_jpg.rf.933fd0add1ab4cc379ab3f3a3dc1e2d8.jpg,partial_face,test,111_jpg,HAND-BOX ONLY (detector test set),True,Hyperpigmentation,True,True
flnv1-3-_jpg.rf.85f7c8bb4bfe78679f08c2917a20537a.jpg,C:/Users/Bautista/Downloads/PrecisionSkin/Classes/Hyperpigmentation/flnv1-3-_jpg.rf.85f7c8bb4bfe78679f08c2917a20537a.jpg,close_up_facial,test,flnv1-3-_jpg,HAND-BOX ONLY (detector test set),True,Hyperpigmentation,True,True
aug_0_988.jpg,C:/Users/Bautista/Downloads/PrecisionSkin/Classes/Hyperpigmentation/aug_0_988.jpg,partial_face,test,aug_0_988.jpg,HAND-BOX ONLY (detector test set),False,,False,False
melasma46_jpg.rf.a7a983099bc79601981f18850e28cd65.jpg,C:/Users/Bautista/Downloads/PrecisionSkin/Classes/Hyperpigmentation/melasma46_jpg.rf.a7a983099bc79601981f18850e28cd65.jpg,partial_face,test,melasma46_jpg,HAND-BOX ONLY (detector test set),True,Hyperpigmentation,True,True
137_jpg.rf.c5af8006c3ed53970e1d246f9183148f.jpg,C:/Users/Bautista/Downloads/PrecisionSkin/Classes/Hyperpigmentation/137_jpg.rf.c5af8006c3ed53970e1d246f9183148f.jpg,partial_face,test,137_jpg,HAND-BOX ONLY (detector test set),False,,True,True
image-67-1-_jpg.rf.163a29ca84a758f63961d1e875ceeb64.jpg,C:/Users/Bautista/Downloads/PrecisionSkin/Classes/Hyperpigmentation/image-67-1-_jpg.rf.163a29ca84a758f63961d1e875ceeb64.jpg,partial_face,test,image-67-1-_jpg,HAND-BOX ONLY (detector test set),True,Hyperpigmentation,True,True
290_left_png.rf.cca2100241cfaf80312d69e1d13d6251.jpg,C:/Users/Bautista/Downloads/PrecisionSkin/Classes/Hyperpigmentation/290_left_png.rf.cca2100241cfaf80312d69e1d13d6251.jpg,close_up_facial,test,290_left_png,HAND-BOX ONLY (detector test set),True,Hyperpigmentation,True,True
89_jpg.rf.c065fd4451a5265d4381f15506ef20b9.jpg,C:/Users/Bautista/Downloads/PrecisionSkin/Classes/Hyperpigmentation/89_jpg.rf.c065fd4451a5265d4381f15506ef20b9.jpg,close_up_facial,test,89_jpg,HAND-BOX ONLY (detector test set),False,,True,True
69731f1a-ff7b-45ae-880b-a0aaac6efda0.jpg,C:/Users/Bautista/Downloads/PrecisionSkin/Classes/Hyperpigmentation/69731f1a-ff7b-45ae-880b-a0aaac6efda0.jpg,close_up_facial,test,69731f1a-ff7b-45ae-880b-a0aaac6efda0.jpg,HAND-BOX ONLY (detector test set),False,,False,False
55daa5e2-fa42-4cec-bb7f-da75a5b54809_jpg.rf.030264156a69e43cebd53de79dfa3556.jpg,C:/Users/Bautista/Downloads/PrecisionSkin/Classes/Hyperpigmentation/55daa5e2-fa42-4cec-bb7f-da75a5b54809_jpg.rf.030264156a69e43cebd53de79dfa3556.jpg,close_up_facial,test,55daa5e2-fa42-4cec-bb7f-da75a5b54809_jpg,HAND-BOX ONLY (detector test set),False,,False,False
164_jpg.rf.80d45c9c6a220c975676e45759adc5d8.jpg,C:/Users/Bautista/Downloads/PrecisionSkin/Classes/Hyperpigmentation/164_jpg.rf.80d45c9c6a220c975676e45759adc5d8.jpg,partial_face,test,164_jpg,HAND-BOX ONLY (detector test set),True,Hyperpigmentation,True,True
237_left_png.rf.83e41317e979d5b814878da08bb99bde.jpg,C:/Users/Bautista/Downloads/PrecisionSkin/Classes/Hyperpigmentation/237_left_png.rf.83e41317e979d5b814878da08bb99bde.jpg,close_up_facial,test,237_left_png,HAND-BOX ONLY (detector test set),False,,True,True
image-21_jpg.rf.cfbe9b5298eae8d5d2b4191fcd12a022.jpg,C:/Users/Bautista/Downloads/PrecisionSkin/Classes/Hyperpigmentation/image-21_jpg.rf.cfbe9b5298eae8d5d2b4191fcd12a022.jpg,partial_face,test,image-21_jpg,HAND-BOX ONLY (detector test set),True,Hyperpigmentation,True,True
melasma-4_jpg.rf.35a7e0eea950d9a237f643cb253a2a35.jpg,C:/Users/Bautista/Downloads/PrecisionSkin/Classes/Hyperpigmentation/melasma-4_jpg.rf.35a7e0eea950d9a237f643cb253a2a35.jpg,full_face,test,melasma-4_jpg,HAND-BOX ONLY (detector test set),False,,True,True
aug_0_6805.jpg,C:/Users/Bautista/Downloads/PrecisionSkin/Classes/Hyperpigmentation/aug_0_6805.jpg,partial_face,test,aug_0_6805.jpg,HAND-BOX ONLY (detector test set),False,,False,False
128_jpg.rf.cb3b11ca1de5dd2c50c7b2f3a10fae2e.jpg,C:/Users/Bautista/Downloads/PrecisionSkin/Classes/Hyperpigmentation/128_jpg.rf.cb3b11ca1de5dd2c50c7b2f3a10fae2e.jpg,close_up_facial,test,128_jpg,HAND-BOX ONLY (detector test set),False,,True,True
46_jpg.rf.72d8c55eeaae814399b4eb0568861a26.jpg,C:/Users/Bautista/Downloads/PrecisionSkin/Classes/Hyperpigmentation/46_jpg.rf.72d8c55eeaae814399b4eb0568861a26.jpg,partial_face,test,46_jpg,HAND-BOX ONLY (detector test set),False,,True,True
m29_jpg.rf.1242166db619828b999d13511c787a80.jpg,C:/Users/Bautista/Downloads/PrecisionSkin/Classes/Hyperpigmentation/m29_jpg.rf.1242166db619828b999d13511c787a80.jpg,full_face,test,m29_jpg,HAND-BOX ONLY (detector test set),False,,True,True
aug_0_9009.jpg,C:/Users/Bautista/Downloads/PrecisionSkin/Classes/Hyperpigmentation/aug_0_9009.jpg,close_up_facial,test,aug_0_9009.jpg,HAND-BOX ONLY (detector test set),False,,False,False
aug_0_763.jpg,C:/Users/Bautista/Downloads/PrecisionSkin/Classes/Hyperpigmentation/aug_0_763.jpg,close_up_facial,test,aug_0_763.jpg,HAND-BOX ONLY (detector test set),False,,False,False
aug_0_9665.jpg,C:/Users/Bautista/Downloads/PrecisionSkin/Classes/Hyperpigmentation/aug_0_9665.jpg,partial_face,test,aug_0_9665.jpg,HAND-BOX ONLY (detector test set),False,,False,False
flan-9-_jpg.rf.29af0613c4998b631830188a671a0c7c.jpg,C:/Users/Bautista/Downloads/PrecisionSkin/Classes/Hyperpigmentation/flan-9-_jpg.rf.29af0613c4998b631830188a671a0c7c.jpg,close_up_facial,test,flan-9-_jpg,HAND-BOX ONLY (detector test set),True,Hyperpigmentation,True,True
101_jpg.rf.b74902af027417c64d3e8036410b6f54.jpg,C:/Users/Bautista/Downloads/PrecisionSkin/Classes/Hyperpigmentation/101_jpg.rf.b74902af027417c64d3e8036410b6f54.jpg,partial_face,test,101_jpg,HAND-BOX ONLY (detector test set),False,,False,False
25.jpg,C:/Users/Bautista/Downloads/PrecisionSkin/Classes/Hyperpigmentation/25.jpg,partial_face,test,25.jpg,HAND-BOX ONLY (detector test set),False,,False,False
144_jpg.rf.7728faa0b2b2e9ef5233092ea6c80ec5.jpg,C:/Users/Bautista/Downloads/PrecisionSkin/Classes/Hyperpigmentation/144_jpg.rf.7728faa0b2b2e9ef5233092ea6c80ec5.jpg,partial_face,test,144_jpg,HAND-BOX ONLY (detector test set),False,,True,True
image-11-1-_jpg.rf.fe033f9a4f328896844ac923f08091aa.jpg,C:/Users/Bautista/Downloads/PrecisionSkin/Classes/Hyperpigmentation/image-11-1-_jpg.rf.fe033f9a4f328896844ac923f08091aa.jpg,partial_face,test,image-11-1-_jpg,HAND-BOX ONLY (detector test set),True,Hyperpigmentation,True,True
2ed1ef53-c137-460c-959e-7bf7fe5f4f02_jpg.rf.dbb9cadb5ea06a5efc6b58dfb6a03017.jpg,C:/Users/Bautista/Downloads/PrecisionSkin/Classes/Hyperpigmentation/2ed1ef53-c137-460c-959e-7bf7fe5f4f02_jpg.rf.dbb9cadb5ea06a5efc6b58dfb6a03017.jpg,full_face,test,2ed1ef53-c137-460c-959e-7bf7fe5f4f02_jpg,HAND-BOX ONLY (detector test set),False,,False,False
c5f852a3-2482-436b-882a-dc449c836613.jpg,C:/Users/Bautista/Downloads/PrecisionSkin/Classes/Hyperpigmentation/c5f852a3-2482-436b-882a-dc449c836613.jpg,partial_face,test,c5f852a3-2482-436b-882a-dc449c836613.jpg,HAND-BOX ONLY (detector test set),False,,False,False
m1_jpg.rf.3b12bcc78c8614b839ef5046fa199b90.jpg,C:/Users/Bautista/Downloads/PrecisionSkin/Classes/Hyperpigmentation/m1_jpg.rf.3b12bcc78c8614b839ef5046fa199b90.jpg,close_up_facial,test,m1_jpg,HAND-BOX ONLY (detector test set),True,Hyperpigmentation,True,True
freckles-255-_jpg.rf.a27032a6706d7e58447293c752ff7549.jpg,C:/Users/Bautista/Downloads/PrecisionSkin/Classes/Hyperpigmentation/freckles-255-_jpg.rf.a27032a6706d7e58447293c752ff7549.jpg,partial_face,test,freckles-255-_jpg,HAND-BOX ONLY (detector test set),False,,True,True
166_left_jpg.rf.c2d5a086ad91a9a442ec23b8e45f7d78.jpg,C:/Users/Bautista/Downloads/PrecisionSkin/Classes/Hyperpigmentation/166_left_jpg.rf.c2d5a086ad91a9a442ec23b8e45f7d78.jpg,partial_face,test,166_left_jpg,HAND-BOX ONLY (detector test set),False,,True,True
aug_0_1119.jpg,C:/Users/Bautista/Downloads/PrecisionSkin/Classes/Hyperpigmentation/aug_0_1119.jpg,partial_face,test,aug_0_1119.jpg,HAND-BOX ONLY (detector test set),False,,False,False
aug_0_7755.jpg,C:/Users/Bautista/Downloads/PrecisionSkin/Classes/Hyperpigmentation/aug_0_7755.jpg,partial_face,test,aug_0_7755.jpg,HAND-BOX ONLY (detector test set),False,,False,False
m51_jpg.rf.6162f81c00a18651b8c0ac137ed6c809.jpg,C:/Users/Bautista/Downloads/PrecisionSkin/Classes/Hyperpigmentation/m51_jpg.rf.6162f81c00a18651b8c0ac137ed6c809.jpg,full_face,test,m51_jpg,HAND-BOX ONLY (detector test set),True,Hyperpigmentation,True,True
280_left_png.rf.1f7888b5364425dc90948978f54b7adc.jpg,C:/Users/Bautista/Downloads/PrecisionSkin/Classes/Hyperpigmentation/280_left_png.rf.1f7888b5364425dc90948978f54b7adc.jpg,partial_face,test,280_left_png,HAND-BOX ONLY (detector test set),True,Hyperpigmentation,True,True
aug_0_2689.jpg,C:/Users/Bautista/Downloads/PrecisionSkin/Classes/Hyperpigmentation/aug_0_2689.jpg,partial_face,test,aug_0_2689.jpg,HAND-BOX ONLY (detector test set),False,,False,False
54_jpg.rf.ad5a04df92773272c2cf37888a64ffed.jpg,C:/Users/Bautista/Downloads/PrecisionSkin/Classes/Hyperpigmentation/54_jpg.rf.ad5a04df92773272c2cf37888a64ffed.jpg,full_face,test,54_jpg,HAND-BOX ONLY (detector test set),True,Hyperpigmentation,True,True
aug_0_4373.jpg,C:/Users/Bautista/Downloads/PrecisionSkin/Classes/Hyperpigmentation/aug_0_4373.jpg,close_up_facial,test,aug_0_4373.jpg,HAND-BOX ONLY (detector test set),False,,False,False
aug_0_5546.jpg,C:/Users/Bautista/Downloads/PrecisionSkin/Classes/Hyperpigmentation/aug_0_5546.jpg,partial_face,test,aug_0_5546.jpg,HAND-BOX ONLY (detector test set),False,,False,False
aug_0_7672.jpg,C:/Users/Bautista/Downloads/PrecisionSkin/Classes/Hyperpigmentation/aug_0_7672.jpg,partial_face,test,aug_0_7672.jpg,HAND-BOX ONLY (detector test set),False,,False,False
Copy-of-melasma37_jpg.rf.16f87a9348da7177761bdce6d821b088.jpg,C:/Users/Bautista/Downloads/PrecisionSkin/Classes/Hyperpigmentation/Copy-of-melasma37_jpg.rf.16f87a9348da7177761bdce6d821b088.jpg,close_up_facial,test,copy-of-melasma37_jpg,HAND-BOX ONLY (detector test set),True,Hyperpigmentation,True,True
melasma47_jpg.rf.c397f913f9ec596d248876c82f300d79.jpg,C:/Users/Bautista/Downloads/PrecisionSkin/Classes/Hyperpigmentation/melasma47_jpg.rf.c397f913f9ec596d248876c82f300d79.jpg,partial_face,test,melasma47_jpg,HAND-BOX ONLY (detector test set),True,Hyperpigmentation,True,True
melasma15_jpg.rf.6a0d47c3615fbef173514287ab3c8845.jpg,C:/Users/Bautista/Downloads/PrecisionSkin/Classes/Hyperpigmentation/melasma15_jpg.rf.6a0d47c3615fbef173514287ab3c8845.jpg,close_up_facial,test,melasma15_jpg,HAND-BOX ONLY (detector test set),True,Hyperpigmentation,True,True
melasma12_png.rf.4fae81162b6d41c5e3e6ebc08b6d6f60.jpg,C:/Users/Bautista/Downloads/PrecisionSkin/Classes/Hyperpigmentation/melasma12_png.rf.4fae81162b6d41c5e3e6ebc08b6d6f60.jpg,full_face,test,melasma12_png,HAND-BOX ONLY (detector test set),False,,True,True
aug_0_3425.jpg,C:/Users/Bautista/Downloads/PrecisionSkin/Classes/Hyperpigmentation/aug_0_3425.jpg,partial_face,test,aug_0_3425.jpg,HAND-BOX ONLY (detector test set),False,,False,False
m51_jpg.rf.6a72a0e4f6fb636c75fb4fbeea1097eb.jpg,C:/Users/Bautista/Downloads/PrecisionSkin/Classes/Hyperpigmentation/m51_jpg.rf.6a72a0e4f6fb636c75fb4fbeea1097eb.jpg,full_face,test,m51_jpg,HAND-BOX ONLY (detector test set),False,,True,True
image-91-1-_jpg.rf.99a013c782365ab32e24231b04638d00.jpg,C:/Users/Bautista/Downloads/PrecisionSkin/Classes/Hyperpigmentation/image-91-1-_jpg.rf.99a013c782365ab32e24231b04638d00.jpg,partial_face,train,image-91-1-_jpg,pseudo-label + correct (training),True,Hyperpigmentation,True,True
28d57376-7104-46f9-9808-a677ad93d838.jpg,C:/Users/Bautista/Downloads/PrecisionSkin/Classes/Hyperpigmentation/28d57376-7104-46f9-9808-a677ad93d838.jpg,partial_face,test,28d57376-7104-46f9-9808-a677ad93d838.jpg,HAND-BOX ONLY (detector test set),True,Hyperpigmentation,False,True
image-22_jpg.rf.a0546c0d89e6c0771ada5491c4fdc2d9.jpg,C:/Users/Bautista/Downloads/PrecisionSkin/Classes/Hyperpigmentation/image-22_jpg.rf.a0546c0d89e6c0771ada5491c4fdc2d9.jpg,full_face,validation,image-22_jpg,pseudo-label + correct (validation),True,Hyperpigmentation,True,True
5.jpg,C:/Users/Bautista/Downloads/PrecisionSkin/Classes/Hyperpigmentation/5.jpg,partial_face,train,5.jpg,pseudo-label + correct (training),False,,True,True
3133-1-_jpg.rf.7b862335f1c23d04dd787c271bb16897.jpg,C:/Users/Bautista/Downloads/PrecisionSkin/Classes/Hyperpigmentation/3133-1-_jpg.rf.7b862335f1c23d04dd787c271bb16897.jpg,close_up_facial,train,3133-1-_jpg,pseudo-label + correct (training),True,Hyperpigmentation,True,True
image-98-1-_jpg.rf.fa36869949c5af2445de9f4254948fee.jpg,C:/Users/Bautista/Downloads/PrecisionSkin/Classes/Hyperpigmentation/image-98-1-_jpg.rf.fa36869949c5af2445de9f4254948fee.jpg,partial_face,validation,image-98-1-_jpg,pseudo-label + correct (validation),True,Hyperpigmentation,True,True
image-104-1-_jpg.rf.f852e091cf8434884b25eced11984fd5.jpg,C:/Users/Bautista/Downloads/PrecisionSkin/Classes/Hyperpigmentation/image-104-1-_jpg.rf.f852e091cf8434884b25eced11984fd5.jpg,close_up_facial,validation,image-104-1-_jpg,pseudo-label + correct (validation),True,Hyperpigmentation,True,True
104.jpg,C:/Users/Bautista/Downloads/PrecisionSkin/Classes/Hyperpigmentation/104.jpg,close_up_facial,train,104.jpg,pseudo-label + correct (training),True,Hyperpigmentation,True,True
image-79_jpg.rf.f9265b810908057d3071129f003006fc.jpg,C:/Users/Bautista/Downloads/PrecisionSkin/Classes/Hyperpigmentation/image-79_jpg.rf.f9265b810908057d3071129f003006fc.jpg,close_up_facial,test,image-79_jpg,HAND-BOX ONLY (detector test set),True,Hyperpigmentation,True,True
41.jpg,C:/Users/Bautista/Downloads/PrecisionSkin/Classes/Hyperpigmentation/41.jpg,partial_face,test,41.jpg,HAND-BOX ONLY (detector test set),False,,False,False
image-21_jpg.rf.fbf493a7152102d410f553e8f715ef18.jpg,C:/Users/Bautista/Downloads/PrecisionSkin/Classes/Hyperpigmentation/image-21_jpg.rf.fbf493a7152102d410f553e8f715ef18.jpg,partial_face,test,image-21_jpg,HAND-BOX ONLY (detector test set),True,Hyperpigmentation,True,True
image-56-1-_jpg.rf.54901c31fcdb67b432410c8517ba1f6b.jpg,C:/Users/Bautista/Downloads/PrecisionSkin/Classes/Hyperpigmentation/image-56-1-_jpg.rf.54901c31fcdb67b432410c8517ba1f6b.jpg,partial_face,test,image-56-1-_jpg,HAND-BOX ONLY (detector test set),True,Hyperpigmentation,True,True
image-26_jpg.rf.c421f84533fc05ceefcfcee2b7b8d283.jpg,C:/Users/Bautista/Downloads/PrecisionSkin/Classes/Hyperpigmentation/image-26_jpg.rf.c421f84533fc05ceefcfcee2b7b8d283.jpg,full_face,train,image-26_jpg,pseudo-label + correct (training),True,Hyperpigmentation,True,True
image-81-1-_jpg.rf.1d6e00c38a839f3bfe08e34b8201e6e9.jpg,C:/Users/Bautista/Downloads/PrecisionSkin/Classes/Hyperpigmentation/image-81-1-_jpg.rf.1d6e00c38a839f3bfe08e34b8201e6e9.jpg,close_up_facial,test,image-81-1-_jpg,HAND-BOX ONLY (detector test set),True,Hyperpigmentation,True,True
image-48-1-_jpg.rf.5828a867073e723c24a62f1818061cba.jpg,C:/Users/Bautista/Downloads/PrecisionSkin/Classes/Hyperpigmentation/image-48-1-_jpg.rf.5828a867073e723c24a62f1818061cba.jpg,partial_face,train,image-48-1-_jpg,pseudo-label + correct (training),True,Hyperpigmentation,True,True
3abac4b8-0219-4f6e-a2fb-732b5f7b91ed.jpg,C:/Users/Bautista/Downloads/PrecisionSkin/Classes/Hyperpigmentation/3abac4b8-0219-4f6e-a2fb-732b5f7b91ed.jpg,partial_face,train,3abac4b8-0219-4f6e-a2fb-732b5f7b91ed.jpg,pseudo-label + correct (training),False,,False,False
image-37_jpg.rf.4b4af50aec8b49515b3d7b99dc94d25f.jpg,C:/Users/Bautista/Downloads/PrecisionSkin/Classes/Hyperpigmentation/image-37_jpg.rf.4b4af50aec8b49515b3d7b99dc94d25f.jpg,full_face,test,image-37_jpg,HAND-BOX ONLY (detector test set),True,Hyperpigmentation,True,True
Copy-of-melasma31_jpg.rf.b320c86da889c37e3636cc4eaa3c34a5.jpg,C:/Users/Bautista/Downloads/PrecisionSkin/Classes/Hyperpigmentation/Copy-of-melasma31_jpg.rf.b320c86da889c37e3636cc4eaa3c34a5.jpg,close_up_facial,test,copy-of-melasma31_jpg,HAND-BOX ONLY (detector test set),True,Hyperpigmentation,True,True
Copy-of-melasma52_jpg.rf.1c29ebe399d53a55956a9b0b680815df.jpg,C:/Users/Bautista/Downloads/PrecisionSkin/Classes/Hyperpigmentation/Copy-of-melasma52_jpg.rf.1c29ebe399d53a55956a9b0b680815df.jpg,full_face,test,copy-of-melasma52_jpg,HAND-BOX ONLY (detector test set),True,Hyperpigmentation,True,True
0967f949-namtannhang_12_jpg.rf.10a3a1ab7c24ff5c93fdbebf10cf064d.jpg,C:/Users/Bautista/Downloads/PrecisionSkin/Classes/Hyperpigmentation/0967f949-namtannhang_12_jpg.rf.10a3a1ab7c24ff5c93fdbebf10cf064d.jpg,close_up_facial,validation,0967f949-namtannhang_12_jpg,pseudo-label + correct (validation),True,Hyperpigmentation,True,True
42.jpg,C:/Users/Bautista/Downloads/PrecisionSkin/Classes/Hyperpigmentation/42.jpg,partial_face,validation,42.jpg,pseudo-label + correct (validation),False,,True,True
6.jpg,C:/Users/Bautista/Downloads/PrecisionSkin/Classes/Hyperpigmentation/6.jpg,partial_face,validation,6.jpg,pseudo-label + correct (validation),False,,True,True
image-15_jpg.rf.e0fe5162000e9443bb0efc131bcf55d6.jpg,C:/Users/Bautista/Downloads/PrecisionSkin/Classes/Hyperpigmentation/image-15_jpg.rf.e0fe5162000e9443bb0efc131bcf55d6.jpg,partial_face,train,image-15_jpg,pseudo-label + correct (training),True,Hyperpigmentation,True,True
71.jpg,C:/Users/Bautista/Downloads/PrecisionSkin/Classes/Hyperpigmentation/71.jpg,partial_face,validation,71.jpg,pseudo-label + correct (validation),True,Hyperpigmentation,True,True
15.jpg,C:/Users/Bautista/Downloads/PrecisionSkin/Classes/Hyperpigmentation/15.jpg,partial_face,train,15.jpg,pseudo-label + correct (training),False,,True,True
image-46_jpg.rf.ee3eeeaadef726cd338c86dc93aa64d4.jpg,C:/Users/Bautista/Downloads/PrecisionSkin/Classes/Hyperpigmentation/image-46_jpg.rf.ee3eeeaadef726cd338c86dc93aa64d4.jpg,full_face,train,image-46_jpg,pseudo-label + correct (training),True,Hyperpigmentation,True,True
Copy-of-melasma49_jpg.rf.6bd4db17f71667c06780efa954bc722f.jpg,C:/Users/Bautista/Downloads/PrecisionSkin/Classes/Hyperpigmentation/Copy-of-melasma49_jpg.rf.6bd4db17f71667c06780efa954bc722f.jpg,close_up_facial,train,copy-of-melasma49_jpg,pseudo-label + correct (training),True,Hyperpigmentation,True,True
73.jpg,C:/Users/Bautista/Downloads/PrecisionSkin/Classes/Hyperpigmentation/73.jpg,partial_face,train,73.jpg,pseudo-label + correct (training),True,Hyperpigmentation,True,True
